sample_id,label,original_label,split,local_path,source_dataset,repository_url,dataset_card_url,source_revision,source_repo_file,source_url,original_id,source_group,group_strategy,split_method,declared_license,license_scope,license_evidence_url,is_synthetic,synthetic_basis,generator,source_file_sha256,raw_image_sha256,local_sha256,perceptual_dhash,mime,width,height,text_metadata,selection_seed,builder_version,label_audit_status
safe-07b05aeef7604b47,safe,Beauty,train,data/capstone_dataset/train/safe/safe-07b05aeef7604b47.jpg,EthanGabis/ADautoGen-DS,https://huggingface.co/datasets/EthanGabis/ADautoGen-DS,https://huggingface.co/datasets/EthanGabis/ADautoGen-DS/tree/fa7a7803265fc97926d7fab694bfc1e05c1fc7b4,fa7a7803265fc97926d7fab694bfc1e05c1fc7b4,data/train-00000-of-00001.parquet#row=36,https://huggingface.co/datasets/EthanGabis/ADautoGen-DS/resolve/fa7a7803265fc97926d7fab694bfc1e05c1fc7b4/data/train-00000-of-00001.parquet,36,adautogen-product::pulse-hair-serum-bottle,exact product_name; repeated product campaigns stay together,deterministic_source_group_partition,MIT,repository README statement; generated images have no per-row license field,https://huggingface.co/datasets/EthanGabis/ADautoGen-DS/blob/fa7a7803265fc97926d7fab694bfc1e05c1fc7b4/README.md#license,true,Dataset README states images were generated with Stable Diffusion v1.5,Stable Diffusion v1.5 (declared by source README),94eb1dad55a1d4e734529eaa7d96c7be8db31fdc8d7c030946a6ddc84b28accd,07b05aeef7604b475b826c28a1313feeefabe43ebb26896e4d4f3f7ac5050dd9,2d469e7a3c393ba7a7b8d46741907796baba0c825bab131f96d4d9063f7fdb36,000814344c0cb495,image/jpeg,512,512,"{""category"": ""Beauty"", ""product_name"": ""Pulse Hair Serum Bottle"", ""tagline"": ""Premium Hair Serum Bottle for remote workers"", ""target_audience"": ""remote workers"", ""text_source_model"": ""phi-2""}",462,1.0.0,source-derived label; no independent expert image audit
safe-086bd2772660f1b8,safe,Tech,train,data/capstone_dataset/train/safe/safe-086bd2772660f1b8.jpg,EthanGabis/ADautoGen-DS,https://huggingface.co/datasets/EthanGabis/ADautoGen-DS,https://huggingface.co/datasets/EthanGabis/ADautoGen-DS/tree/fa7a7803265fc97926d7fab694bfc1e05c1fc7b4,fa7a7803265fc97926d7fab694bfc1e05c1fc7b4,data/train-00000-of-00001.parquet#row=9,https://huggingface.co/datasets/EthanGabis/ADautoGen-DS/resolve/fa7a7803265fc97926d7fab694bfc1e05c1fc7b4/data/train-00000-of-00001.parquet,9,adautogen-product::nova-smart-watch,exact product_name; repeated product campaigns stay together,deterministic_source_group_partition,MIT,repository README statement; generated images have no per-row license field,https://huggingface.co/datasets/EthanGabis/ADautoGen-DS/blob/fa7a7803265fc97926d7fab694bfc1e05c1fc7b4/README.md#license,true,Dataset README states images were generated with Stable Diffusion v1.5,Stable Diffusion v1.5 (declared by source README),94eb1dad55a1d4e734529eaa7d96c7be8db31fdc8d7c030946a6ddc84b28accd,086bd2772660f1b886c1a0ede142813b2cc39a65b3e16e07e7035f36331c72f8,937826d238c3ac53cc7ec9bcea9d72de175574b4009005b249e37aeb8b1b47b5,1c1223636323323c,image/jpeg,512,512,"{""category"": ""Tech"", ""product_name"": ""Nova Smart Watch"", ""tagline"": ""Eco-Friendly Smart Watch for students"", ""target_audience"": ""students"", ""text_source_model"": ""phi-2""}",462,1.0.0,source-derived label; no independent expert image audit
safe-18fa439c53919884,safe,Food,train,data/capstone_dataset/train/safe/safe-18fa439c53919884.jpg,EthanGabis/ADautoGen-DS,https://huggingface.co/datasets/EthanGabis/ADautoGen-DS,https://huggingface.co/datasets/EthanGabis/ADautoGen-DS/tree/fa7a7803265fc97926d7fab694bfc1e05c1fc7b4,fa7a7803265fc97926d7fab694bfc1e05c1fc7b4,data/train-00000-of-00001.parquet#row=27,https://huggingface.co/datasets/EthanGabis/ADautoGen-DS/resolve/fa7a7803265fc97926d7fab694bfc1e05c1fc7b4/data/train-00000-of-00001.parquet,27,adautogen-product::aero-protein-bar,exact product_name; repeated product campaigns stay together,deterministic_source_group_partition,MIT,repository README statement; generated images have no per-row license field,https://huggingface.co/datasets/EthanGabis/ADautoGen-DS/blob/fa7a7803265fc97926d7fab694bfc1e05c1fc7b4/README.md#license,true,Dataset README states images were generated with Stable Diffusion v1.5,Stable Diffusion v1.5 (declared by source README),94eb1dad55a1d4e734529eaa7d96c7be8db31fdc8d7c030946a6ddc84b28accd,18fa439c53919884d3576321d707cffa0de758b7941a18ebb000019f7e8e3459,15f25860b9c24a39fe8b7ca271d39bfe4b357a614b714e248b81fec2217d5f9a,6c4c4c4e4ece8e8e,image/jpeg,512,512,"{""category"": ""Food"", ""product_name"": ""Aero Protein Bar"", ""tagline"": ""Eco-Friendly Protein Bar for young professionals"", ""target_audience"": ""young professionals"", ""text_source_model"": ""phi-2""}",462,1.0.0,source-derived label; no independent expert image audit
safe-1c9027c523e4a7fe,safe,Food,train,data/capstone_dataset/train/safe/safe-1c9027c523e4a7fe.jpg,EthanGabis/ADautoGen-DS,https://huggingface.co/datasets/EthanGabis/ADautoGen-DS,https://huggingface.co/datasets/EthanGabis/ADautoGen-DS/tree/fa7a7803265fc97926d7fab694bfc1e05c1fc7b4,fa7a7803265fc97926d7fab694bfc1e05c1fc7b4,data/train-00000-of-00001.parquet#row=61,https://huggingface.co/datasets/EthanGabis/ADautoGen-DS/resolve/fa7a7803265fc97926d7fab694bfc1e05c1fc7b4/data/train-00000-of-00001.parquet,61,adautogen-product::pulse-granola-snack,exact product_name; repeated product campaigns stay together,deterministic_source_group_partition,MIT,repository README statement; generated images have no per-row license field,https://huggingface.co/datasets/EthanGabis/ADautoGen-DS/blob/fa7a7803265fc97926d7fab694bfc1e05c1fc7b4/README.md#license,true,Dataset README states images were generated with Stable Diffusion v1.5,Stable Diffusion v1.5 (declared by source README),94eb1dad55a1d4e734529eaa7d96c7be8db31fdc8d7c030946a6ddc84b28accd,1c9027c523e4a7fef527d6f36a60d0f8b96d4a2d87a4002f74ec1f9847dfcaae,6782cc5f1c5a4e2b0b9ad04ebd3ffbf49fbf58af44512fb81cfb4bb92ea2ba96,5e2cb954f69cadab,image/jpeg,512,512,"{""category"": ""Food"", ""product_name"": ""Pulse Granola Snack"", ""tagline"": ""\""Snack smarter with Pulse - Earth-friendly granola goodness that's perfect for b"", ""target_audience"": ""busy parents"", ""text_source_model"": ""qwen-1.8b""}",462,1.0.0,source-derived label; no independent expert image audit
safe-243bf86a30a6fe62,safe,Food,train,data/capstone_dataset/train/safe/safe-243bf86a30a6fe62.jpg,EthanGabis/ADautoGen-DS,https://huggingface.co/datasets/EthanGabis/ADautoGen-DS,https://huggingface.co/datasets/EthanGabis/ADautoGen-DS/tree/fa7a7803265fc97926d7fab694bfc1e05c1fc7b4,fa7a7803265fc97926d7fab694bfc1e05c1fc7b4,data/train-00000-of-00001.parquet#row=66,https://huggingface.co/datasets/EthanGabis/ADautoGen-DS/resolve/fa7a7803265fc97926d7fab694bfc1e05c1fc7b4/data/train-00000-of-00001.parquet,66,adautogen-product::pulse-sparkling-water-bottle,exact product_name; repeated product campaigns stay together,deterministic_source_group_partition,MIT,repository README statement; generated images have no per-row license field,https://huggingface.co/datasets/EthanGabis/ADautoGen-DS/blob/fa7a7803265fc97926d7fab694bfc1e05c1fc7b4/README.md#license,true,Dataset README states images were generated with Stable Diffusion v1.5,Stable Diffusion v1.5 (declared by source README),94eb1dad55a1d4e734529eaa7d96c7be8db31fdc8d7c030946a6ddc84b28accd,243bf86a30a6fe624eef9a62889b86c80e4e0a7be35d492a6a836d836561f2d7,c00ac4ab74e3ab40f3108fa9ad45ccca10d89a7ea334c4356e5e44d509dccdb5,0f1b4b494b4a4833,image/jpeg,512,512,"{""category"": ""Food"", ""product_name"": ""Pulse Sparkling Water Bottle"", ""tagline"": ""\""Stay hydrated, stay productive with Pulse's sparkling water bottle - the ultima"", ""target_audience"": ""remote workers"", ""text_source_model"": ""qwen-1.8b""}",462,1.0.0,source-derived label; no independent expert image audit
safe-253da52f68cc386f,safe,Food,train,data/capstone_dataset/train/safe/safe-253da52f68cc386f.jpg,EthanGabis/ADautoGen-DS,https://huggingface.co/datasets/EthanGabis/ADautoGen-DS,https://huggingface.co/datasets/EthanGabis/ADautoGen-DS/tree/fa7a7803265fc97926d7fab694bfc1e05c1fc7b4,fa7a7803265fc97926d7fab694bfc1e05c1fc7b4,data/train-00000-of-00001.parquet#row=89,https://huggingface.co/datasets/EthanGabis/ADautoGen-DS/resolve/fa7a7803265fc97926d7fab694bfc1e05c1fc7b4/data/train-00000-of-00001.parquet,89,adautogen-product::aero-protein-bar,exact product_name; repeated product campaigns stay together,deterministic_source_group_partition,MIT,repository README statement; generated images have no per-row license field,https://huggingface.co/datasets/EthanGabis/ADautoGen-DS/blob/fa7a7803265fc97926d7fab694bfc1e05c1fc7b4/README.md#license,true,Dataset README states images were generated with Stable Diffusion v1.5,Stable Diffusion v1.5 (declared by source README),94eb1dad55a1d4e734529eaa7d96c7be8db31fdc8d7c030946a6ddc84b28accd,253da52f68cc386f17a0b369e352fd3a153c30e6b841a1bf2a27b764e1039e10,5439800d8f614b8201de8cab7dae99e374344d550f41481f85ad8accc489cf1d,6b9fa7bcccf43c1f,image/jpeg,512,512,"{""category"": ""Food"", ""product_name"": ""Aero Protein Bar"", ""tagline"": ""Eco-Friendly. Built for students."", ""target_audience"": ""students"", ""text_source_model"": ""tinyllama""}",462,1.0.0,source-derived label; no independent expert image audit
safe-303211596a97b69b,safe,Food,train,data/capstone_dataset/train/safe/safe-303211596a97b69b.jpg,EthanGabis/ADautoGen-DS,https://huggingface.co/datasets/EthanGabis/ADautoGen-DS,https://huggingface.co/datasets/EthanGabis/ADautoGen-DS/tree/fa7a7803265fc97926d7fab694bfc1e05c1fc7b4,fa7a7803265fc97926d7fab694bfc1e05c1fc7b4,data/train-00000-of-00001.parquet#row=0,https://huggingface.co/datasets/EthanGabis/ADautoGen-DS/resolve/fa7a7803265fc97926d7fab694bfc1e05c1fc7b4/data/train-00000-of-00001.parquet,0,adautogen-product::bloom-iced-coffee-can,exact product_name; repeated product campaigns stay together,deterministic_source_group_partition,MIT,repository README statement; generated images have no per-row license field,https://huggingface.co/datasets/EthanGabis/ADautoGen-DS/blob/fa7a7803265fc97926d7fab694bfc1e05c1fc7b4/README.md#license,true,Dataset README states images were generated with Stable Diffusion v1.5,Stable Diffusion v1.5 (declared by source README),94eb1dad55a1d4e734529eaa7d96c7be8db31fdc8d7c030946a6ddc84b28accd,303211596a97b69b0817664b67595492f8533daf6702a00d589c79dc84ba4c5f,d3a2044572a07cae9758f10fdb147900c06d7931c7ff3ef8b2b0144fbd571ec3,6c2f13933373b31a,image/jpeg,512,512,"{""category"": ""Food"", ""product_name"": ""Bloom Iced Coffee Can"", ""tagline"": ""Long-Lasting Iced Coffee Can for remote workers"", ""target_audience"": ""remote workers"", ""text_source_model"": ""phi-2""}",462,1.0.0,source-derived label; no independent expert image audit
safe-32993ba9b9223c38,safe,Food,train,data/capstone_dataset/train/safe/safe-32993ba9b9223c38.jpg,EthanGabis/ADautoGen-DS,https://huggingface.co/datasets/EthanGabis/ADautoGen-DS,https://huggingface.co/datasets/EthanGabis/ADautoGen-DS/tree/fa7a7803265fc97926d7fab694bfc1e05c1fc7b4,fa7a7803265fc97926d7fab694bfc1e05c1fc7b4,data/train-00000-of-00001.parquet#row=108,https://huggingface.co/datasets/EthanGabis/ADautoGen-DS/resolve/fa7a7803265fc97926d7fab694bfc1e05c1fc7b4/data/train-00000-of-00001.parquet,108,adautogen-product::aero-protein-bar,exact product_name; repeated product campaigns stay together,deterministic_source_group_partition,MIT,repository README statement; generated images have no per-row license field,https://huggingface.co/datasets/EthanGabis/ADautoGen-DS/blob/fa7a7803265fc97926d7fab694bfc1e05c1fc7b4/README.md#license,true,Dataset README states images were generated with Stable Diffusion v1.5,Stable Diffusion v1.5 (declared by source README),94eb1dad55a1d4e734529eaa7d96c7be8db31fdc8d7c030946a6ddc84b28accd,32993ba9b9223c388214e72975d5105f67f297dc76e7f3bf8889ebbc9c5c16f6,df393bed80487e0485607b470be9eacdb5b08f5cabe43a5f06d21474b614bda0,281450665c596300,image/jpeg,512,512,"{""category"": ""Food"", ""product_name"": ""Aero Protein Bar"", ""tagline"": ""Compact. Built for remote workers."", ""target_audience"": ""remote workers"", ""text_source_model"": ""tinyllama""}",462,1.0.0,source-derived label; no independent expert image audit
safe-3b8bb23ab98f2d77,safe,Tech,train,data/capstone_dataset/train/safe/safe-3b8bb23ab98f2d77.jpg,EthanGabis/ADautoGen-DS,https://huggingface.co/datasets/EthanGabis/ADautoGen-DS,https://huggingface.co/datasets/EthanGabis/ADautoGen-DS/tree/fa7a7803265fc97926d7fab694bfc1e05c1fc7b4,fa7a7803265fc97926d7fab694bfc1e05c1fc7b4,data/train-00000-of-00001.parquet#row=13,https://huggingface.co/datasets/EthanGabis/ADautoGen-DS/resolve/fa7a7803265fc97926d7fab694bfc1e05c1fc7b4/data/train-00000-of-00001.parquet,13,adautogen-product::bloom-smart-watch,exact product_name; repeated product campaigns stay together,deterministic_source_group_partition,MIT,repository README statement; generated images have no per-row license field,https://huggingface.co/datasets/EthanGabis/ADautoGen-DS/blob/fa7a7803265fc97926d7fab694bfc1e05c1fc7b4/README.md#license,true,Dataset README states images were generated with Stable Diffusion v1.5,Stable Diffusion v1.5 (declared by source README),94eb1dad55a1d4e734529eaa7d96c7be8db31fdc8d7c030946a6ddc84b28accd,3b8bb23ab98f2d77fec62717d7b16a7f184f475e6f2860a35fef6d090ac64afe,6e62c07ea67cf65564de81322f833cbebb544ff06893690f80de25ec6af67b12,3e9ce4a496c4b4cc,image/jpeg,512,512,"{""category"": ""Tech"", ""product_name"": ""Bloom Smart Watch"", ""tagline"": ""Premium Smart Watch for remote workers"", ""target_audience"": ""remote workers"", ""text_source_model"": ""phi-2""}",462,1.0.0,source-derived label; no independent expert image audit
safe-41d4adcf6b36a4e7,safe,Home,train,data/capstone_dataset/train/safe/safe-41d4adcf6b36a4e7.jpg,EthanGabis/ADautoGen-DS,https://huggingface.co/datasets/EthanGabis/ADautoGen-DS,https://huggingface.co/datasets/EthanGabis/ADautoGen-DS/tree/fa7a7803265fc97926d7fab694bfc1e05c1fc7b4,fa7a7803265fc97926d7fab694bfc1e05c1fc7b4,data/train-00000-of-00001.parquet#row=90,https://huggingface.co/datasets/EthanGabis/ADautoGen-DS/resolve/fa7a7803265fc97926d7fab694bfc1e05c1fc7b4/data/train-00000-of-00001.parquet,90,adautogen-product::bloom-plant-pot,exact product_name; repeated product campaigns stay together,deterministic_source_group_partition,MIT,repository README statement; generated images have no per-row license field,https://huggingface.co/datasets/EthanGabis/ADautoGen-DS/blob/fa7a7803265fc97926d7fab694bfc1e05c1fc7b4/README.md#license,true,Dataset README states images were generated with Stable Diffusion v1.5,Stable Diffusion v1.5 (declared by source README),94eb1dad55a1d4e734529eaa7d96c7be8db31fdc8d7c030946a6ddc84b28accd,41d4adcf6b36a4e7596d0c8a8ecab2070973bdefb4373bc2401194766dd08f0a,90edcd61c85ec71c4f6b24456e9c3c0b9b49690c88889ed6c5564af2370315a2,ffef71b13b591c13,image/jpeg,512,512,"{""category"": ""Home"", ""product_name"": ""Bloom Plant Pot"", ""tagline"": ""Eco-Friendly. Built for students."", ""target_audience"": ""students"", ""text_source_model"": ""tinyllama""}",462,1.0.0,source-derived label; no independent expert image audit
safe-4b98da29e8cfbb47,safe,Home,train,data/capstone_dataset/train/safe/safe-4b98da29e8cfbb47.jpg,EthanGabis/ADautoGen-DS,https://huggingface.co/datasets/EthanGabis/ADautoGen-DS,https://huggingface.co/datasets/EthanGabis/ADautoGen-DS/tree/fa7a7803265fc97926d7fab694bfc1e05c1fc7b4,fa7a7803265fc97926d7fab694bfc1e05c1fc7b4,data/train-00000-of-00001.parquet#row=91,https://huggingface.co/datasets/EthanGabis/ADautoGen-DS/resolve/fa7a7803265fc97926d7fab694bfc1e05c1fc7b4/data/train-00000-of-00001.parquet,91,adautogen-product::aero-travel-mug,exact product_name; repeated product campaigns stay together,deterministic_source_group_partition,MIT,repository README statement; generated images have no per-row license field,https://huggingface.co/datasets/EthanGabis/ADautoGen-DS/blob/fa7a7803265fc97926d7fab694bfc1e05c1fc7b4/README.md#license,true,Dataset README states images were generated with Stable Diffusion v1.5,Stable Diffusion v1.5 (declared by source README),94eb1dad55a1d4e734529eaa7d96c7be8db31fdc8d7c030946a6ddc84b28accd,4b98da29e8cfbb476f3ed442797fb8a62c54de1b5230f4291ae298c1fa96e384,0a118c5d1476188d376be0378951374ceec13651099c54058d4b30b89f0b19b1,2c4cd6a6273646c6,image/jpeg,512,512,"{""category"": ""Home"", ""product_name"": ""Aero Travel Mug"", ""tagline"": ""Eco-Friendly. Built for students."", ""target_audience"": ""students"", ""text_source_model"": ""tinyllama""}",462,1.0.0,source-derived label; no independent expert image audit
safe-5572c20ee7c8fc4e,safe,Tech,train,data/capstone_dataset/train/safe/safe-5572c20ee7c8fc4e.jpg,EthanGabis/ADautoGen-DS,https://huggingface.co/datasets/EthanGabis/ADautoGen-DS,https://huggingface.co/datasets/EthanGabis/ADautoGen-DS/tree/fa7a7803265fc97926d7fab694bfc1e05c1fc7b4,fa7a7803265fc97926d7fab694bfc1e05c1fc7b4,data/train-00000-of-00001.parquet#row=85,https://huggingface.co/datasets/EthanGabis/ADautoGen-DS/resolve/fa7a7803265fc97926d7fab694bfc1e05c1fc7b4/data/train-00000-of-00001.parquet,85,adautogen-product::nova-bluetooth-speaker,exact product_name; repeated product campaigns stay together,deterministic_source_group_partition,MIT,repository README statement; generated images have no per-row license field,https://huggingface.co/datasets/EthanGabis/ADautoGen-DS/blob/fa7a7803265fc97926d7fab694bfc1e05c1fc7b4/README.md#license,true,Dataset README states images were generated with Stable Diffusion v1.5,Stable Diffusion v1.5 (declared by source README),94eb1dad55a1d4e734529eaa7d96c7be8db31fdc8d7c030946a6ddc84b28accd,5572c20ee7c8fc4e184210bd0e97a5130f43d001c9dcc4ce516ac283a8c22737,e90d91507327ff74b01ee168945b5a41d077de49b9a63838cd8bd6323270d908,000000020202163e,image/jpeg,512,512,"{""category"": ""Tech"", ""product_name"": ""Nova Bluetooth Speaker"", ""tagline"": ""Eco-Friendly. Built for students."", ""target_audience"": ""students"", ""text_source_model"": ""tinyllama""}",462,1.0.0,source-derived label; no independent expert image audit
safe-5d94f79eecff2b57,safe,Home,train,data/capstone_dataset/train/safe/safe-5d94f79eecff2b57.jpg,EthanGabis/ADautoGen-DS,https://huggingface.co/datasets/EthanGabis/ADautoGen-DS,https://huggingface.co/datasets/EthanGabis/ADautoGen-DS/tree/fa7a7803265fc97926d7fab694bfc1e05c1fc7b4,fa7a7803265fc97926d7fab694bfc1e05c1fc7b4,data/train-00000-of-00001.parquet#row=106,https://huggingface.co/datasets/EthanGabis/ADautoGen-DS/resolve/fa7a7803265fc97926d7fab694bfc1e05c1fc7b4/data/train-00000-of-00001.parquet,106,adautogen-product::aero-travel-mug,exact product_name; repeated product campaigns stay together,deterministic_source_group_partition,MIT,repository README statement; generated images have no per-row license field,https://huggingface.co/datasets/EthanGabis/ADautoGen-DS/blob/fa7a7803265fc97926d7fab694bfc1e05c1fc7b4/README.md#license,true,Dataset README states images were generated with Stable Diffusion v1.5,Stable Diffusion v1.5 (declared by source README),94eb1dad55a1d4e734529eaa7d96c7be8db31fdc8d7c030946a6ddc84b28accd,5d94f79eecff2b5776661e0f5b30e6e411f31d538db990d372f9dd800ed555bf,7cf6f44b5061bd5b0daade7ab856c0f70b86735ac941dffe610fef04347b34ad,47a2b099db4c2d39,image/jpeg,512,512,"{""category"": ""Home"", ""product_name"": ""Aero Travel Mug"", ""tagline"": ""Long-Lasting. Built for young professionals."", ""target_audience"": ""young professionals"", ""text_source_model"": ""tinyllama""}",462,1.0.0,source-derived label; no independent expert image audit
safe-66839fd70731a31e,safe,Home,train,data/capstone_dataset/train/safe/safe-66839fd70731a31e.jpg,EthanGabis/ADautoGen-DS,https://huggingface.co/datasets/EthanGabis/ADautoGen-DS,https://huggingface.co/datasets/EthanGabis/ADautoGen-DS/tree/fa7a7803265fc97926d7fab694bfc1e05c1fc7b4,fa7a7803265fc97926d7fab694bfc1e05c1fc7b4,data/train-00000-of-00001.parquet#row=47,https://huggingface.co/datasets/EthanGabis/ADautoGen-DS/resolve/fa7a7803265fc97926d7fab694bfc1e05c1fc7b4/data/train-00000-of-00001.parquet,47,adautogen-product::nova-plant-pot,exact product_name; repeated product campaigns stay together,deterministic_source_group_partition,MIT,repository README statement; generated images have no per-row license field,https://huggingface.co/datasets/EthanGabis/ADautoGen-DS/blob/fa7a7803265fc97926d7fab694bfc1e05c1fc7b4/README.md#license,true,Dataset README states images were generated with Stable Diffusion v1.5,Stable Diffusion v1.5 (declared by source README),94eb1dad55a1d4e734529eaa7d96c7be8db31fdc8d7c030946a6ddc84b28accd,66839fd70731a31ea62ed9b0b9249bf3db070fc1a80ca02d0e1da6735d944af0,8ee295953f1242f84ba668141f6af07997fbbfa8122bd6c51726f1517cefc8d2,00000112b2292992,image/jpeg,512,512,"{""category"": ""Home"", ""product_name"": ""Nova Plant Pot"", ""tagline"": ""\""Grow with the power of the cloud - our lightweight plant pot makes\u8fdc\u7a0b\u5de5\u4f5c effortle"", ""target_audience"": ""remote workers"", ""text_source_model"": ""qwen-1.8b""}",462,1.0.0,source-derived label; no independent expert image audit
safe-66a2b56878347f10,safe,Beauty,train,data/capstone_dataset/train/safe/safe-66a2b56878347f10.jpg,EthanGabis/ADautoGen-DS,https://huggingface.co/datasets/EthanGabis/ADautoGen-DS,https://huggingface.co/datasets/EthanGabis/ADautoGen-DS/tree/fa7a7803265fc97926d7fab694bfc1e05c1fc7b4,fa7a7803265fc97926d7fab694bfc1e05c1fc7b4,data/train-00000-of-00001.parquet#row=12,https://huggingface.co/datasets/EthanGabis/ADautoGen-DS/resolve/fa7a7803265fc97926d7fab694bfc1e05c1fc7b4/data/train-00000-of-00001.parquet,12,adautogen-product::pulse-lip-balm-stick,exact product_name; repeated product campaigns stay together,deterministic_source_group_partition,MIT,repository README statement; generated images have no per-row license field,https://huggingface.co/datasets/EthanGabis/ADautoGen-DS/blob/fa7a7803265fc97926d7fab694bfc1e05c1fc7b4/README.md#license,true,Dataset README states images were generated with Stable Diffusion v1.5,Stable Diffusion v1.5 (declared by source README),94eb1dad55a1d4e734529eaa7d96c7be8db31fdc8d7c030946a6ddc84b28accd,66a2b56878347f10dc3eb322c1bbba00212331773d997565a50a541d0a71c974,e4f03ed8e7fe853d2c58745c341a7d26f1b7c983b530d3381d26cf5141e57cdb,0403030b0b6b6b0b,image/jpeg,512,512,"{""category"": ""Beauty"", ""product_name"": ""Pulse Lip Balm Stick"", ""tagline"": ""Premium Lip Balm Stick for students"", ""target_audience"": ""students"", ""text_source_model"": ""phi-2""}",462,1.0.0,source-derived label; no independent expert image audit
safe-70e366d283c4447c,safe,Food,train,data/capstone_dataset/train/safe/safe-70e366d283c4447c.jpg,EthanGabis/ADautoGen-DS,https://huggingface.co/datasets/EthanGabis/ADautoGen-DS,https://huggingface.co/datasets/EthanGabis/ADautoGen-DS/tree/fa7a7803265fc97926d7fab694bfc1e05c1fc7b4,fa7a7803265fc97926d7fab694bfc1e05c1fc7b4,data/train-00000-of-00001.parquet#row=56,https://huggingface.co/datasets/EthanGabis/ADautoGen-DS/resolve/fa7a7803265fc97926d7fab694bfc1e05c1fc7b4/data/train-00000-of-00001.parquet,56,adautogen-product::nova-iced-coffee-can,exact product_name; repeated product campaigns stay together,deterministic_source_group_partition,MIT,repository README statement; generated images have no per-row license field,https://huggingface.co/datasets/EthanGabis/ADautoGen-DS/blob/fa7a7803265fc97926d7fab694bfc1e05c1fc7b4/README.md#license,true,Dataset README states images were generated with Stable Diffusion v1.5,Stable Diffusion v1.5 (declared by source README),94eb1dad55a1d4e734529eaa7d96c7be8db31fdc8d7c030946a6ddc84b28accd,70e366d283c4447cbb0e4091beecc6ff53586c7147a3434d8d8c56bf9bc47b2f,050c1cc50bb70ccf5fc15b90c0913afbd159dab34fb645988526dfd15a5e97fc,0f170f0b1674ec1b,image/jpeg,512,512,"{""category"": ""Food"", ""product_name"": ""Nova Iced Coffee Can"", ""tagline"": ""\""Quench your caffeine fix with Nova's premium iced coffee can - the perfect blen"", ""target_audience"": ""young professionals"", ""text_source_model"": ""qwen-1.8b""}",462,1.0.0,source-derived label; no independent expert image audit
safe-7934c0eb6158c3ec,safe,Tech,train,data/capstone_dataset/train/safe/safe-7934c0eb6158c3ec.jpg,EthanGabis/ADautoGen-DS,https://huggingface.co/datasets/EthanGabis/ADautoGen-DS,https://huggingface.co/datasets/EthanGabis/ADautoGen-DS/tree/fa7a7803265fc97926d7fab694bfc1e05c1fc7b4,fa7a7803265fc97926d7fab694bfc1e05c1fc7b4,data/train-00000-of-00001.parquet#row=25,https://huggingface.co/datasets/EthanGabis/ADautoGen-DS/resolve/fa7a7803265fc97926d7fab694bfc1e05c1fc7b4/data/train-00000-of-00001.parquet,25,adautogen-product::pulse-mini-projector,exact product_name; repeated product campaigns stay together,deterministic_source_group_partition,MIT,repository README statement; generated images have no per-row license field,https://huggingface.co/datasets/EthanGabis/ADautoGen-DS/blob/fa7a7803265fc97926d7fab694bfc1e05c1fc7b4/README.md#license,true,Dataset README states images were generated with Stable Diffusion v1.5,Stable Diffusion v1.5 (declared by source README),94eb1dad55a1d4e734529eaa7d96c7be8db31fdc8d7c030946a6ddc84b28accd,7934c0eb6158c3ec937e0cea6b7823b03ff1290000158f15746574dcc8785449,48038c08e41024b199053cfe49ef6fc331b2a1f79d9b3b317afd978daeda0bbe,07791e06e608c061,image/jpeg,512,512,"{""category"": ""Tech"", ""product_name"": ""Pulse Mini Projector"", ""tagline"": ""Compact Mini Projector for fitness lovers"", ""target_audience"": ""fitness lovers"", ""text_source_model"": ""phi-2""}",462,1.0.0,source-derived label; no independent expert image audit
safe-79ed9ef28c939ed1,safe,Home,train,data/capstone_dataset/train/safe/safe-79ed9ef28c939ed1.jpg,EthanGabis/ADautoGen-DS,https://huggingface.co/datasets/EthanGabis/ADautoGen-DS,https://huggingface.co/datasets/EthanGabis/ADautoGen-DS/tree/fa7a7803265fc97926d7fab694bfc1e05c1fc7b4,fa7a7803265fc97926d7fab694bfc1e05c1fc7b4,data/train-00000-of-00001.parquet#row=60,https://huggingface.co/datasets/EthanGabis/ADautoGen-DS/resolve/fa7a7803265fc97926d7fab694bfc1e05c1fc7b4/data/train-00000-of-00001.parquet,60,adautogen-product::nova-scented-candle,exact product_name; repeated product campaigns stay together,deterministic_source_group_partition,MIT,repository README statement; generated images have no per-row license field,https://huggingface.co/datasets/EthanGabis/ADautoGen-DS/blob/fa7a7803265fc97926d7fab694bfc1e05c1fc7b4/README.md#license,true,Dataset README states images were generated with Stable Diffusion v1.5,Stable Diffusion v1.5 (declared by source README),94eb1dad55a1d4e734529eaa7d96c7be8db31fdc8d7c030946a6ddc84b28accd,79ed9ef28c939ed138b4adf829c1fecf881a43abe3f2b1f108c06970c823aba5,63ef9b282fd4eb7fe10d8cb2e0ec377ff2d9e96be98eb7df46104dfb30cac836,ffffcdf173f3fbfe,image/jpeg,512,512,"{""category"": ""Home"", ""product_name"": ""Nova Scented Candle"", ""tagline"": ""\""Power up your home with the ultimate scent of luxury - Nova's premium scented c"", ""target_audience"": ""busy parents"", ""text_source_model"": ""qwen-1.8b""}",462,1.0.0,source-derived label; no independent expert image audit
safe-7ce9f14d0bc3d7f8,safe,Home,train,data/capstone_dataset/train/safe/safe-7ce9f14d0bc3d7f8.jpg,EthanGabis/ADautoGen-DS,https://huggingface.co/datasets/EthanGabis/ADautoGen-DS,https://huggingface.co/datasets/EthanGabis/ADautoGen-DS/tree/fa7a7803265fc97926d7fab694bfc1e05c1fc7b4,fa7a7803265fc97926d7fab694bfc1e05c1fc7b4,data/train-00000-of-00001.parquet#row=82,https://huggingface.co/datasets/EthanGabis/ADautoGen-DS/resolve/fa7a7803265fc97926d7fab694bfc1e05c1fc7b4/data/train-00000-of-00001.parquet,82,adautogen-product::bloom-travel-mug,exact product_name; repeated product campaigns stay together,deterministic_source_group_partition,MIT,repository README statement; generated images have no per-row license field,https://huggingface.co/datasets/EthanGabis/ADautoGen-DS/blob/fa7a7803265fc97926d7fab694bfc1e05c1fc7b4/README.md#license,true,Dataset README states images were generated with Stable Diffusion v1.5,Stable Diffusion v1.5 (declared by source README),94eb1dad55a1d4e734529eaa7d96c7be8db31fdc8d7c030946a6ddc84b28accd,7ce9f14d0bc3d7f8546789db25d7d82ded57c32dcb24b9859723d1b2785b4830,77445b84437b68f5a4ab77dcb85b060da1887242ac9d868d0678c7495a9656a9,1915266666661419,image/jpeg,512,512,"{""category"": ""Home"", ""product_name"": ""Bloom Travel Mug"", ""tagline"": ""Eco-Friendly. Built for remote workers."", ""target_audience"": ""remote workers"", ""text_source_model"": ""tinyllama""}",462,1.0.0,source-derived label; no independent expert image audit
safe-7e7d4b5594e60bbe,safe,Fitness,train,data/capstone_dataset/train/safe/safe-7e7d4b5594e60bbe.jpg,EthanGabis/ADautoGen-DS,https://huggingface.co/datasets/EthanGabis/ADautoGen-DS,https://huggingface.co/datasets/EthanGabis/ADautoGen-DS/tree/fa7a7803265fc97926d7fab694bfc1e05c1fc7b4,fa7a7803265fc97926d7fab694bfc1e05c1fc7b4,data/train-00000-of-00001.parquet#row=19,https://huggingface.co/datasets/EthanGabis/ADautoGen-DS/resolve/fa7a7803265fc97926d7fab694bfc1e05c1fc7b4/data/train-00000-of-00001.parquet,19,adautogen-product::bloom-resistance-bands,exact product_name; repeated product campaigns stay together,deterministic_source_group_partition,MIT,repository README statement; generated images have no per-row license field,https://huggingface.co/datasets/EthanGabis/ADautoGen-DS/blob/fa7a7803265fc97926d7fab694bfc1e05c1fc7b4/README.md#license,true,Dataset README states images were generated with Stable Diffusion v1.5,Stable Diffusion v1.5 (declared by source README),94eb1dad55a1d4e734529eaa7d96c7be8db31fdc8d7c030946a6ddc84b28accd,7e7d4b5594e60bbeee30571e926ffbc82ffb05282e44d4fbb5e27bb2cb843b5d,b09f5c0f361976a08c1e677981aedae5fbf153d19da3b5e238556b03a82b44db,80c070a0b0302000,image/jpeg,512,512,"{""category"": ""Fitness"", ""product_name"": ""Bloom Resistance Bands"", ""tagline"": ""Lightweight Resistance Bands for young professionals"", ""target_audience"": ""young professionals"", ""text_source_model"": ""phi-2""}",462,1.0.0,source-derived label; no independent expert image audit
safe-81677abb7b1d50cc,safe,Beauty,train,data/capstone_dataset/train/safe/safe-81677abb7b1d50cc.jpg,EthanGabis/ADautoGen-DS,https://huggingface.co/datasets/EthanGabis/ADautoGen-DS,https://huggingface.co/datasets/EthanGabis/ADautoGen-DS/tree/fa7a7803265fc97926d7fab694bfc1e05c1fc7b4,fa7a7803265fc97926d7fab694bfc1e05c1fc7b4,data/train-00000-of-00001.parquet#row=76,https://huggingface.co/datasets/EthanGabis/ADautoGen-DS/resolve/fa7a7803265fc97926d7fab694bfc1e05c1fc7b4/data/train-00000-of-00001.parquet,76,adautogen-product::lumen-sunscreen-tube,exact product_name; repeated product campaigns stay together,deterministic_source_group_partition,MIT,repository README statement; generated images have no per-row license field,https://huggingface.co/datasets/EthanGabis/ADautoGen-DS/blob/fa7a7803265fc97926d7fab694bfc1e05c1fc7b4/README.md#license,true,Dataset README states images were generated with Stable Diffusion v1.5,Stable Diffusion v1.5 (declared by source README),94eb1dad55a1d4e734529eaa7d96c7be8db31fdc8d7c030946a6ddc84b28accd,81677abb7b1d50cc8b92294e6d11a1afbbb241311e2a56b8a830ffc815a63807,8c731a8dc894cc33bb25e7bcb3df82f7473dbd115a2bef9a8174790ad2bcf48b,0201040404000e00,image/jpeg,512,512,"{""category"": ""Beauty"", ""product_name"": ""Lumen Sunscreen Tube"", ""tagline"": ""\""Unleash the Sun's Power with Lumen's Eco-Friendly Sunscreen Tube - The Remote W"", ""target_audience"": ""remote workers"", ""text_source_model"": ""qwen-1.8b""}",462,1.0.0,source-derived label; no independent expert image audit
safe-85cc1b9eaf067f8f,safe,Food,train,data/capstone_dataset/train/safe/safe-85cc1b9eaf067f8f.jpg,EthanGabis/ADautoGen-DS,https://huggingface.co/datasets/EthanGabis/ADautoGen-DS,https://huggingface.co/datasets/EthanGabis/ADautoGen-DS/tree/fa7a7803265fc97926d7fab694bfc1e05c1fc7b4,fa7a7803265fc97926d7fab694bfc1e05c1fc7b4,data/train-00000-of-00001.parquet#row=26,https://huggingface.co/datasets/EthanGabis/ADautoGen-DS/resolve/fa7a7803265fc97926d7fab694bfc1e05c1fc7b4/data/train-00000-of-00001.parquet,26,adautogen-product::nova-iced-coffee-can,exact product_name; repeated product campaigns stay together,deterministic_source_group_partition,MIT,repository README statement; generated images have no per-row license field,https://huggingface.co/datasets/EthanGabis/ADautoGen-DS/blob/fa7a7803265fc97926d7fab694bfc1e05c1fc7b4/README.md#license,true,Dataset README states images were generated with Stable Diffusion v1.5,Stable Diffusion v1.5 (declared by source README),94eb1dad55a1d4e734529eaa7d96c7be8db31fdc8d7c030946a6ddc84b28accd,85cc1b9eaf067f8f01d1ca4af88e0a873d169be736184550f0ab35b6caa2da61,cfefff8fff8a8f284798e0e1c4e3ba7dd0c85ff2859ff944c82d496ca2f4b298,40a4928a8fcbe4e4,image/jpeg,512,512,"{""category"": ""Food"", ""product_name"": ""Nova Iced Coffee Can"", ""tagline"": ""Compact Iced Coffee Can for fitness lovers"", ""target_audience"": ""fitness lovers"", ""text_source_model"": ""phi-2""}",462,1.0.0,source-derived label; no independent expert image audit
safe-86b7c29580c79cf2,safe,Fitness,train,data/capstone_dataset/train/safe/safe-86b7c29580c79cf2.jpg,EthanGabis/ADautoGen-DS,https://huggingface.co/datasets/EthanGabis/ADautoGen-DS,https://huggingface.co/datasets/EthanGabis/ADautoGen-DS/tree/fa7a7803265fc97926d7fab694bfc1e05c1fc7b4,fa7a7803265fc97926d7fab694bfc1e05c1fc7b4,data/train-00000-of-00001.parquet#row=45,https://huggingface.co/datasets/EthanGabis/ADautoGen-DS/resolve/fa7a7803265fc97926d7fab694bfc1e05c1fc7b4/data/train-00000-of-00001.parquet,45,adautogen-product::nova-water-bottle,exact product_name; repeated product campaigns stay together,deterministic_source_group_partition,MIT,repository README statement; generated images have no per-row license field,https://huggingface.co/datasets/EthanGabis/ADautoGen-DS/blob/fa7a7803265fc97926d7fab694bfc1e05c1fc7b4/README.md#license,true,Dataset README states images were generated with Stable Diffusion v1.5,Stable Diffusion v1.5 (declared by source README),94eb1dad55a1d4e734529eaa7d96c7be8db31fdc8d7c030946a6ddc84b28accd,86b7c29580c79cf23aa4784dbf89541540bb55081f3d86f3f78ee29fa3b264e8,416486c12a3f10cb3de15c985183675bbd0dc267ea61ceb8d2893d39a9f7662e,0f0f0f0b1a0d1216,image/jpeg,512,512,"{""category"": ""Fitness"", ""product_name"": ""Nova Water Bottle"", ""tagline"": ""\""Stay hydrated, stay fit - with Nova's eco-friendly water bottle! The perfect ac"", ""target_audience"": ""remote workers"", ""text_source_model"": ""qwen-1.8b""}",462,1.0.0,source-derived label; no independent expert image audit
safe-882bbaf7688b139b,safe,Food,train,data/capstone_dataset/train/safe/safe-882bbaf7688b139b.jpg,EthanGabis/ADautoGen-DS,https://huggingface.co/datasets/EthanGabis/ADautoGen-DS,https://huggingface.co/datasets/EthanGabis/ADautoGen-DS/tree/fa7a7803265fc97926d7fab694bfc1e05c1fc7b4,fa7a7803265fc97926d7fab694bfc1e05c1fc7b4,data/train-00000-of-00001.parquet#row=11,https://huggingface.co/datasets/EthanGabis/ADautoGen-DS/resolve/fa7a7803265fc97926d7fab694bfc1e05c1fc7b4/data/train-00000-of-00001.parquet,11,adautogen-product::pulse-sparkling-water-bottle,exact product_name; repeated product campaigns stay together,deterministic_source_group_partition,MIT,repository README statement; generated images have no per-row license field,https://huggingface.co/datasets/EthanGabis/ADautoGen-DS/blob/fa7a7803265fc97926d7fab694bfc1e05c1fc7b4/README.md#license,true,Dataset README states images were generated with Stable Diffusion v1.5,Stable Diffusion v1.5 (declared by source README),94eb1dad55a1d4e734529eaa7d96c7be8db31fdc8d7c030946a6ddc84b28accd,882bbaf7688b139b58774daf4289d6f8fc64c4ba54818f80fc431584b37e5cd6,6442956221b491f8ec5b5474f8774387f4f41e030d843513de9f25b3aab58cb1,f7b3d9f9f9f9f9f9,image/jpeg,512,512,"{""category"": ""Food"", ""product_name"": ""Pulse Sparkling Water Bottle"", ""tagline"": ""Eco-Friendly Sparkling Water Bottle for young professionals"", ""target_audience"": ""young professionals"", ""text_source_model"": ""phi-2""}",462,1.0.0,source-derived label; no independent expert image audit
safe-89190c8684d78bdd,safe,Home,train,data/capstone_dataset/train/safe/safe-89190c8684d78bdd.jpg,EthanGabis/ADautoGen-DS,https://huggingface.co/datasets/EthanGabis/ADautoGen-DS,https://huggingface.co/datasets/EthanGabis/ADautoGen-DS/tree/fa7a7803265fc97926d7fab694bfc1e05c1fc7b4,fa7a7803265fc97926d7fab694bfc1e05c1fc7b4,data/train-00000-of-00001.parquet#row=54,https://huggingface.co/datasets/EthanGabis/ADautoGen-DS/resolve/fa7a7803265fc97926d7fab694bfc1e05c1fc7b4/data/train-00000-of-00001.parquet,54,adautogen-product::lumen-storage-box,exact product_name; repeated product campaigns stay together,deterministic_source_group_partition,MIT,repository README statement; generated images have no per-row license field,https://huggingface.co/datasets/EthanGabis/ADautoGen-DS/blob/fa7a7803265fc97926d7fab694bfc1e05c1fc7b4/README.md#license,true,Dataset README states images were generated with Stable Diffusion v1.5,Stable Diffusion v1.5 (declared by source README),94eb1dad55a1d4e734529eaa7d96c7be8db31fdc8d7c030946a6ddc84b28accd,89190c8684d78bdddab514d29fecb012190ee2af7f75c0e522e8123d88fdcb65,ef1e24b66ca9df811a622b18db1bc96bbf0bd2ff999693727749faee06092494,143410b21216d0c1,image/jpeg,512,512,"{""category"": ""Home"", ""product_name"": ""Lumen Storage Box"", ""tagline"": ""\""Unleash Your Fitness Obsession with the Lumen Storage Box - The Ultimate Home G"", ""target_audience"": ""fitness lovers"", ""text_source_model"": ""qwen-1.8b""}",462,1.0.0,source-derived label; no independent expert image audit
safe-943ab414891f1d01,safe,Home,train,data/capstone_dataset/train/safe/safe-943ab414891f1d01.jpg,EthanGabis/ADautoGen-DS,https://huggingface.co/datasets/EthanGabis/ADautoGen-DS,https://huggingface.co/datasets/EthanGabis/ADautoGen-DS/tree/fa7a7803265fc97926d7fab694bfc1e05c1fc7b4,fa7a7803265fc97926d7fab694bfc1e05c1fc7b4,data/train-00000-of-00001.parquet#row=95,https://huggingface.co/datasets/EthanGabis/ADautoGen-DS/resolve/fa7a7803265fc97926d7fab694bfc1e05c1fc7b4/data/train-00000-of-00001.parquet,95,adautogen-product::aero-travel-mug,exact product_name; repeated product campaigns stay together,deterministic_source_group_partition,MIT,repository README statement; generated images have no per-row license field,https://huggingface.co/datasets/EthanGabis/ADautoGen-DS/blob/fa7a7803265fc97926d7fab694bfc1e05c1fc7b4/README.md#license,true,Dataset README states images were generated with Stable Diffusion v1.5,Stable Diffusion v1.5 (declared by source README),94eb1dad55a1d4e734529eaa7d96c7be8db31fdc8d7c030946a6ddc84b28accd,943ab414891f1d014f4213e78e33ccb790ebdf154f7191138cdb2f1924f90d5f,738e31df6688e7ca583156fdf615d616c5dcdbd061c5a53500b105568385306f,1867ac989898980e,image/jpeg,512,512,"{""category"": ""Home"", ""product_name"": ""Aero Travel Mug"", ""tagline"": ""Eco-Friendly. Built for fitness lovers."", ""target_audience"": ""fitness lovers"", ""text_source_model"": ""tinyllama""}",462,1.0.0,source-derived label; no independent expert image audit
safe-a12d64c0ae2e76f3,safe,Beauty,train,data/capstone_dataset/train/safe/safe-a12d64c0ae2e76f3.jpg,EthanGabis/ADautoGen-DS,https://huggingface.co/datasets/EthanGabis/ADautoGen-DS,https://huggingface.co/datasets/EthanGabis/ADautoGen-DS/tree/fa7a7803265fc97926d7fab694bfc1e05c1fc7b4,fa7a7803265fc97926d7fab694bfc1e05c1fc7b4,data/train-00000-of-00001.parquet#row=68,https://huggingface.co/datasets/EthanGabis/ADautoGen-DS/resolve/fa7a7803265fc97926d7fab694bfc1e05c1fc7b4/data/train-00000-of-00001.parquet,68,adautogen-product::lumen-hair-serum-bottle,exact product_name; repeated product campaigns stay together,deterministic_source_group_partition,MIT,repository README statement; generated images have no per-row license field,https://huggingface.co/datasets/EthanGabis/ADautoGen-DS/blob/fa7a7803265fc97926d7fab694bfc1e05c1fc7b4/README.md#license,true,Dataset README states images were generated with Stable Diffusion v1.5,Stable Diffusion v1.5 (declared by source README),94eb1dad55a1d4e734529eaa7d96c7be8db31fdc8d7c030946a6ddc84b28accd,a12d64c0ae2e76f3785acc90a1bd15d2fb3fa62de1973561d807a7534e8394b9,d3e9f2e9876ea647c0259f6ba7807dbc1e316ea9223222118dc06e65bf6209a9,324d4d4d4d4d6db0,image/jpeg,512,512,"{""category"": ""Beauty"", ""product_name"": ""Lumen Hair Serum Bottle"", ""tagline"": ""\""Transform Your Hair Game with Lumen's Long-Living Hair Serum Bottle - The Fitne"", ""target_audience"": ""fitness lovers"", ""text_source_model"": ""qwen-1.8b""}",462,1.0.0,source-derived label; no independent expert image audit
safe-a89f6190fb7133ed,safe,Food,train,data/capstone_dataset/train/safe/safe-a89f6190fb7133ed.jpg,EthanGabis/ADautoGen-DS,https://huggingface.co/datasets/EthanGabis/ADautoGen-DS,https://huggingface.co/datasets/EthanGabis/ADautoGen-DS/tree/fa7a7803265fc97926d7fab694bfc1e05c1fc7b4,fa7a7803265fc97926d7fab694bfc1e05c1fc7b4,data/train-00000-of-00001.parquet#row=69,https://huggingface.co/datasets/EthanGabis/ADautoGen-DS/resolve/fa7a7803265fc97926d7fab694bfc1e05c1fc7b4/data/train-00000-of-00001.parquet,69,adautogen-product::nova-matcha-drink,exact product_name; repeated product campaigns stay together,deterministic_source_group_partition,MIT,repository README statement; generated images have no per-row license field,https://huggingface.co/datasets/EthanGabis/ADautoGen-DS/blob/fa7a7803265fc97926d7fab694bfc1e05c1fc7b4/README.md#license,true,Dataset README states images were generated with Stable Diffusion v1.5,Stable Diffusion v1.5 (declared by source README),94eb1dad55a1d4e734529eaa7d96c7be8db31fdc8d7c030946a6ddc84b28accd,a89f6190fb7133ed209c0b5acee8b0e2791d0e61569c245fd96729e20f93c64a,b689cb700605579dd7059561ee5fb5d652c2734d301ddfc1b510545c4c56b8cd,fcd6a69b9fbfbdff,image/jpeg,512,512,"{""category"": ""Food"", ""product_name"": ""Nova Matcha Drink"", ""tagline"": ""\""Unleash Your Inner Zen with Nova's Matcha Drink - Eco-Friendly & Delicious!\"""", ""target_audience"": ""students"", ""text_source_model"": ""qwen-1.8b""}",462,1.0.0,source-derived label; no independent expert image audit
safe-ae40b54fbed88e76,safe,Beauty,train,data/capstone_dataset/train/safe/safe-ae40b54fbed88e76.jpg,EthanGabis/ADautoGen-DS,https://huggingface.co/datasets/EthanGabis/ADautoGen-DS,https://huggingface.co/datasets/EthanGabis/ADautoGen-DS/tree/fa7a7803265fc97926d7fab694bfc1e05c1fc7b4,fa7a7803265fc97926d7fab694bfc1e05c1fc7b4,data/train-00000-of-00001.parquet#row=38,https://huggingface.co/datasets/EthanGabis/ADautoGen-DS/resolve/fa7a7803265fc97926d7fab694bfc1e05c1fc7b4/data/train-00000-of-00001.parquet,38,adautogen-product::aero-lip-balm-stick,exact product_name; repeated product campaigns stay together,deterministic_source_group_partition,MIT,repository README statement; generated images have no per-row license field,https://huggingface.co/datasets/EthanGabis/ADautoGen-DS/blob/fa7a7803265fc97926d7fab694bfc1e05c1fc7b4/README.md#license,true,Dataset README states images were generated with Stable Diffusion v1.5,Stable Diffusion v1.5 (declared by source README),94eb1dad55a1d4e734529eaa7d96c7be8db31fdc8d7c030946a6ddc84b28accd,ae40b54fbed88e76e9d1c6b67f631585e40b54187e8c9336ba22e7220d0fb65e,458092960251a8ce6e13f08bd82e1d5020110be44ead725e64d97739e46cfa2f,8534246c7a6484b2,image/jpeg,512,512,"{""category"": ""Beauty"", ""product_name"": ""Aero Lip Balm Stick"", ""tagline"": ""Premium Lip Balm Stick for remote workers"", ""target_audience"": ""remote workers"", ""text_source_model"": ""phi-2""}",462,1.0.0,source-derived label; no independent expert image audit
safe-b38c65f778fb209f,safe,Home,train,data/capstone_dataset/train/safe/safe-b38c65f778fb209f.jpg,EthanGabis/ADautoGen-DS,https://huggingface.co/datasets/EthanGabis/ADautoGen-DS,https://huggingface.co/datasets/EthanGabis/ADautoGen-DS/tree/fa7a7803265fc97926d7fab694bfc1e05c1fc7b4,fa7a7803265fc97926d7fab694bfc1e05c1fc7b4,data/train-00000-of-00001.parquet#row=35,https://huggingface.co/datasets/EthanGabis/ADautoGen-DS/resolve/fa7a7803265fc97926d7fab694bfc1e05c1fc7b4/data/train-00000-of-00001.parquet,35,adautogen-product::aero-travel-mug,exact product_name; repeated product campaigns stay together,deterministic_source_group_partition,MIT,repository README statement; generated images have no per-row license field,https://huggingface.co/datasets/EthanGabis/ADautoGen-DS/blob/fa7a7803265fc97926d7fab694bfc1e05c1fc7b4/README.md#license,true,Dataset README states images were generated with Stable Diffusion v1.5,Stable Diffusion v1.5 (declared by source README),94eb1dad55a1d4e734529eaa7d96c7be8db31fdc8d7c030946a6ddc84b28accd,b38c65f778fb209f06976de023db6932aa8628fdb213a399a0bd4ea3fc9e79d5,ce3a5383729bfe7df30180b5f16b78337436c9e5b32971a9167e477a1b27f35a,31c62525252525da,image/jpeg,512,512,"{""category"": ""Home"", ""product_name"": ""Aero Travel Mug"", ""tagline"": ""Compact Travel Mug for busy parents"", ""target_audience"": ""busy parents"", ""text_source_model"": ""phi-2""}",462,1.0.0,source-derived label; no independent expert image audit
safe-b6056d38f22a2b50,safe,Food,train,data/capstone_dataset/train/safe/safe-b6056d38f22a2b50.jpg,EthanGabis/ADautoGen-DS,https://huggingface.co/datasets/EthanGabis/ADautoGen-DS,https://huggingface.co/datasets/EthanGabis/ADautoGen-DS/tree/fa7a7803265fc97926d7fab694bfc1e05c1fc7b4,fa7a7803265fc97926d7fab694bfc1e05c1fc7b4,data/train-00000-of-00001.parquet#row=78,https://huggingface.co/datasets/EthanGabis/ADautoGen-DS/resolve/fa7a7803265fc97926d7fab694bfc1e05c1fc7b4/data/train-00000-of-00001.parquet,78,adautogen-product::lumen-matcha-drink,exact product_name; repeated product campaigns stay together,deterministic_source_group_partition,MIT,repository README statement; generated images have no per-row license field,https://huggingface.co/datasets/EthanGabis/ADautoGen-DS/blob/fa7a7803265fc97926d7fab694bfc1e05c1fc7b4/README.md#license,true,Dataset README states images were generated with Stable Diffusion v1.5,Stable Diffusion v1.5 (declared by source README),94eb1dad55a1d4e734529eaa7d96c7be8db31fdc8d7c030946a6ddc84b28accd,b6056d38f22a2b50be7fb95b7484af6839f7525a12904dbe4c0690836de082c0,f6d1c3fc354859050cf6dc0d0530c656b6064d58679afb4894a4c0b96fb6f138,27191f1e1c4e4d05,image/jpeg,512,512,"{""category"": ""Food"", ""product_name"": ""Lumen Matcha Drink"", ""tagline"": ""\""Get your glow on with Lumen's Matcha Drink - the perfect workout fuel! Our ligh"", ""target_audience"": ""fitness lovers"", ""text_source_model"": ""qwen-1.8b""}",462,1.0.0,source-derived label; no independent expert image audit
safe-b70eb9145119416c,safe,Home,train,data/capstone_dataset/train/safe/safe-b70eb9145119416c.jpg,EthanGabis/ADautoGen-DS,https://huggingface.co/datasets/EthanGabis/ADautoGen-DS,https://huggingface.co/datasets/EthanGabis/ADautoGen-DS/tree/fa7a7803265fc97926d7fab694bfc1e05c1fc7b4,fa7a7803265fc97926d7fab694bfc1e05c1fc7b4,data/train-00000-of-00001.parquet#row=63,https://huggingface.co/datasets/EthanGabis/ADautoGen-DS/resolve/fa7a7803265fc97926d7fab694bfc1e05c1fc7b4/data/train-00000-of-00001.parquet,63,adautogen-product::bloom-scented-candle,exact product_name; repeated product campaigns stay together,deterministic_source_group_partition,MIT,repository README statement; generated images have no per-row license field,https://huggingface.co/datasets/EthanGabis/ADautoGen-DS/blob/fa7a7803265fc97926d7fab694bfc1e05c1fc7b4/README.md#license,true,Dataset README states images were generated with Stable Diffusion v1.5,Stable Diffusion v1.5 (declared by source README),94eb1dad55a1d4e734529eaa7d96c7be8db31fdc8d7c030946a6ddc84b28accd,b70eb9145119416cc5d29bcf95a3956537d2ed2fdfe5cd26fb5aa175dbdff090,3b341e25cfcbd63de2cf6e20ee404283a9d7c986bc8091310dea99a1d8b9cff6,c6c78d53733b7170,image/jpeg,512,512,"{""category"": ""Home"", ""product_name"": ""Bloom Scented Candle"", ""tagline"": ""\""Say goodbye to boring home smells with Bloom's all-natural scented candle! Our "", ""target_audience"": ""remote workers"", ""text_source_model"": ""qwen-1.8b""}",462,1.0.0,source-derived label; no independent expert image audit
safe-b85a306cb7e73e78,safe,Fitness,train,data/capstone_dataset/train/safe/safe-b85a306cb7e73e78.jpg,EthanGabis/ADautoGen-DS,https://huggingface.co/datasets/EthanGabis/ADautoGen-DS,https://huggingface.co/datasets/EthanGabis/ADautoGen-DS/tree/fa7a7803265fc97926d7fab694bfc1e05c1fc7b4,fa7a7803265fc97926d7fab694bfc1e05c1fc7b4,data/train-00000-of-00001.parquet#row=92,https://huggingface.co/datasets/EthanGabis/ADautoGen-DS/resolve/fa7a7803265fc97926d7fab694bfc1e05c1fc7b4/data/train-00000-of-00001.parquet,92,adautogen-product::bloom-water-bottle,exact product_name; repeated product campaigns stay together,deterministic_source_group_partition,MIT,repository README statement; generated images have no per-row license field,https://huggingface.co/datasets/EthanGabis/ADautoGen-DS/blob/fa7a7803265fc97926d7fab694bfc1e05c1fc7b4/README.md#license,true,Dataset README states images were generated with Stable Diffusion v1.5,Stable Diffusion v1.5 (declared by source README),94eb1dad55a1d4e734529eaa7d96c7be8db31fdc8d7c030946a6ddc84b28accd,b85a306cb7e73e78e373bf92273f03a95a623f0ac9230cc43d6d7bdf3464df48,110afcaf10dd0667df9b11faee8a55bd95e9c023e40717d40cc936f2d8289a13,969292929292927b,image/jpeg,512,512,"{""category"": ""Fitness"", ""product_name"": ""Bloom Water Bottle"", ""tagline"": ""Premium. Built for fitness lovers."", ""target_audience"": ""fitness lovers"", ""text_source_model"": ""tinyllama""}",462,1.0.0,source-derived label; no independent expert image audit
safe-ba2242f22204ca9e,safe,Food,train,data/capstone_dataset/train/safe/safe-ba2242f22204ca9e.jpg,EthanGabis/ADautoGen-DS,https://huggingface.co/datasets/EthanGabis/ADautoGen-DS,https://huggingface.co/datasets/EthanGabis/ADautoGen-DS/tree/fa7a7803265fc97926d7fab694bfc1e05c1fc7b4,fa7a7803265fc97926d7fab694bfc1e05c1fc7b4,data/train-00000-of-00001.parquet#row=111,https://huggingface.co/datasets/EthanGabis/ADautoGen-DS/resolve/fa7a7803265fc97926d7fab694bfc1e05c1fc7b4/data/train-00000-of-00001.parquet,111,adautogen-product::nova-matcha-drink,exact product_name; repeated product campaigns stay together,deterministic_source_group_partition,MIT,repository README statement; generated images have no per-row license field,https://huggingface.co/datasets/EthanGabis/ADautoGen-DS/blob/fa7a7803265fc97926d7fab694bfc1e05c1fc7b4/README.md#license,true,Dataset README states images were generated with Stable Diffusion v1.5,Stable Diffusion v1.5 (declared by source README),94eb1dad55a1d4e734529eaa7d96c7be8db31fdc8d7c030946a6ddc84b28accd,ba2242f22204ca9e22fcb1056764bcb3463167a4d8052a4149d84ddab34ddfef,d5bb890b622cbe50cd2c00289c7f50774c4e68e2ec4fc94d03482529e65ff230,cfd7cf8e97d28e9e,image/jpeg,512,512,"{""category"": ""Food"", ""product_name"": ""Nova Matcha Drink"", ""tagline"": ""Compact. Built for young professionals."", ""target_audience"": ""young professionals"", ""text_source_model"": ""tinyllama""}",462,1.0.0,source-derived label; no independent expert image audit
safe-bb99e36d9b833356,safe,Fitness,train,data/capstone_dataset/train/safe/safe-bb99e36d9b833356.jpg,EthanGabis/ADautoGen-DS,https://huggingface.co/datasets/EthanGabis/ADautoGen-DS,https://huggingface.co/datasets/EthanGabis/ADautoGen-DS/tree/fa7a7803265fc97926d7fab694bfc1e05c1fc7b4,fa7a7803265fc97926d7fab694bfc1e05c1fc7b4,data/train-00000-of-00001.parquet#row=73,https://huggingface.co/datasets/EthanGabis/ADautoGen-DS/resolve/fa7a7803265fc97926d7fab694bfc1e05c1fc7b4/data/train-00000-of-00001.parquet,73,adautogen-product::lumen-water-bottle,exact product_name; repeated product campaigns stay together,deterministic_source_group_partition,MIT,repository README statement; generated images have no per-row license field,https://huggingface.co/datasets/EthanGabis/ADautoGen-DS/blob/fa7a7803265fc97926d7fab694bfc1e05c1fc7b4/README.md#license,true,Dataset README states images were generated with Stable Diffusion v1.5,Stable Diffusion v1.5 (declared by source README),94eb1dad55a1d4e734529eaa7d96c7be8db31fdc8d7c030946a6ddc84b28accd,bb99e36d9b833356ab9289dc5e05f19ff6a7432ceafcbb6f06171f1130ad1474,d063593e8204b5c62f5dc6018961c54dbaa1aae440ab8e61e43ec014be91f6db,1f273717979f9f27,image/jpeg,512,512,"{""category"": ""Fitness"", ""product_name"": ""Lumen Water Bottle"", ""tagline"": ""\""Unleash your best self with Lumen's fitness water bottle \u2013 the premium hydratio"", ""target_audience"": ""busy parents"", ""text_source_model"": ""qwen-1.8b""}",462,1.0.0,source-derived label; no independent expert image audit
safe-bedccfc1495b404a,safe,Food,train,data/capstone_dataset/train/safe/safe-bedccfc1495b404a.jpg,EthanGabis/ADautoGen-DS,https://huggingface.co/datasets/EthanGabis/ADautoGen-DS,https://huggingface.co/datasets/EthanGabis/ADautoGen-DS/tree/fa7a7803265fc97926d7fab694bfc1e05c1fc7b4,fa7a7803265fc97926d7fab694bfc1e05c1fc7b4,data/train-00000-of-00001.parquet#row=21,https://huggingface.co/datasets/EthanGabis/ADautoGen-DS/resolve/fa7a7803265fc97926d7fab694bfc1e05c1fc7b4/data/train-00000-of-00001.parquet,21,adautogen-product::aero-protein-bar,exact product_name; repeated product campaigns stay together,deterministic_source_group_partition,MIT,repository README statement; generated images have no per-row license field,https://huggingface.co/datasets/EthanGabis/ADautoGen-DS/blob/fa7a7803265fc97926d7fab694bfc1e05c1fc7b4/README.md#license,true,Dataset README states images were generated with Stable Diffusion v1.5,Stable Diffusion v1.5 (declared by source README),94eb1dad55a1d4e734529eaa7d96c7be8db31fdc8d7c030946a6ddc84b28accd,bedccfc1495b404ab9e12758632619758184a248fd3fee1de1e717b9632c4383,1aa5ed63b9517a51acf4a6bf2aba5ec63685478cde0322dbcac2acb216d31eb1,2f5656d6d6d6d657,image/jpeg,512,512,"{""category"": ""Food"", ""product_name"": ""Aero Protein Bar"", ""tagline"": ""Eco-Friendly Protein Bar for fitness lovers"", ""target_audience"": ""fitness lovers"", ""text_source_model"": ""phi-2""}",462,1.0.0,source-derived label; no independent expert image audit
safe-c5dc9eb24e395672,safe,Tech,train,data/capstone_dataset/train/safe/safe-c5dc9eb24e395672.jpg,EthanGabis/ADautoGen-DS,https://huggingface.co/datasets/EthanGabis/ADautoGen-DS,https://huggingface.co/datasets/EthanGabis/ADautoGen-DS/tree/fa7a7803265fc97926d7fab694bfc1e05c1fc7b4,fa7a7803265fc97926d7fab694bfc1e05c1fc7b4,data/train-00000-of-00001.parquet#row=97,https://huggingface.co/datasets/EthanGabis/ADautoGen-DS/resolve/fa7a7803265fc97926d7fab694bfc1e05c1fc7b4/data/train-00000-of-00001.parquet,97,adautogen-product::lumen-smart-watch,exact product_name; repeated product campaigns stay together,deterministic_source_group_partition,MIT,repository README statement; generated images have no per-row license field,https://huggingface.co/datasets/EthanGabis/ADautoGen-DS/blob/fa7a7803265fc97926d7fab694bfc1e05c1fc7b4/README.md#license,true,Dataset README states images were generated with Stable Diffusion v1.5,Stable Diffusion v1.5 (declared by source README),94eb1dad55a1d4e734529eaa7d96c7be8db31fdc8d7c030946a6ddc84b28accd,c5dc9eb24e395672630496abcf7ec495ce8fc2578fb5c61913a04b38e72df384,cfd7ac244431a89a2b36a2a31d49ba3d6b99d38fb0074034dc4e97acf84675a6,00060b1914181838,image/jpeg,512,512,"{""category"": ""Tech"", ""product_name"": ""Lumen Smart Watch"", ""tagline"": ""Long-Lasting. Built for busy parents."", ""target_audience"": ""busy parents"", ""text_source_model"": ""tinyllama""}",462,1.0.0,source-derived label; no independent expert image audit
safe-cad21acd9730f55d,safe,Home,train,data/capstone_dataset/train/safe/safe-cad21acd9730f55d.jpg,EthanGabis/ADautoGen-DS,https://huggingface.co/datasets/EthanGabis/ADautoGen-DS,https://huggingface.co/datasets/EthanGabis/ADautoGen-DS/tree/fa7a7803265fc97926d7fab694bfc1e05c1fc7b4,fa7a7803265fc97926d7fab694bfc1e05c1fc7b4,data/train-00000-of-00001.parquet#row=116,https://huggingface.co/datasets/EthanGabis/ADautoGen-DS/resolve/fa7a7803265fc97926d7fab694bfc1e05c1fc7b4/data/train-00000-of-00001.parquet,116,adautogen-product::nova-plant-pot,exact product_name; repeated product campaigns stay together,deterministic_source_group_partition,MIT,repository README statement; generated images have no per-row license field,https://huggingface.co/datasets/EthanGabis/ADautoGen-DS/blob/fa7a7803265fc97926d7fab694bfc1e05c1fc7b4/README.md#license,true,Dataset README states images were generated with Stable Diffusion v1.5,Stable Diffusion v1.5 (declared by source README),94eb1dad55a1d4e734529eaa7d96c7be8db31fdc8d7c030946a6ddc84b28accd,cad21acd9730f55d94f8a8e663a3e3b5fe6d079ac98960dba9c1615a1ac8f1f4,7276f6c1789965c4eed33c8a05278d0f274181bad637206a49d1c0d1f863af90,67a7ef63f3673736,image/jpeg,512,512,"{""category"": ""Home"", ""product_name"": ""Nova Plant Pot"", ""tagline"": ""Long-Lasting. Built for young professionals."", ""target_audience"": ""young professionals"", ""text_source_model"": ""tinyllama""}",462,1.0.0,source-derived label; no independent expert image audit
safe-cc191c6a3bc6e495,safe,Home,train,data/capstone_dataset/train/safe/safe-cc191c6a3bc6e495.jpg,EthanGabis/ADautoGen-DS,https://huggingface.co/datasets/EthanGabis/ADautoGen-DS,https://huggingface.co/datasets/EthanGabis/ADautoGen-DS/tree/fa7a7803265fc97926d7fab694bfc1e05c1fc7b4,fa7a7803265fc97926d7fab694bfc1e05c1fc7b4,data/train-00000-of-00001.parquet#row=107,https://huggingface.co/datasets/EthanGabis/ADautoGen-DS/resolve/fa7a7803265fc97926d7fab694bfc1e05c1fc7b4/data/train-00000-of-00001.parquet,107,adautogen-product::nova-plant-pot,exact product_name; repeated product campaigns stay together,deterministic_source_group_partition,MIT,repository README statement; generated images have no per-row license field,https://huggingface.co/datasets/EthanGabis/ADautoGen-DS/blob/fa7a7803265fc97926d7fab694bfc1e05c1fc7b4/README.md#license,true,Dataset README states images were generated with Stable Diffusion v1.5,Stable Diffusion v1.5 (declared by source README),94eb1dad55a1d4e734529eaa7d96c7be8db31fdc8d7c030946a6ddc84b28accd,cc191c6a3bc6e495f9cd94e012d41c516e4a69582f437cb989a1bc480345f476,927002c44045c9fc244fc9fde6defcc51e470293912b790d4cf76379a570d00a,10303061c9c1444c,image/jpeg,512,512,"{""category"": ""Home"", ""product_name"": ""Nova Plant Pot"", ""tagline"": ""Eco-Friendly. Built for fitness lovers."", ""target_audience"": ""fitness lovers"", ""text_source_model"": ""tinyllama""}",462,1.0.0,source-derived label; no independent expert image audit
safe-cdec303752e235b3,safe,Beauty,train,data/capstone_dataset/train/safe/safe-cdec303752e235b3.jpg,EthanGabis/ADautoGen-DS,https://huggingface.co/datasets/EthanGabis/ADautoGen-DS,https://huggingface.co/datasets/EthanGabis/ADautoGen-DS/tree/fa7a7803265fc97926d7fab694bfc1e05c1fc7b4,fa7a7803265fc97926d7fab694bfc1e05c1fc7b4,data/train-00000-of-00001.parquet#row=99,https://huggingface.co/datasets/EthanGabis/ADautoGen-DS/resolve/fa7a7803265fc97926d7fab694bfc1e05c1fc7b4/data/train-00000-of-00001.parquet,99,adautogen-product::pulse-face-cream-jar,exact product_name; repeated product campaigns stay together,deterministic_source_group_partition,MIT,repository README statement; generated images have no per-row license field,https://huggingface.co/datasets/EthanGabis/ADautoGen-DS/blob/fa7a7803265fc97926d7fab694bfc1e05c1fc7b4/README.md#license,true,Dataset README states images were generated with Stable Diffusion v1.5,Stable Diffusion v1.5 (declared by source README),94eb1dad55a1d4e734529eaa7d96c7be8db31fdc8d7c030946a6ddc84b28accd,cdec303752e235b3dfae53b24a826d7f5a39f85e5a6d92305fa7cc42eb22ba80,efc98d90e97c6789ee8e49590e62416e8562523311eda2a70f52281114ccd0d2,2b4b0e9d464e1226,image/jpeg,512,512,"{""category"": ""Beauty"", ""product_name"": ""Pulse Face Cream Jar"", ""tagline"": ""Lightweight. Built for students."", ""target_audience"": ""students"", ""text_source_model"": ""tinyllama""}",462,1.0.0,source-derived label; no independent expert image audit
safe-d82ca2ac2ec193a1,safe,Food,train,data/capstone_dataset/train/safe/safe-d82ca2ac2ec193a1.jpg,EthanGabis/ADautoGen-DS,https://huggingface.co/datasets/EthanGabis/ADautoGen-DS,https://huggingface.co/datasets/EthanGabis/ADautoGen-DS/tree/fa7a7803265fc97926d7fab694bfc1e05c1fc7b4,fa7a7803265fc97926d7fab694bfc1e05c1fc7b4,data/train-00000-of-00001.parquet#row=51,https://huggingface.co/datasets/EthanGabis/ADautoGen-DS/resolve/fa7a7803265fc97926d7fab694bfc1e05c1fc7b4/data/train-00000-of-00001.parquet,51,adautogen-product::aero-sparkling-water-bottle,exact product_name; repeated product campaigns stay together,deterministic_source_group_partition,MIT,repository README statement; generated images have no per-row license field,https://huggingface.co/datasets/EthanGabis/ADautoGen-DS/blob/fa7a7803265fc97926d7fab694bfc1e05c1fc7b4/README.md#license,true,Dataset README states images were generated with Stable Diffusion v1.5,Stable Diffusion v1.5 (declared by source README),94eb1dad55a1d4e734529eaa7d96c7be8db31fdc8d7c030946a6ddc84b28accd,d82ca2ac2ec193a1688f8fd5e3f7c9b2439925e57ef49c9bc37b1a4e7808e283,0068f94d99c4af84137670717563c35324686b316d59ee039f57fb3855b213a2,fffddd953567cfcf,image/jpeg,512,512,"{""category"": ""Food"", ""product_name"": ""Aero Sparkling Water Bottle"", ""tagline"": ""\""Jetpack your way to hydrated bliss with Aero's sparkling water bottle - the ult"", ""target_audience"": ""busy parents"", ""text_source_model"": ""qwen-1.8b""}",462,1.0.0,source-derived label; no independent expert image audit
safe-d9ecced715b3eb84,safe,Food,train,data/capstone_dataset/train/safe/safe-d9ecced715b3eb84.jpg,EthanGabis/ADautoGen-DS,https://huggingface.co/datasets/EthanGabis/ADautoGen-DS,https://huggingface.co/datasets/EthanGabis/ADautoGen-DS/tree/fa7a7803265fc97926d7fab694bfc1e05c1fc7b4,fa7a7803265fc97926d7fab694bfc1e05c1fc7b4,data/train-00000-of-00001.parquet#row=74,https://huggingface.co/datasets/EthanGabis/ADautoGen-DS/resolve/fa7a7803265fc97926d7fab694bfc1e05c1fc7b4/data/train-00000-of-00001.parquet,74,adautogen-product::bloom-iced-coffee-can,exact product_name; repeated product campaigns stay together,deterministic_source_group_partition,MIT,repository README statement; generated images have no per-row license field,https://huggingface.co/datasets/EthanGabis/ADautoGen-DS/blob/fa7a7803265fc97926d7fab694bfc1e05c1fc7b4/README.md#license,true,Dataset README states images were generated with Stable Diffusion v1.5,Stable Diffusion v1.5 (declared by source README),94eb1dad55a1d4e734529eaa7d96c7be8db31fdc8d7c030946a6ddc84b28accd,d9ecced715b3eb84d44ff0297b1eb35fed6fd8b834897fed7af3458ae153596f,1d4d1154416fff37f29c9b1135cb4a4ee9cfb11fd85c45ed7cf3912807656aea,cf1b98cc8dcb73e7,image/jpeg,512,512,"{""category"": ""Food"", ""product_name"": ""Bloom Iced Coffee Can"", ""tagline"": ""\""Unleash the Refreshing Power of Bloom's Premium Iced Coffee Can - The Perfect F"", ""target_audience"": ""students"", ""text_source_model"": ""qwen-1.8b""}",462,1.0.0,source-derived label; no independent expert image audit
safe-dca8f6cba7ce30db,safe,Fitness,train,data/capstone_dataset/train/safe/safe-dca8f6cba7ce30db.jpg,EthanGabis/ADautoGen-DS,https://huggingface.co/datasets/EthanGabis/ADautoGen-DS,https://huggingface.co/datasets/EthanGabis/ADautoGen-DS/tree/fa7a7803265fc97926d7fab694bfc1e05c1fc7b4,fa7a7803265fc97926d7fab694bfc1e05c1fc7b4,data/train-00000-of-00001.parquet#row=20,https://huggingface.co/datasets/EthanGabis/ADautoGen-DS/resolve/fa7a7803265fc97926d7fab694bfc1e05c1fc7b4/data/train-00000-of-00001.parquet,20,adautogen-product::bloom-water-bottle,exact product_name; repeated product campaigns stay together,deterministic_source_group_partition,MIT,repository README statement; generated images have no per-row license field,https://huggingface.co/datasets/EthanGabis/ADautoGen-DS/blob/fa7a7803265fc97926d7fab694bfc1e05c1fc7b4/README.md#license,true,Dataset README states images were generated with Stable Diffusion v1.5,Stable Diffusion v1.5 (declared by source README),94eb1dad55a1d4e734529eaa7d96c7be8db31fdc8d7c030946a6ddc84b28accd,dca8f6cba7ce30db12b6eb4180d324e34c3769392f425d2f100f48583bf107e8,f995d06be998200580d28e143ebe7b66329c046ea1171e40fe9a7780e109c967,ff7f77b7b7b7d79f,image/jpeg,512,512,"{""category"": ""Fitness"", ""product_name"": ""Bloom Water Bottle"", ""tagline"": ""Long-Lasting Water Bottle for young professionals"", ""target_audience"": ""young professionals"", ""text_source_model"": ""phi-2""}",462,1.0.0,source-derived label; no independent expert image audit
safe-e1c350c33e88a97c,safe,Home,train,data/capstone_dataset/train/safe/safe-e1c350c33e88a97c.jpg,EthanGabis/ADautoGen-DS,https://huggingface.co/datasets/EthanGabis/ADautoGen-DS,https://huggingface.co/datasets/EthanGabis/ADautoGen-DS/tree/fa7a7803265fc97926d7fab694bfc1e05c1fc7b4,fa7a7803265fc97926d7fab694bfc1e05c1fc7b4,data/train-00000-of-00001.parquet#row=58,https://huggingface.co/datasets/EthanGabis/ADautoGen-DS/resolve/fa7a7803265fc97926d7fab694bfc1e05c1fc7b4/data/train-00000-of-00001.parquet,58,adautogen-product::lumen-plant-pot,exact product_name; repeated product campaigns stay together,deterministic_source_group_partition,MIT,repository README statement; generated images have no per-row license field,https://huggingface.co/datasets/EthanGabis/ADautoGen-DS/blob/fa7a7803265fc97926d7fab694bfc1e05c1fc7b4/README.md#license,true,Dataset README states images were generated with Stable Diffusion v1.5,Stable Diffusion v1.5 (declared by source README),94eb1dad55a1d4e734529eaa7d96c7be8db31fdc8d7c030946a6ddc84b28accd,e1c350c33e88a97c75c8b485cfccd1c0d05d74d1f00d3bcd57e9dc2872c5a094,7a630fab3e1dd17d86897abd705b1e88d5aed5cba2fcd034cbb676af368834e9,0f07094e4e4f0d1f,image/jpeg,512,512,"{""category"": ""Home"", ""product_name"": ""Lumen Plant Pot"", ""tagline"": ""\""Bring the magic of nature into your home with our Lumen plant pot - the ultimat"", ""target_audience"": ""busy parents"", ""text_source_model"": ""qwen-1.8b""}",462,1.0.0,source-derived label; no independent expert image audit
safe-e310f97ee1816e8b,safe,Tech,train,data/capstone_dataset/train/safe/safe-e310f97ee1816e8b.jpg,EthanGabis/ADautoGen-DS,https://huggingface.co/datasets/EthanGabis/ADautoGen-DS,https://huggingface.co/datasets/EthanGabis/ADautoGen-DS/tree/fa7a7803265fc97926d7fab694bfc1e05c1fc7b4,fa7a7803265fc97926d7fab694bfc1e05c1fc7b4,data/train-00000-of-00001.parquet#row=43,https://huggingface.co/datasets/EthanGabis/ADautoGen-DS/resolve/fa7a7803265fc97926d7fab694bfc1e05c1fc7b4/data/train-00000-of-00001.parquet,43,adautogen-product::bloom-smart-watch,exact product_name; repeated product campaigns stay together,deterministic_source_group_partition,MIT,repository README statement; generated images have no per-row license field,https://huggingface.co/datasets/EthanGabis/ADautoGen-DS/blob/fa7a7803265fc97926d7fab694bfc1e05c1fc7b4/README.md#license,true,Dataset README states images were generated with Stable Diffusion v1.5,Stable Diffusion v1.5 (declared by source README),94eb1dad55a1d4e734529eaa7d96c7be8db31fdc8d7c030946a6ddc84b28accd,e310f97ee1816e8bc6fcce049da050cc31f0a0084c7a371e3d9081aef03ff272,c4dd7e13810db60a8effde01115ffc31cf467cb263ff866fbc248a9bc3581065,2424173931342525,image/jpeg,512,512,"{""category"": ""Tech"", ""product_name"": ""Bloom Smart Watch"", ""tagline"": ""\""Step Up Your Fitness Game with Bloom's Smart Watch - Long-lasting Technology fo"", ""target_audience"": ""fitness lovers"", ""text_source_model"": ""qwen-1.8b""}",462,1.0.0,source-derived label; no independent expert image audit
safe-e867f38cc3822c9f,safe,Beauty,train,data/capstone_dataset/train/safe/safe-e867f38cc3822c9f.jpg,EthanGabis/ADautoGen-DS,https://huggingface.co/datasets/EthanGabis/ADautoGen-DS,https://huggingface.co/datasets/EthanGabis/ADautoGen-DS/tree/fa7a7803265fc97926d7fab694bfc1e05c1fc7b4,fa7a7803265fc97926d7fab694bfc1e05c1fc7b4,data/train-00000-of-00001.parquet#row=104,https://huggingface.co/datasets/EthanGabis/ADautoGen-DS/resolve/fa7a7803265fc97926d7fab694bfc1e05c1fc7b4/data/train-00000-of-00001.parquet,104,adautogen-product::pulse-face-cream-jar,exact product_name; repeated product campaigns stay together,deterministic_source_group_partition,MIT,repository README statement; generated images have no per-row license field,https://huggingface.co/datasets/EthanGabis/ADautoGen-DS/blob/fa7a7803265fc97926d7fab694bfc1e05c1fc7b4/README.md#license,true,Dataset README states images were generated with Stable Diffusion v1.5,Stable Diffusion v1.5 (declared by source README),94eb1dad55a1d4e734529eaa7d96c7be8db31fdc8d7c030946a6ddc84b28accd,e867f38cc3822c9f3f30d71c193b1c595d1457c3ebd86e6c7a7e79ec3a426aba,029dddf35b9f57237b67fcd286bd255d297a972f78185077b83656f6f62c2c72,1f375d597332c71f,image/jpeg,512,512,"{""category"": ""Beauty"", ""product_name"": ""Pulse Face Cream Jar"", ""tagline"": ""Eco-Friendly. Built for remote workers."", ""target_audience"": ""remote workers"", ""text_source_model"": ""tinyllama""}",462,1.0.0,source-derived label; no independent expert image audit
safe-ec95ebe1a3e1953e,safe,Food,train,data/capstone_dataset/train/safe/safe-ec95ebe1a3e1953e.jpg,EthanGabis/ADautoGen-DS,https://huggingface.co/datasets/EthanGabis/ADautoGen-DS,https://huggingface.co/datasets/EthanGabis/ADautoGen-DS/tree/fa7a7803265fc97926d7fab694bfc1e05c1fc7b4,fa7a7803265fc97926d7fab694bfc1e05c1fc7b4,data/train-00000-of-00001.parquet#row=117,https://huggingface.co/datasets/EthanGabis/ADautoGen-DS/resolve/fa7a7803265fc97926d7fab694bfc1e05c1fc7b4/data/train-00000-of-00001.parquet,117,adautogen-product::pulse-granola-snack,exact product_name; repeated product campaigns stay together,deterministic_source_group_partition,MIT,repository README statement; generated images have no per-row license field,https://huggingface.co/datasets/EthanGabis/ADautoGen-DS/blob/fa7a7803265fc97926d7fab694bfc1e05c1fc7b4/README.md#license,true,Dataset README states images were generated with Stable Diffusion v1.5,Stable Diffusion v1.5 (declared by source README),94eb1dad55a1d4e734529eaa7d96c7be8db31fdc8d7c030946a6ddc84b28accd,ec95ebe1a3e1953e23c2170d583c4e30db47e6fe83c46f248e6c03e12d584192,4eca1df8cde64baaf95a94c13c537eca72b40419e26665c107eb93bfd39f5670,f47cc6d4e46831f9,image/jpeg,512,512,"{""category"": ""Food"", ""product_name"": ""Pulse Granola Snack"", ""tagline"": ""Eco-Friendly. Built for fitness lovers."", ""target_audience"": ""fitness lovers"", ""text_source_model"": ""tinyllama""}",462,1.0.0,source-derived label; no independent expert image audit
safe-f3c4d1f9f220c145,safe,Beauty,train,data/capstone_dataset/train/safe/safe-f3c4d1f9f220c145.jpg,EthanGabis/ADautoGen-DS,https://huggingface.co/datasets/EthanGabis/ADautoGen-DS,https://huggingface.co/datasets/EthanGabis/ADautoGen-DS/tree/fa7a7803265fc97926d7fab694bfc1e05c1fc7b4,fa7a7803265fc97926d7fab694bfc1e05c1fc7b4,data/train-00000-of-00001.parquet#row=46,https://huggingface.co/datasets/EthanGabis/ADautoGen-DS/resolve/fa7a7803265fc97926d7fab694bfc1e05c1fc7b4/data/train-00000-of-00001.parquet,46,adautogen-product::bloom-sunscreen-tube,exact product_name; repeated product campaigns stay together,deterministic_source_group_partition,MIT,repository README statement; generated images have no per-row license field,https://huggingface.co/datasets/EthanGabis/ADautoGen-DS/blob/fa7a7803265fc97926d7fab694bfc1e05c1fc7b4/README.md#license,true,Dataset README states images were generated with Stable Diffusion v1.5,Stable Diffusion v1.5 (declared by source README),94eb1dad55a1d4e734529eaa7d96c7be8db31fdc8d7c030946a6ddc84b28accd,f3c4d1f9f220c1450ced98961bc8b8e3bb468aa36c613a2cc743654cbbd76060,e2fc6a475e8f5305e1962f306d1e3008183bdbd2165e1db434294494396077ed,3f3b262606872737,image/jpeg,512,512,"{""category"": ""Beauty"", ""product_name"": ""Bloom Sunscreen Tube"", ""tagline"": ""\""Sunshine in your gym bag - Bloom's eco-friendly sunscreen tube for the fit and "", ""target_audience"": ""fitness lovers"", ""text_source_model"": ""qwen-1.8b""}",462,1.0.0,source-derived label; no independent expert image audit
firearms-04bf82b0bf490b2f,firearms,rifile,train,data/capstone_dataset/train/firearms/firearms-04bf82b0bf490b2f.jpg,rajshivanshuu/weapons_set1,https://huggingface.co/datasets/rajshivanshuu/weapons_set1,https://huggingface.co/datasets/rajshivanshuu/weapons_set1/tree/d4d9dbc8272958820a3f6757e4c48d8987300271,d4d9dbc8272958820a3f6757e4c48d8987300271,rifile/rifle1101_jpg.rf.b2aa5b7dc15c54f0f9105910d3b16543.jpg,https://huggingface.co/datasets/rajshivanshuu/weapons_set1/resolve/d4d9dbc8272958820a3f6757e4c48d8987300271/rifile/rifle1101_jpg.rf.b2aa5b7dc15c54f0f9105910d3b16543.jpg,rifle1101,weapons-set1::rifile::rifle1101,source class plus pre-Roboflow source basename,deterministic_source_group_partition,OSL-3.0,repository-level card metadata only; per-image provenance and rights are absent,https://huggingface.co/datasets/rajshivanshuu/weapons_set1/blob/d4d9dbc8272958820a3f6757e4c48d8987300271/README.md,false,Repository card does not declare synthesis; false is not an authenticity guarantee,,04bf82b0bf490b2fb3dcde40bd1c58340721660f82ce9ebb76f7bfe78c1e04bd,04bf82b0bf490b2fb3dcde40bd1c58340721660f82ce9ebb76f7bfe78c1e04bd,24bc73d3ac268a275d107fd10362f0f3b39ef7010329167cebccc1910821de12,67e8d09000204000,image/jpeg,416,416,"{""source_folder"": ""rifile""}",462,1.0.0,source-derived label; no independent expert image audit
firearms-07f819034236b829,firearms,pistol,train,data/capstone_dataset/train/firearms/firearms-07f819034236b829.jpg,rajshivanshuu/weapons_set1,https://huggingface.co/datasets/rajshivanshuu/weapons_set1,https://huggingface.co/datasets/rajshivanshuu/weapons_set1/tree/d4d9dbc8272958820a3f6757e4c48d8987300271,d4d9dbc8272958820a3f6757e4c48d8987300271,pistol/pistol906_jpg.rf.6b023398b1e30044335c259cd7c41213.jpg,https://huggingface.co/datasets/rajshivanshuu/weapons_set1/resolve/d4d9dbc8272958820a3f6757e4c48d8987300271/pistol/pistol906_jpg.rf.6b023398b1e30044335c259cd7c41213.jpg,pistol906,weapons-set1::pistol::pistol906,source class plus pre-Roboflow source basename,deterministic_source_group_partition,OSL-3.0,repository-level card metadata only; per-image provenance and rights are absent,https://huggingface.co/datasets/rajshivanshuu/weapons_set1/blob/d4d9dbc8272958820a3f6757e4c48d8987300271/README.md,false,Repository card does not declare synthesis; false is not an authenticity guarantee,,07f819034236b8296a27a61bb232e4af43a10a755777d4e2f4f72ee49b8bc84a,07f819034236b8296a27a61bb232e4af43a10a755777d4e2f4f72ee49b8bc84a,e87f3208616281218860fbca4c00d34273406532327a2b1b1a03e78369b876eb,870676628e8c8e8e,image/jpeg,416,416,"{""source_folder"": ""pistol""}",462,1.0.0,source-derived label; no independent expert image audit
firearms-0b0c5988b94c6658,firearms,rifile,train,data/capstone_dataset/train/firearms/firearms-0b0c5988b94c6658.jpg,rajshivanshuu/weapons_set1,https://huggingface.co/datasets/rajshivanshuu/weapons_set1,https://huggingface.co/datasets/rajshivanshuu/weapons_set1/tree/d4d9dbc8272958820a3f6757e4c48d8987300271,d4d9dbc8272958820a3f6757e4c48d8987300271,rifile/Shotgun_57.jpeg,https://huggingface.co/datasets/rajshivanshuu/weapons_set1/resolve/d4d9dbc8272958820a3f6757e4c48d8987300271/rifile/Shotgun_57.jpeg,shotgun-57,weapons-set1::rifile::shotgun-57,source class plus pre-Roboflow source basename,deterministic_source_group_partition,OSL-3.0,repository-level card metadata only; per-image provenance and rights are absent,https://huggingface.co/datasets/rajshivanshuu/weapons_set1/blob/d4d9dbc8272958820a3f6757e4c48d8987300271/README.md,false,Repository card does not declare synthesis; false is not an authenticity guarantee,,0b0c5988b94c665803a8057bb0cfee48e155253054c07df9adef573a481c11b5,0b0c5988b94c665803a8057bb0cfee48e155253054c07df9adef573a481c11b5,460c40787b38062c419e7f9718c05dd37ccd55a253818e9ddc2c16ffed031d2a,2080728c8c421800,image/jpeg,253,111,"{""source_folder"": ""rifile""}",462,1.0.0,source-derived label; no independent expert image audit
firearms-0ec0876d701ac8e3,firearms,pistol,train,data/capstone_dataset/train/firearms/firearms-0ec0876d701ac8e3.jpg,rajshivanshuu/weapons_set1,https://huggingface.co/datasets/rajshivanshuu/weapons_set1,https://huggingface.co/datasets/rajshivanshuu/weapons_set1/tree/d4d9dbc8272958820a3f6757e4c48d8987300271,d4d9dbc8272958820a3f6757e4c48d8987300271,pistol/1764_jpg.rf.7e4180073819a6c902b532fa479d7e33.jpg,https://huggingface.co/datasets/rajshivanshuu/weapons_set1/resolve/d4d9dbc8272958820a3f6757e4c48d8987300271/pistol/1764_jpg.rf.7e4180073819a6c902b532fa479d7e33.jpg,1764,weapons-set1::pistol::1764,source class plus pre-Roboflow source basename,deterministic_source_group_partition,OSL-3.0,repository-level card metadata only; per-image provenance and rights are absent,https://huggingface.co/datasets/rajshivanshuu/weapons_set1/blob/d4d9dbc8272958820a3f6757e4c48d8987300271/README.md,false,Repository card does not declare synthesis; false is not an authenticity guarantee,,0ec0876d701ac8e3936d274be4227feced79d541e57affc0d06bf097bb6cffdc,0ec0876d701ac8e3936d274be4227feced79d541e57affc0d06bf097bb6cffdc,69847b1e15d7e51b7fa5b6d6ee7bbf6057c2e259ea305f81c18e1b429c2bc348,32c9f83cde760616,image/jpeg,640,640,"{""source_folder"": ""pistol""}",462,1.0.0,source-derived label; no independent expert image audit
firearms-2ba90b92b1d2e1ec,firearms,pistol,train,data/capstone_dataset/train/firearms/firearms-2ba90b92b1d2e1ec.jpg,rajshivanshuu/weapons_set1,https://huggingface.co/datasets/rajshivanshuu/weapons_set1,https://huggingface.co/datasets/rajshivanshuu/weapons_set1/tree/d4d9dbc8272958820a3f6757e4c48d8987300271,d4d9dbc8272958820a3f6757e4c48d8987300271,pistol/1858_jpg.rf.68c07c0d0fdfb9b410f5a067cf19e95b.jpg,https://huggingface.co/datasets/rajshivanshuu/weapons_set1/resolve/d4d9dbc8272958820a3f6757e4c48d8987300271/pistol/1858_jpg.rf.68c07c0d0fdfb9b410f5a067cf19e95b.jpg,1858,weapons-set1::pistol::1858,source class plus pre-Roboflow source basename,deterministic_source_group_partition,OSL-3.0,repository-level card metadata only; per-image provenance and rights are absent,https://huggingface.co/datasets/rajshivanshuu/weapons_set1/blob/d4d9dbc8272958820a3f6757e4c48d8987300271/README.md,false,Repository card does not declare synthesis; false is not an authenticity guarantee,,2ba90b92b1d2e1ecc936a24ebbcb46206700a0e2a55accb11c221da25b5e70cd,2ba90b92b1d2e1ecc936a24ebbcb46206700a0e2a55accb11c221da25b5e70cd,10c7b9fd217c64993720a06115673514aa3ed976fbc7597a86c57f9ca8379444,87cac8c08a8490c0,image/jpeg,640,640,"{""source_folder"": ""pistol""}",462,1.0.0,source-derived label; no independent expert image audit
firearms-300611d3a6f97742,firearms,pistol,train,data/capstone_dataset/train/firearms/firearms-300611d3a6f97742.jpg,rajshivanshuu/weapons_set1,https://huggingface.co/datasets/rajshivanshuu/weapons_set1,https://huggingface.co/datasets/rajshivanshuu/weapons_set1/tree/d4d9dbc8272958820a3f6757e4c48d8987300271,d4d9dbc8272958820a3f6757e4c48d8987300271,pistol/1626_jpg.rf.264109a41a1450a7729e6abbec4f5641.jpg,https://huggingface.co/datasets/rajshivanshuu/weapons_set1/resolve/d4d9dbc8272958820a3f6757e4c48d8987300271/pistol/1626_jpg.rf.264109a41a1450a7729e6abbec4f5641.jpg,1626,weapons-set1::pistol::1626,source class plus pre-Roboflow source basename,deterministic_source_group_partition,OSL-3.0,repository-level card metadata only; per-image provenance and rights are absent,https://huggingface.co/datasets/rajshivanshuu/weapons_set1/blob/d4d9dbc8272958820a3f6757e4c48d8987300271/README.md,false,Repository card does not declare synthesis; false is not an authenticity guarantee,,300611d3a6f977425c5142680d5ab76ef544c4da8b53b41f4903531092cf8b6a,300611d3a6f977425c5142680d5ab76ef544c4da8b53b41f4903531092cf8b6a,44b14c9914ac4fff86416d118ee79c6256f2eb8df7d946d08ceca1d2259b39ca,cad2c0c0c68890d0,image/jpeg,640,640,"{""source_folder"": ""pistol""}",462,1.0.0,source-derived label; no independent expert image audit
firearms-332a75449afd5eec,firearms,rifile,train,data/capstone_dataset/train/firearms/firearms-332a75449afd5eec.jpg,rajshivanshuu/weapons_set1,https://huggingface.co/datasets/rajshivanshuu/weapons_set1,https://huggingface.co/datasets/rajshivanshuu/weapons_set1/tree/d4d9dbc8272958820a3f6757e4c48d8987300271,d4d9dbc8272958820a3f6757e4c48d8987300271,rifile/Shotgun_69.jpeg,https://huggingface.co/datasets/rajshivanshuu/weapons_set1/resolve/d4d9dbc8272958820a3f6757e4c48d8987300271/rifile/Shotgun_69.jpeg,shotgun-69,weapons-set1::rifile::shotgun-69,source class plus pre-Roboflow source basename,deterministic_source_group_partition,OSL-3.0,repository-level card metadata only; per-image provenance and rights are absent,https://huggingface.co/datasets/rajshivanshuu/weapons_set1/blob/d4d9dbc8272958820a3f6757e4c48d8987300271/README.md,false,Repository card does not declare synthesis; false is not an authenticity guarantee,,332a75449afd5eec17c16a3aa68dba69a448789775e62fe15b85e4135c1b388e,332a75449afd5eec17c16a3aa68dba69a448789775e62fe15b85e4135c1b388e,8148731c4919cfaea98d71cbf1c13f2245d6abdd30cc85b5bc4b24ef86093f91,132e5cb871c28810,image/jpeg,738,768,"{""source_folder"": ""rifile""}",462,1.0.0,source-derived label; no independent expert image audit
firearms-406a1acdaa081876,firearms,pistol,train,data/capstone_dataset/train/firearms/firearms-406a1acdaa081876.jpg,rajshivanshuu/weapons_set1,https://huggingface.co/datasets/rajshivanshuu/weapons_set1,https://huggingface.co/datasets/rajshivanshuu/weapons_set1/tree/d4d9dbc8272958820a3f6757e4c48d8987300271,d4d9dbc8272958820a3f6757e4c48d8987300271,pistol/1834_jpg.rf.cb2b9f3d758a9098ec2d35dce8ff2b37.jpg,https://huggingface.co/datasets/rajshivanshuu/weapons_set1/resolve/d4d9dbc8272958820a3f6757e4c48d8987300271/pistol/1834_jpg.rf.cb2b9f3d758a9098ec2d35dce8ff2b37.jpg,1834,weapons-set1::pistol::1834,source class plus pre-Roboflow source basename,deterministic_source_group_partition,OSL-3.0,repository-level card metadata only; per-image provenance and rights are absent,https://huggingface.co/datasets/rajshivanshuu/weapons_set1/blob/d4d9dbc8272958820a3f6757e4c48d8987300271/README.md,false,Repository card does not declare synthesis; false is not an authenticity guarantee,,406a1acdaa0818763ea3af1510669ad441dceaad774f1ed9e7c7cf6a6a55bb26,406a1acdaa0818763ea3af1510669ad441dceaad774f1ed9e7c7cf6a6a55bb26,c1fa915898b9d9f03f9b8cc7af5779407e164037e1a5c47b033e661fef0c56ee,3089f27ebe360616,image/jpeg,640,640,"{""source_folder"": ""pistol""}",462,1.0.0,source-derived label; no independent expert image audit
firearms-46677aea10693273,firearms,pistol,train,data/capstone_dataset/train/firearms/firearms-46677aea10693273.jpg,rajshivanshuu/weapons_set1,https://huggingface.co/datasets/rajshivanshuu/weapons_set1,https://huggingface.co/datasets/rajshivanshuu/weapons_set1/tree/d4d9dbc8272958820a3f6757e4c48d8987300271,d4d9dbc8272958820a3f6757e4c48d8987300271,pistol/1871_jpg.rf.f8955484ac4259edfcf87127e2ca0532.jpg,https://huggingface.co/datasets/rajshivanshuu/weapons_set1/resolve/d4d9dbc8272958820a3f6757e4c48d8987300271/pistol/1871_jpg.rf.f8955484ac4259edfcf87127e2ca0532.jpg,1871,weapons-set1::pistol::1871,source class plus pre-Roboflow source basename,deterministic_source_group_partition,OSL-3.0,repository-level card metadata only; per-image provenance and rights are absent,https://huggingface.co/datasets/rajshivanshuu/weapons_set1/blob/d4d9dbc8272958820a3f6757e4c48d8987300271/README.md,false,Repository card does not declare synthesis; false is not an authenticity guarantee,,46677aea1069327377f2f40925b52dc1253bd4b34a892e69054191ae6fa55381,46677aea1069327377f2f40925b52dc1253bd4b34a892e69054191ae6fa55381,bc68d2cf47b0936664f165791879f98caccb44e5f1846565f30083ccc53ea132,19e47c9c5e1a5656,image/jpeg,640,640,"{""source_folder"": ""pistol""}",462,1.0.0,source-derived label; no independent expert image audit
firearms-48e9d42aed7e6ffb,firearms,pistol,train,data/capstone_dataset/train/firearms/firearms-48e9d42aed7e6ffb.jpg,rajshivanshuu/weapons_set1,https://huggingface.co/datasets/rajshivanshuu/weapons_set1,https://huggingface.co/datasets/rajshivanshuu/weapons_set1/tree/d4d9dbc8272958820a3f6757e4c48d8987300271,d4d9dbc8272958820a3f6757e4c48d8987300271,pistol/1294_jpg.rf.f586b4e0f0ed9490e4d08bea6f434e38.jpg,https://huggingface.co/datasets/rajshivanshuu/weapons_set1/resolve/d4d9dbc8272958820a3f6757e4c48d8987300271/pistol/1294_jpg.rf.f586b4e0f0ed9490e4d08bea6f434e38.jpg,1294,weapons-set1::pistol::1294,source class plus pre-Roboflow source basename,deterministic_source_group_partition,OSL-3.0,repository-level card metadata only; per-image provenance and rights are absent,https://huggingface.co/datasets/rajshivanshuu/weapons_set1/blob/d4d9dbc8272958820a3f6757e4c48d8987300271/README.md,false,Repository card does not declare synthesis; false is not an authenticity guarantee,,48e9d42aed7e6ffb8f2ea08cc680bc579b935721a29e732eb035fc5b56173dad,48e9d42aed7e6ffb8f2ea08cc680bc579b935721a29e732eb035fc5b56173dad,959f65bb61d68b0819d96e8f48ff9e5d61fdc5ff9959ced51329b2e19aea43be,699979f0c4d602c1,image/jpeg,640,640,"{""source_folder"": ""pistol""}",462,1.0.0,source-derived label; no independent expert image audit
firearms-4ac7af60b77b1a19,firearms,pistol,train,data/capstone_dataset/train/firearms/firearms-4ac7af60b77b1a19.jpg,rajshivanshuu/weapons_set1,https://huggingface.co/datasets/rajshivanshuu/weapons_set1,https://huggingface.co/datasets/rajshivanshuu/weapons_set1/tree/d4d9dbc8272958820a3f6757e4c48d8987300271,d4d9dbc8272958820a3f6757e4c48d8987300271,pistol/pistol843_jpg.rf.1f29877d9cc7ed4881ab7f954cc3200a.jpg,https://huggingface.co/datasets/rajshivanshuu/weapons_set1/resolve/d4d9dbc8272958820a3f6757e4c48d8987300271/pistol/pistol843_jpg.rf.1f29877d9cc7ed4881ab7f954cc3200a.jpg,pistol843,weapons-set1::pistol::pistol843,source class plus pre-Roboflow source basename,deterministic_source_group_partition,OSL-3.0,repository-level card metadata only; per-image provenance and rights are absent,https://huggingface.co/datasets/rajshivanshuu/weapons_set1/blob/d4d9dbc8272958820a3f6757e4c48d8987300271/README.md,false,Repository card does not declare synthesis; false is not an authenticity guarantee,,4ac7af60b77b1a19be9bed131e7863bdc71de48510030f8955eb296fb107fb22,4ac7af60b77b1a19be9bed131e7863bdc71de48510030f8955eb296fb107fb22,f4d18812788dd23957dcd2953c6e0e894c5b1610884ae25f1ac632c24e7c951b,94fcfc3cbc061614,image/jpeg,416,416,"{""source_folder"": ""pistol""}",462,1.0.0,source-derived label; no independent expert image audit
firearms-4dbb6a38eed6a40a,firearms,rifile,train,data/capstone_dataset/train/firearms/firearms-4dbb6a38eed6a40a.jpg,rajshivanshuu/weapons_set1,https://huggingface.co/datasets/rajshivanshuu/weapons_set1,https://huggingface.co/datasets/rajshivanshuu/weapons_set1/tree/d4d9dbc8272958820a3f6757e4c48d8987300271,d4d9dbc8272958820a3f6757e4c48d8987300271,rifile/rifle1175_jpg.rf.07e25ee53a471be627d0350e607d1885.jpg,https://huggingface.co/datasets/rajshivanshuu/weapons_set1/resolve/d4d9dbc8272958820a3f6757e4c48d8987300271/rifile/rifle1175_jpg.rf.07e25ee53a471be627d0350e607d1885.jpg,rifle1175,weapons-set1::rifile::rifle1175,source class plus pre-Roboflow source basename,deterministic_source_group_partition,OSL-3.0,repository-level card metadata only; per-image provenance and rights are absent,https://huggingface.co/datasets/rajshivanshuu/weapons_set1/blob/d4d9dbc8272958820a3f6757e4c48d8987300271/README.md,false,Repository card does not declare synthesis; false is not an authenticity guarantee,,4dbb6a38eed6a40a0764c6bab4b223d7fef67205c70efbe53e35a6a6d854e774,4dbb6a38eed6a40a0764c6bab4b223d7fef67205c70efbe53e35a6a6d854e774,ae5c1fd4ecd7ea2d480a2f8cb654ed692fa5610bf55caa6a51ad3efbedbcb616,0671f82e21a4b434,image/jpeg,416,416,"{""source_folder"": ""rifile""}",462,1.0.0,source-derived label; no independent expert image audit
firearms-4e4ca6aff50bcefa,firearms,pistol,train,data/capstone_dataset/train/firearms/firearms-4e4ca6aff50bcefa.jpg,rajshivanshuu/weapons_set1,https://huggingface.co/datasets/rajshivanshuu/weapons_set1,https://huggingface.co/datasets/rajshivanshuu/weapons_set1/tree/d4d9dbc8272958820a3f6757e4c48d8987300271,d4d9dbc8272958820a3f6757e4c48d8987300271,pistol/1465_jpg.rf.c61c490b619f7658e9f1636c16bd953f.jpg,https://huggingface.co/datasets/rajshivanshuu/weapons_set1/resolve/d4d9dbc8272958820a3f6757e4c48d8987300271/pistol/1465_jpg.rf.c61c490b619f7658e9f1636c16bd953f.jpg,1465,weapons-set1::pistol::1465,source class plus pre-Roboflow source basename,deterministic_source_group_partition,OSL-3.0,repository-level card metadata only; per-image provenance and rights are absent,https://huggingface.co/datasets/rajshivanshuu/weapons_set1/blob/d4d9dbc8272958820a3f6757e4c48d8987300271/README.md,false,Repository card does not declare synthesis; false is not an authenticity guarantee,,4e4ca6aff50bcefadc8276769166c406c9782bfd1f6431544c9979537068c083,4e4ca6aff50bcefadc8276769166c406c9782bfd1f6431544c9979537068c083,cd0dea29362db12c502252dbe95b8cce9b8ee8e0e2ff3c63ea9708d5398bd1e6,2c94fc3c3c2e1616,image/jpeg,640,640,"{""source_folder"": ""pistol""}",462,1.0.0,source-derived label; no independent expert image audit
firearms-608c32498c1e3d23,firearms,pistol,train,data/capstone_dataset/train/firearms/firearms-608c32498c1e3d23.jpg,rajshivanshuu/weapons_set1,https://huggingface.co/datasets/rajshivanshuu/weapons_set1,https://huggingface.co/datasets/rajshivanshuu/weapons_set1/tree/d4d9dbc8272958820a3f6757e4c48d8987300271,d4d9dbc8272958820a3f6757e4c48d8987300271,pistol/1901_jpg.rf.2650897c2fc4318c807938c934ec9b93.jpg,https://huggingface.co/datasets/rajshivanshuu/weapons_set1/resolve/d4d9dbc8272958820a3f6757e4c48d8987300271/pistol/1901_jpg.rf.2650897c2fc4318c807938c934ec9b93.jpg,1901,weapons-set1::pistol::1901,source class plus pre-Roboflow source basename,deterministic_source_group_partition,OSL-3.0,repository-level card metadata only; per-image provenance and rights are absent,https://huggingface.co/datasets/rajshivanshuu/weapons_set1/blob/d4d9dbc8272958820a3f6757e4c48d8987300271/README.md,false,Repository card does not declare synthesis; false is not an authenticity guarantee,,608c32498c1e3d23f4cc78fe96aa7838f0a7639c8059f1c64d97d2f904476f3f,608c32498c1e3d23f4cc78fe96aa7838f0a7639c8059f1c64d97d2f904476f3f,652010325f67b29333510e2b7864997dea62af36250c8281b8f61589a5c34800,19e47c9c5e1a0227,image/jpeg,640,640,"{""source_folder"": ""pistol""}",462,1.0.0,source-derived label; no independent expert image audit
firearms-672a5c34cb14a436,firearms,rifile,train,data/capstone_dataset/train/firearms/firearms-672a5c34cb14a436.jpg,rajshivanshuu/weapons_set1,https://huggingface.co/datasets/rajshivanshuu/weapons_set1,https://huggingface.co/datasets/rajshivanshuu/weapons_set1/tree/d4d9dbc8272958820a3f6757e4c48d8987300271,d4d9dbc8272958820a3f6757e4c48d8987300271,rifile/rifle1160_jpg.rf.16eb1dc74bdf7755e2e5b9961877c20e.jpg,https://huggingface.co/datasets/rajshivanshuu/weapons_set1/resolve/d4d9dbc8272958820a3f6757e4c48d8987300271/rifile/rifle1160_jpg.rf.16eb1dc74bdf7755e2e5b9961877c20e.jpg,rifle1160,weapons-set1::rifile::rifle1160,source class plus pre-Roboflow source basename,deterministic_source_group_partition,OSL-3.0,repository-level card metadata only; per-image provenance and rights are absent,https://huggingface.co/datasets/rajshivanshuu/weapons_set1/blob/d4d9dbc8272958820a3f6757e4c48d8987300271/README.md,false,Repository card does not declare synthesis; false is not an authenticity guarantee,,672a5c34cb14a43610e13500c710867a616073cc2d5bbed33bfb0e0412fcfe50,672a5c34cb14a43610e13500c710867a616073cc2d5bbed33bfb0e0412fcfe50,bde883bae873f3e95f6c353a89c7c836d0fe7a1cee28d1312a59b678814eb4b9,c7a88c9809240040,image/jpeg,416,416,"{""source_folder"": ""rifile""}",462,1.0.0,source-derived label; no independent expert image audit
firearms-74ce871bc526b686,firearms,rifile,train,data/capstone_dataset/train/firearms/firearms-74ce871bc526b686.jpg,rajshivanshuu/weapons_set1,https://huggingface.co/datasets/rajshivanshuu/weapons_set1,https://huggingface.co/datasets/rajshivanshuu/weapons_set1/tree/d4d9dbc8272958820a3f6757e4c48d8987300271,d4d9dbc8272958820a3f6757e4c48d8987300271,rifile/Shotgun_68.jpeg,https://huggingface.co/datasets/rajshivanshuu/weapons_set1/resolve/d4d9dbc8272958820a3f6757e4c48d8987300271/rifile/Shotgun_68.jpeg,shotgun-68,weapons-set1::rifile::shotgun-68,source class plus pre-Roboflow source basename,deterministic_source_group_partition,OSL-3.0,repository-level card metadata only; per-image provenance and rights are absent,https://huggingface.co/datasets/rajshivanshuu/weapons_set1/blob/d4d9dbc8272958820a3f6757e4c48d8987300271/README.md,false,Repository card does not declare synthesis; false is not an authenticity guarantee,,74ce871bc526b6868a4ec4767ded07295c55ce7222474f89682d182aa7b7e925,74ce871bc526b6868a4ec4767ded07295c55ce7222474f89682d182aa7b7e925,1d849037952d1783c97868da470a7ba66f63b3ac1f3641c20281cacad446d248,000000e010000000,image/jpeg,768,768,"{""source_folder"": ""rifile""}",462,1.0.0,source-derived label; no independent expert image audit
firearms-75b25cd76dcaad90,firearms,pistol,train,data/capstone_dataset/train/firearms/firearms-75b25cd76dcaad90.jpg,rajshivanshuu/weapons_set1,https://huggingface.co/datasets/rajshivanshuu/weapons_set1,https://huggingface.co/datasets/rajshivanshuu/weapons_set1/tree/d4d9dbc8272958820a3f6757e4c48d8987300271,d4d9dbc8272958820a3f6757e4c48d8987300271,pistol/pistol948_jpg.rf.285104004cc6dbd2d7be87e6dc24b098.jpg,https://huggingface.co/datasets/rajshivanshuu/weapons_set1/resolve/d4d9dbc8272958820a3f6757e4c48d8987300271/pistol/pistol948_jpg.rf.285104004cc6dbd2d7be87e6dc24b098.jpg,pistol948,weapons-set1::pistol::pistol948,source class plus pre-Roboflow source basename,deterministic_source_group_partition,OSL-3.0,repository-level card metadata only; per-image provenance and rights are absent,https://huggingface.co/datasets/rajshivanshuu/weapons_set1/blob/d4d9dbc8272958820a3f6757e4c48d8987300271/README.md,false,Repository card does not declare synthesis; false is not an authenticity guarantee,,75b25cd76dcaad9011cd8f6cdd5dc0ee8128a798c7247aa20493fa7c3868cd08,75b25cd76dcaad9011cd8f6cdd5dc0ee8128a798c7247aa20493fa7c3868cd08,dd5d421d8ec81742c34688c646256e720e29dd3bcd07694ff3fccb21d81768dc,32b0e662d0b0b070,image/jpeg,416,416,"{""source_folder"": ""pistol""}",462,1.0.0,source-derived label; no independent expert image audit
firearms-7a6e083d3dc1afa9,firearms,pistol,train,data/capstone_dataset/train/firearms/firearms-7a6e083d3dc1afa9.jpg,rajshivanshuu/weapons_set1,https://huggingface.co/datasets/rajshivanshuu/weapons_set1,https://huggingface.co/datasets/rajshivanshuu/weapons_set1/tree/d4d9dbc8272958820a3f6757e4c48d8987300271,d4d9dbc8272958820a3f6757e4c48d8987300271,pistol/1976_jpg.rf.411bd8388755fa41e8f64bbbe454a4d9.jpg,https://huggingface.co/datasets/rajshivanshuu/weapons_set1/resolve/d4d9dbc8272958820a3f6757e4c48d8987300271/pistol/1976_jpg.rf.411bd8388755fa41e8f64bbbe454a4d9.jpg,1976,weapons-set1::pistol::1976,source class plus pre-Roboflow source basename,deterministic_source_group_partition,OSL-3.0,repository-level card metadata only; per-image provenance and rights are absent,https://huggingface.co/datasets/rajshivanshuu/weapons_set1/blob/d4d9dbc8272958820a3f6757e4c48d8987300271/README.md,false,Repository card does not declare synthesis; false is not an authenticity guarantee,,7a6e083d3dc1afa9d5d950eb479f773538c532ac155a1698d738ec8fc6f1a2e2,7a6e083d3dc1afa9d5d950eb479f773538c532ac155a1698d738ec8fc6f1a2e2,a01273c18764fec699fa1b94613891ce71b8257acf307727ced332e9c005bbc1,84c2de7cac6e2e2c,image/jpeg,640,640,"{""source_folder"": ""pistol""}",462,1.0.0,source-derived label; no independent expert image audit
firearms-7ae84893226ac6ec,firearms,pistol,train,data/capstone_dataset/train/firearms/firearms-7ae84893226ac6ec.jpg,rajshivanshuu/weapons_set1,https://huggingface.co/datasets/rajshivanshuu/weapons_set1,https://huggingface.co/datasets/rajshivanshuu/weapons_set1/tree/d4d9dbc8272958820a3f6757e4c48d8987300271,d4d9dbc8272958820a3f6757e4c48d8987300271,pistol/1588_jpg.rf.8e2d7a91c4bad3463c842238d441ad5e.jpg,https://huggingface.co/datasets/rajshivanshuu/weapons_set1/resolve/d4d9dbc8272958820a3f6757e4c48d8987300271/pistol/1588_jpg.rf.8e2d7a91c4bad3463c842238d441ad5e.jpg,1588,weapons-set1::pistol::1588,source class plus pre-Roboflow source basename,deterministic_source_group_partition,OSL-3.0,repository-level card metadata only; per-image provenance and rights are absent,https://huggingface.co/datasets/rajshivanshuu/weapons_set1/blob/d4d9dbc8272958820a3f6757e4c48d8987300271/README.md,false,Repository card does not declare synthesis; false is not an authenticity guarantee,,7ae84893226ac6ec70158f76fd2de72ca51f8a9beb4298989e824b905f219e1e,7ae84893226ac6ec70158f76fd2de72ca51f8a9beb4298989e824b905f219e1e,d7a9fd2c91b8c5e7d0f17972755966ae345ee0517ecae69466cf34c44f76b834,5574606161c9c149,image/jpeg,640,640,"{""source_folder"": ""pistol""}",462,1.0.0,source-derived label; no independent expert image audit
firearms-8765f25d7d48dc8c,firearms,rifile,train,data/capstone_dataset/train/firearms/firearms-8765f25d7d48dc8c.jpg,rajshivanshuu/weapons_set1,https://huggingface.co/datasets/rajshivanshuu/weapons_set1,https://huggingface.co/datasets/rajshivanshuu/weapons_set1/tree/d4d9dbc8272958820a3f6757e4c48d8987300271,d4d9dbc8272958820a3f6757e4c48d8987300271,rifile/Shotgun_67.png,https://huggingface.co/datasets/rajshivanshuu/weapons_set1/resolve/d4d9dbc8272958820a3f6757e4c48d8987300271/rifile/Shotgun_67.png,shotgun-67,weapons-set1::rifile::shotgun-67,source class plus pre-Roboflow source basename,deterministic_source_group_partition,OSL-3.0,repository-level card metadata only; per-image provenance and rights are absent,https://huggingface.co/datasets/rajshivanshuu/weapons_set1/blob/d4d9dbc8272958820a3f6757e4c48d8987300271/README.md,false,Repository card does not declare synthesis; false is not an authenticity guarantee,,8765f25d7d48dc8c09cfff4561998a92cf384b61340c6e14cf88bc0c2fad7b83,8765f25d7d48dc8c09cfff4561998a92cf384b61340c6e14cf88bc0c2fad7b83,04353fbac4103bb95da6778f191da1b679d4d02d6c546028166e6cb5e9cd3e7d,c23060d8c2b86c4c,image/jpeg,448,340,"{""source_folder"": ""rifile""}",462,1.0.0,source-derived label; no independent expert image audit
firearms-8a6c93a86ee9c0fa,firearms,pistol,train,data/capstone_dataset/train/firearms/firearms-8a6c93a86ee9c0fa.jpg,rajshivanshuu/weapons_set1,https://huggingface.co/datasets/rajshivanshuu/weapons_set1,https://huggingface.co/datasets/rajshivanshuu/weapons_set1/tree/d4d9dbc8272958820a3f6757e4c48d8987300271,d4d9dbc8272958820a3f6757e4c48d8987300271,pistol/1853_jpg.rf.f17bf40fc20d51475018709dba0300ac.jpg,https://huggingface.co/datasets/rajshivanshuu/weapons_set1/resolve/d4d9dbc8272958820a3f6757e4c48d8987300271/pistol/1853_jpg.rf.f17bf40fc20d51475018709dba0300ac.jpg,1853,weapons-set1::pistol::1853,source class plus pre-Roboflow source basename,deterministic_source_group_partition,OSL-3.0,repository-level card metadata only; per-image provenance and rights are absent,https://huggingface.co/datasets/rajshivanshuu/weapons_set1/blob/d4d9dbc8272958820a3f6757e4c48d8987300271/README.md,false,Repository card does not declare synthesis; false is not an authenticity guarantee,,8a6c93a86ee9c0fa00702686b1a3f698a1032709aa7246f10ff96afdcb6cc207,8a6c93a86ee9c0fa00702686b1a3f698a1032709aa7246f10ff96afdcb6cc207,b9491cdd4ff0005548a266b22cd6792db60b5ddac3690280f557b7aaf0d6d86b,89cfc8c8ca888080,image/jpeg,640,640,"{""source_folder"": ""pistol""}",462,1.0.0,source-derived label; no independent expert image audit
firearms-8d302f585c42a951,firearms,pistol,train,data/capstone_dataset/train/firearms/firearms-8d302f585c42a951.jpg,rajshivanshuu/weapons_set1,https://huggingface.co/datasets/rajshivanshuu/weapons_set1,https://huggingface.co/datasets/rajshivanshuu/weapons_set1/tree/d4d9dbc8272958820a3f6757e4c48d8987300271,d4d9dbc8272958820a3f6757e4c48d8987300271,pistol/1744_jpg.rf.5fba25e32ed97785fddeab83ea8ee250.jpg,https://huggingface.co/datasets/rajshivanshuu/weapons_set1/resolve/d4d9dbc8272958820a3f6757e4c48d8987300271/pistol/1744_jpg.rf.5fba25e32ed97785fddeab83ea8ee250.jpg,1744,weapons-set1::pistol::1744,source class plus pre-Roboflow source basename,deterministic_source_group_partition,OSL-3.0,repository-level card metadata only; per-image provenance and rights are absent,https://huggingface.co/datasets/rajshivanshuu/weapons_set1/blob/d4d9dbc8272958820a3f6757e4c48d8987300271/README.md,false,Repository card does not declare synthesis; false is not an authenticity guarantee,,8d302f585c42a951f772ca4682cc3909b76077e97be7e9344f540bbe98005f93,8d302f585c42a951f772ca4682cc3909b76077e97be7e9344f540bbe98005f93,040faae07a6f9f9b5ce905b466b84378b9d9ebd51962763b82b6557efee7df03,1c5cb8ec6cacae2c,image/jpeg,640,640,"{""source_folder"": ""pistol""}",462,1.0.0,source-derived label; no independent expert image audit
firearms-8dfbb84675b6e59b,firearms,rifile,train,data/capstone_dataset/train/firearms/firearms-8dfbb84675b6e59b.jpg,rajshivanshuu/weapons_set1,https://huggingface.co/datasets/rajshivanshuu/weapons_set1,https://huggingface.co/datasets/rajshivanshuu/weapons_set1/tree/d4d9dbc8272958820a3f6757e4c48d8987300271,d4d9dbc8272958820a3f6757e4c48d8987300271,rifile/rifle1157_jpg.rf.7fb34957104b18682c2f6018ac2b2a04.jpg,https://huggingface.co/datasets/rajshivanshuu/weapons_set1/resolve/d4d9dbc8272958820a3f6757e4c48d8987300271/rifile/rifle1157_jpg.rf.7fb34957104b18682c2f6018ac2b2a04.jpg,rifle1157,weapons-set1::rifile::rifle1157,source class plus pre-Roboflow source basename,deterministic_source_group_partition,OSL-3.0,repository-level card metadata only; per-image provenance and rights are absent,https://huggingface.co/datasets/rajshivanshuu/weapons_set1/blob/d4d9dbc8272958820a3f6757e4c48d8987300271/README.md,false,Repository card does not declare synthesis; false is not an authenticity guarantee,,8dfbb84675b6e59b99c3e097173df109a4e95445b9dd1adab14a0c8499d233b9,8dfbb84675b6e59b99c3e097173df109a4e95445b9dd1adab14a0c8499d233b9,a4011a9e86b89b42ea3f82a1343064551ef7fe92ee19148f4c6b984515135f37,30e8e46c414c4848,image/jpeg,416,416,"{""source_folder"": ""rifile""}",462,1.0.0,source-derived label; no independent expert image audit
firearms-94408d86c86b2c8d,firearms,pistol,train,data/capstone_dataset/train/firearms/firearms-94408d86c86b2c8d.jpg,rajshivanshuu/weapons_set1,https://huggingface.co/datasets/rajshivanshuu/weapons_set1,https://huggingface.co/datasets/rajshivanshuu/weapons_set1/tree/d4d9dbc8272958820a3f6757e4c48d8987300271,d4d9dbc8272958820a3f6757e4c48d8987300271,pistol/pistol853_jpg.rf.20bfa62c044e99d7c8c84ec68c8b69aa.jpg,https://huggingface.co/datasets/rajshivanshuu/weapons_set1/resolve/d4d9dbc8272958820a3f6757e4c48d8987300271/pistol/pistol853_jpg.rf.20bfa62c044e99d7c8c84ec68c8b69aa.jpg,pistol853,weapons-set1::pistol::pistol853,source class plus pre-Roboflow source basename,deterministic_source_group_partition,OSL-3.0,repository-level card metadata only; per-image provenance and rights are absent,https://huggingface.co/datasets/rajshivanshuu/weapons_set1/blob/d4d9dbc8272958820a3f6757e4c48d8987300271/README.md,false,Repository card does not declare synthesis; false is not an authenticity guarantee,,94408d86c86b2c8d1dc0f201c4ca80963417d74e1469a2f99aee43d265d2bdd7,94408d86c86b2c8d1dc0f201c4ca80963417d74e1469a2f99aee43d265d2bdd7,db43d67f8a3f6383d17e198a44f3f5278804073d09f71d533f80f1db7b729111,0081dec0c0849000,image/jpeg,416,416,"{""source_folder"": ""pistol""}",462,1.0.0,source-derived label; no independent expert image audit
firearms-973d6b80693f0785,firearms,pistol,train,data/capstone_dataset/train/firearms/firearms-973d6b80693f0785.jpg,rajshivanshuu/weapons_set1,https://huggingface.co/datasets/rajshivanshuu/weapons_set1,https://huggingface.co/datasets/rajshivanshuu/weapons_set1/tree/d4d9dbc8272958820a3f6757e4c48d8987300271,d4d9dbc8272958820a3f6757e4c48d8987300271,pistol/1685_jpg.rf.37610f2e407f63bd3b405458e32dfd05.jpg,https://huggingface.co/datasets/rajshivanshuu/weapons_set1/resolve/d4d9dbc8272958820a3f6757e4c48d8987300271/pistol/1685_jpg.rf.37610f2e407f63bd3b405458e32dfd05.jpg,1685,weapons-set1::pistol::1685,source class plus pre-Roboflow source basename,deterministic_source_group_partition,OSL-3.0,repository-level card metadata only; per-image provenance and rights are absent,https://huggingface.co/datasets/rajshivanshuu/weapons_set1/blob/d4d9dbc8272958820a3f6757e4c48d8987300271/README.md,false,Repository card does not declare synthesis; false is not an authenticity guarantee,,973d6b80693f0785aed2992817ea5c09641ae39bf97f53f908b6d884ca8251ab,973d6b80693f0785aed2992817ea5c09641ae39bf97f53f908b6d884ca8251ab,4f05d12f8e7ef7192d596ac50dced36b67e4ad13a85575ec9bdc6fe5dfff9063,8cb6cc6cbc0e3696,image/jpeg,640,640,"{""source_folder"": ""pistol""}",462,1.0.0,source-derived label; no independent expert image audit
firearms-9f325a2ef351db2b,firearms,pistol,train,data/capstone_dataset/train/firearms/firearms-9f325a2ef351db2b.jpg,rajshivanshuu/weapons_set1,https://huggingface.co/datasets/rajshivanshuu/weapons_set1,https://huggingface.co/datasets/rajshivanshuu/weapons_set1/tree/d4d9dbc8272958820a3f6757e4c48d8987300271,d4d9dbc8272958820a3f6757e4c48d8987300271,pistol/1353_jpg.rf.709bfa50b79a27559daee79bb911bdef.jpg,https://huggingface.co/datasets/rajshivanshuu/weapons_set1/resolve/d4d9dbc8272958820a3f6757e4c48d8987300271/pistol/1353_jpg.rf.709bfa50b79a27559daee79bb911bdef.jpg,1353,weapons-set1::pistol::1353,source class plus pre-Roboflow source basename,deterministic_source_group_partition,OSL-3.0,repository-level card metadata only; per-image provenance and rights are absent,https://huggingface.co/datasets/rajshivanshuu/weapons_set1/blob/d4d9dbc8272958820a3f6757e4c48d8987300271/README.md,false,Repository card does not declare synthesis; false is not an authenticity guarantee,,9f325a2ef351db2b303df0fd3afcf61b89cc0843f3f9f06e03f7a9299fc4c9ee,9f325a2ef351db2b303df0fd3afcf61b89cc0843f3f9f06e03f7a9299fc4c9ee,43c396c39191c998fb4d64ed52804129ab351c2da0f4d904d5e7c9c6a7f011db,3e3abc0c9e161603,image/jpeg,640,640,"{""source_folder"": ""pistol""}",462,1.0.0,source-derived label; no independent expert image audit
firearms-a011ea4d7db277de,firearms,pistol,train,data/capstone_dataset/train/firearms/firearms-a011ea4d7db277de.jpg,rajshivanshuu/weapons_set1,https://huggingface.co/datasets/rajshivanshuu/weapons_set1,https://huggingface.co/datasets/rajshivanshuu/weapons_set1/tree/d4d9dbc8272958820a3f6757e4c48d8987300271,d4d9dbc8272958820a3f6757e4c48d8987300271,pistol/1917_jpg.rf.da385e6c0987c453c046c8713b34ac98.jpg,https://huggingface.co/datasets/rajshivanshuu/weapons_set1/resolve/d4d9dbc8272958820a3f6757e4c48d8987300271/pistol/1917_jpg.rf.da385e6c0987c453c046c8713b34ac98.jpg,1917,weapons-set1::pistol::1917,source class plus pre-Roboflow source basename,deterministic_source_group_partition,OSL-3.0,repository-level card metadata only; per-image provenance and rights are absent,https://huggingface.co/datasets/rajshivanshuu/weapons_set1/blob/d4d9dbc8272958820a3f6757e4c48d8987300271/README.md,false,Repository card does not declare synthesis; false is not an authenticity guarantee,,a011ea4d7db277de05e60299f3184bb75188899dea9634945f11852f0dc26b94,a011ea4d7db277de05e60299f3184bb75188899dea9634945f11852f0dc26b94,49bd391d4dec754f0907446c15d99219cb94b06d2df07c9b5c6c984ce7ff393e,3849f8365e9e120b,image/jpeg,640,640,"{""source_folder"": ""pistol""}",462,1.0.0,source-derived label; no independent expert image audit
firearms-a273453206f2eddf,firearms,pistol,train,data/capstone_dataset/train/firearms/firearms-a273453206f2eddf.jpg,rajshivanshuu/weapons_set1,https://huggingface.co/datasets/rajshivanshuu/weapons_set1,https://huggingface.co/datasets/rajshivanshuu/weapons_set1/tree/d4d9dbc8272958820a3f6757e4c48d8987300271,d4d9dbc8272958820a3f6757e4c48d8987300271,pistol/1355_jpg.rf.af16c8daf8a3b5a7e090bfb01b361936.jpg,https://huggingface.co/datasets/rajshivanshuu/weapons_set1/resolve/d4d9dbc8272958820a3f6757e4c48d8987300271/pistol/1355_jpg.rf.af16c8daf8a3b5a7e090bfb01b361936.jpg,1355,weapons-set1::pistol::1355,source class plus pre-Roboflow source basename,deterministic_source_group_partition,OSL-3.0,repository-level card metadata only; per-image provenance and rights are absent,https://huggingface.co/datasets/rajshivanshuu/weapons_set1/blob/d4d9dbc8272958820a3f6757e4c48d8987300271/README.md,false,Repository card does not declare synthesis; false is not an authenticity guarantee,,a273453206f2eddf2cd6392cf4af56c7028e6855047942f8e5ec0758f223283a,a273453206f2eddf2cd6392cf4af56c7028e6855047942f8e5ec0758f223283a,6d1b9a5c44cb743c527b1ff2229c3c2292ea90d096b73b1ac25805f9fb9d8474,83a2c0c884909000,image/jpeg,640,640,"{""source_folder"": ""pistol""}",462,1.0.0,source-derived label; no independent expert image audit
firearms-a3e1916dd7ec12fa,firearms,rifile,train,data/capstone_dataset/train/firearms/firearms-a3e1916dd7ec12fa.jpg,rajshivanshuu/weapons_set1,https://huggingface.co/datasets/rajshivanshuu/weapons_set1,https://huggingface.co/datasets/rajshivanshuu/weapons_set1/tree/d4d9dbc8272958820a3f6757e4c48d8987300271,d4d9dbc8272958820a3f6757e4c48d8987300271,rifile/Shotgun_82.png,https://huggingface.co/datasets/rajshivanshuu/weapons_set1/resolve/d4d9dbc8272958820a3f6757e4c48d8987300271/rifile/Shotgun_82.png,shotgun-82,weapons-set1::rifile::shotgun-82,source class plus pre-Roboflow source basename,deterministic_source_group_partition,OSL-3.0,repository-level card metadata only; per-image provenance and rights are absent,https://huggingface.co/datasets/rajshivanshuu/weapons_set1/blob/d4d9dbc8272958820a3f6757e4c48d8987300271/README.md,false,Repository card does not declare synthesis; false is not an authenticity guarantee,,a3e1916dd7ec12fad6bd6fd094327dab663f4105183b86c96ba91e14d8003c12,a3e1916dd7ec12fad6bd6fd094327dab663f4105183b86c96ba91e14d8003c12,843d0494f8e6d34e71e837236e542bab87b66deb508992ff234d9724efc1f2b6,00e6cccc8cb4ac00,image/jpeg,768,256,"{""source_folder"": ""rifile""}",462,1.0.0,source-derived label; no independent expert image audit
firearms-a537110a16ff5c0b,firearms,pistol,train,data/capstone_dataset/train/firearms/firearms-a537110a16ff5c0b.jpg,rajshivanshuu/weapons_set1,https://huggingface.co/datasets/rajshivanshuu/weapons_set1,https://huggingface.co/datasets/rajshivanshuu/weapons_set1/tree/d4d9dbc8272958820a3f6757e4c48d8987300271,d4d9dbc8272958820a3f6757e4c48d8987300271,pistol/1561_jpg.rf.82774016841cb6b80e1b04df11b909d7.jpg,https://huggingface.co/datasets/rajshivanshuu/weapons_set1/resolve/d4d9dbc8272958820a3f6757e4c48d8987300271/pistol/1561_jpg.rf.82774016841cb6b80e1b04df11b909d7.jpg,1561,weapons-set1::pistol::1561,source class plus pre-Roboflow source basename,deterministic_source_group_partition,OSL-3.0,repository-level card metadata only; per-image provenance and rights are absent,https://huggingface.co/datasets/rajshivanshuu/weapons_set1/blob/d4d9dbc8272958820a3f6757e4c48d8987300271/README.md,false,Repository card does not declare synthesis; false is not an authenticity guarantee,,a537110a16ff5c0b5a8f48e3d78004be60d2ed3c997ad5c2606a9762e8cccf7f,a537110a16ff5c0b5a8f48e3d78004be60d2ed3c997ad5c2606a9762e8cccf7f,bc97e49a5f6df2e5f9b0bd59d646b11f0b7f0d50bf7a4a3bcb8b0cfb5546bb90,cbc2c4c082849092,image/jpeg,640,640,"{""source_folder"": ""pistol""}",462,1.0.0,source-derived label; no independent expert image audit
firearms-a850193dfef23f8e,firearms,pistol,train,data/capstone_dataset/train/firearms/firearms-a850193dfef23f8e.jpg,rajshivanshuu/weapons_set1,https://huggingface.co/datasets/rajshivanshuu/weapons_set1,https://huggingface.co/datasets/rajshivanshuu/weapons_set1/tree/d4d9dbc8272958820a3f6757e4c48d8987300271,d4d9dbc8272958820a3f6757e4c48d8987300271,pistol/1909_jpg.rf.5a063dc467c69c1120f5ac6f2bb0c3f5.jpg,https://huggingface.co/datasets/rajshivanshuu/weapons_set1/resolve/d4d9dbc8272958820a3f6757e4c48d8987300271/pistol/1909_jpg.rf.5a063dc467c69c1120f5ac6f2bb0c3f5.jpg,1909,weapons-set1::pistol::1909,source class plus pre-Roboflow source basename,deterministic_source_group_partition,OSL-3.0,repository-level card metadata only; per-image provenance and rights are absent,https://huggingface.co/datasets/rajshivanshuu/weapons_set1/blob/d4d9dbc8272958820a3f6757e4c48d8987300271/README.md,false,Repository card does not declare synthesis; false is not an authenticity guarantee,,a850193dfef23f8eb793a38ee4b413f2a40f7942af8db45a5ef5055fc334d4c7,a850193dfef23f8eb793a38ee4b413f2a40f7942af8db45a5ef5055fc334d4c7,37ddc9d9a70ee915cf5672848bf35dd94d85e3ef5cd92f4a570fa9c9c0d6efd3,e2d1e1f87e767efe,image/jpeg,640,640,"{""source_folder"": ""pistol""}",462,1.0.0,source-derived label; no independent expert image audit
firearms-ac9c4456ceb1b862,firearms,pistol,train,data/capstone_dataset/train/firearms/firearms-ac9c4456ceb1b862.jpg,rajshivanshuu/weapons_set1,https://huggingface.co/datasets/rajshivanshuu/weapons_set1,https://huggingface.co/datasets/rajshivanshuu/weapons_set1/tree/d4d9dbc8272958820a3f6757e4c48d8987300271,d4d9dbc8272958820a3f6757e4c48d8987300271,pistol/pistol873_jpg.rf.27f45819af62152d26764cd6dd763754.jpg,https://huggingface.co/datasets/rajshivanshuu/weapons_set1/resolve/d4d9dbc8272958820a3f6757e4c48d8987300271/pistol/pistol873_jpg.rf.27f45819af62152d26764cd6dd763754.jpg,pistol873,weapons-set1::pistol::pistol873,source class plus pre-Roboflow source basename,deterministic_source_group_partition,OSL-3.0,repository-level card metadata only; per-image provenance and rights are absent,https://huggingface.co/datasets/rajshivanshuu/weapons_set1/blob/d4d9dbc8272958820a3f6757e4c48d8987300271/README.md,false,Repository card does not declare synthesis; false is not an authenticity guarantee,,ac9c4456ceb1b86280f616b3d40b9b2b27c386ff2be47bfb9ff821002a6fd28f,ac9c4456ceb1b86280f616b3d40b9b2b27c386ff2be47bfb9ff821002a6fd28f,f51595642fd908ae3027d59968323e287e7d06aa880d532e33efe6b772562101,b29291c826144d0f,image/jpeg,416,416,"{""source_folder"": ""pistol""}",462,1.0.0,source-derived label; no independent expert image audit
firearms-b1dd3567cd4a4671,firearms,rifile,train,data/capstone_dataset/train/firearms/firearms-b1dd3567cd4a4671.jpg,rajshivanshuu/weapons_set1,https://huggingface.co/datasets/rajshivanshuu/weapons_set1,https://huggingface.co/datasets/rajshivanshuu/weapons_set1/tree/d4d9dbc8272958820a3f6757e4c48d8987300271,d4d9dbc8272958820a3f6757e4c48d8987300271,rifile/Shotgun_54.jpeg,https://huggingface.co/datasets/rajshivanshuu/weapons_set1/resolve/d4d9dbc8272958820a3f6757e4c48d8987300271/rifile/Shotgun_54.jpeg,shotgun-54,weapons-set1::rifile::shotgun-54,source class plus pre-Roboflow source basename,deterministic_source_group_partition,OSL-3.0,repository-level card metadata only; per-image provenance and rights are absent,https://huggingface.co/datasets/rajshivanshuu/weapons_set1/blob/d4d9dbc8272958820a3f6757e4c48d8987300271/README.md,false,Repository card does not declare synthesis; false is not an authenticity guarantee,,b1dd3567cd4a467169f3f916840111fdf98d9c915f186b0d1e383ed27e8fbec9,b1dd3567cd4a467169f3f916840111fdf98d9c915f186b0d1e383ed27e8fbec9,a1c64aa5ac439bb12360124beb2356bb2437b0b2855b73feaf43fdd2de6488ff,2d0dbcb2b630e4a0,image/jpeg,768,300,"{""source_folder"": ""rifile""}",462,1.0.0,source-derived label; no independent expert image audit
firearms-bad92b6d4fa57178,firearms,pistol,train,data/capstone_dataset/train/firearms/firearms-bad92b6d4fa57178.jpg,rajshivanshuu/weapons_set1,https://huggingface.co/datasets/rajshivanshuu/weapons_set1,https://huggingface.co/datasets/rajshivanshuu/weapons_set1/tree/d4d9dbc8272958820a3f6757e4c48d8987300271,d4d9dbc8272958820a3f6757e4c48d8987300271,pistol/1769_jpg.rf.83c23f73d45e73fa242e6a0be040cd50.jpg,https://huggingface.co/datasets/rajshivanshuu/weapons_set1/resolve/d4d9dbc8272958820a3f6757e4c48d8987300271/pistol/1769_jpg.rf.83c23f73d45e73fa242e6a0be040cd50.jpg,1769,weapons-set1::pistol::1769,source class plus pre-Roboflow source basename,deterministic_source_group_partition,OSL-3.0,repository-level card metadata only; per-image provenance and rights are absent,https://huggingface.co/datasets/rajshivanshuu/weapons_set1/blob/d4d9dbc8272958820a3f6757e4c48d8987300271/README.md,false,Repository card does not declare synthesis; false is not an authenticity guarantee,,bad92b6d4fa57178a29b6ddd471cc5650e5752d3376ada14760c5a5ed269dc59,bad92b6d4fa57178a29b6ddd471cc5650e5752d3376ada14760c5a5ed269dc59,ed8a4d39460db67c267ef8133ee7cfa1cedff35ec9aec488efbffcadc67d9da2,6a62e881a2282020,image/jpeg,640,640,"{""source_folder"": ""pistol""}",462,1.0.0,source-derived label; no independent expert image audit
firearms-c09ef14ccb2d6e91,firearms,pistol,train,data/capstone_dataset/train/firearms/firearms-c09ef14ccb2d6e91.jpg,rajshivanshuu/weapons_set1,https://huggingface.co/datasets/rajshivanshuu/weapons_set1,https://huggingface.co/datasets/rajshivanshuu/weapons_set1/tree/d4d9dbc8272958820a3f6757e4c48d8987300271,d4d9dbc8272958820a3f6757e4c48d8987300271,pistol/1118_jpg.rf.bfdf7384cb14954697a6e7db01758cad.jpg,https://huggingface.co/datasets/rajshivanshuu/weapons_set1/resolve/d4d9dbc8272958820a3f6757e4c48d8987300271/pistol/1118_jpg.rf.bfdf7384cb14954697a6e7db01758cad.jpg,1118,weapons-set1::pistol::1118,source class plus pre-Roboflow source basename,deterministic_source_group_partition,OSL-3.0,repository-level card metadata only; per-image provenance and rights are absent,https://huggingface.co/datasets/rajshivanshuu/weapons_set1/blob/d4d9dbc8272958820a3f6757e4c48d8987300271/README.md,false,Repository card does not declare synthesis; false is not an authenticity guarantee,,c09ef14ccb2d6e918684510a2bad09486702dbf38fa32e0fa745507f293bfc33,c09ef14ccb2d6e918684510a2bad09486702dbf38fa32e0fa745507f293bfc33,f221b47ce23e255a361dde2dd5c720ffbd6d72018f664ff892d3d24422849610,7fffd8f875fcfeff,image/jpeg,640,640,"{""source_folder"": ""pistol""}",462,1.0.0,source-derived label; no independent expert image audit
firearms-c3e0f18505ad0429,firearms,rifile,train,data/capstone_dataset/train/firearms/firearms-c3e0f18505ad0429.jpg,rajshivanshuu/weapons_set1,https://huggingface.co/datasets/rajshivanshuu/weapons_set1,https://huggingface.co/datasets/rajshivanshuu/weapons_set1/tree/d4d9dbc8272958820a3f6757e4c48d8987300271,d4d9dbc8272958820a3f6757e4c48d8987300271,rifile/Shotgun_66.jpeg,https://huggingface.co/datasets/rajshivanshuu/weapons_set1/resolve/d4d9dbc8272958820a3f6757e4c48d8987300271/rifile/Shotgun_66.jpeg,shotgun-66,weapons-set1::rifile::shotgun-66,source class plus pre-Roboflow source basename,deterministic_source_group_partition,OSL-3.0,repository-level card metadata only; per-image provenance and rights are absent,https://huggingface.co/datasets/rajshivanshuu/weapons_set1/blob/d4d9dbc8272958820a3f6757e4c48d8987300271/README.md,false,Repository card does not declare synthesis; false is not an authenticity guarantee,,c3e0f18505ad04290e0de4abad38acd38adfca559b41f1366aab82b00c7e6293,c3e0f18505ad04290e0de4abad38acd38adfca559b41f1366aab82b00c7e6293,8d5ca07c56d6ee0a6d7c4a8f00610c4183265b2ffd965899bd5a1478d65b165c,03eec4b488802000,image/jpeg,355,239,"{""source_folder"": ""rifile""}",462,1.0.0,source-derived label; no independent expert image audit
firearms-c65c9826e4516129,firearms,pistol,train,data/capstone_dataset/train/firearms/firearms-c65c9826e4516129.jpg,rajshivanshuu/weapons_set1,https://huggingface.co/datasets/rajshivanshuu/weapons_set1,https://huggingface.co/datasets/rajshivanshuu/weapons_set1/tree/d4d9dbc8272958820a3f6757e4c48d8987300271,d4d9dbc8272958820a3f6757e4c48d8987300271,pistol/pistol905_jpg.rf.487de0c3bf3ce63cd91cec64a2ea30a3.jpg,https://huggingface.co/datasets/rajshivanshuu/weapons_set1/resolve/d4d9dbc8272958820a3f6757e4c48d8987300271/pistol/pistol905_jpg.rf.487de0c3bf3ce63cd91cec64a2ea30a3.jpg,pistol905,weapons-set1::pistol::pistol905,source class plus pre-Roboflow source basename,deterministic_source_group_partition,OSL-3.0,repository-level card metadata only; per-image provenance and rights are absent,https://huggingface.co/datasets/rajshivanshuu/weapons_set1/blob/d4d9dbc8272958820a3f6757e4c48d8987300271/README.md,false,Repository card does not declare synthesis; false is not an authenticity guarantee,,c65c9826e4516129152d43c4097c54a42e0dc6233f8688e05b4d70fb9fb8361d,c65c9826e4516129152d43c4097c54a42e0dc6233f8688e05b4d70fb9fb8361d,2fbbe6d4e2bcc7d7aa7c93f0766180053ba7c101cbd2203b0e3a9a69478d5954,3626481c366a4c88,image/jpeg,416,416,"{""source_folder"": ""pistol""}",462,1.0.0,source-derived label; no independent expert image audit
firearms-cea1137a2b858653,firearms,pistol,train,data/capstone_dataset/train/firearms/firearms-cea1137a2b858653.jpg,rajshivanshuu/weapons_set1,https://huggingface.co/datasets/rajshivanshuu/weapons_set1,https://huggingface.co/datasets/rajshivanshuu/weapons_set1/tree/d4d9dbc8272958820a3f6757e4c48d8987300271,d4d9dbc8272958820a3f6757e4c48d8987300271,pistol/pistol898_jpg.rf.5a462185bafe585d5ab1d515160171c4.jpg,https://huggingface.co/datasets/rajshivanshuu/weapons_set1/resolve/d4d9dbc8272958820a3f6757e4c48d8987300271/pistol/pistol898_jpg.rf.5a462185bafe585d5ab1d515160171c4.jpg,pistol898,weapons-set1::pistol::pistol898,source class plus pre-Roboflow source basename,deterministic_source_group_partition,OSL-3.0,repository-level card metadata only; per-image provenance and rights are absent,https://huggingface.co/datasets/rajshivanshuu/weapons_set1/blob/d4d9dbc8272958820a3f6757e4c48d8987300271/README.md,false,Repository card does not declare synthesis; false is not an authenticity guarantee,,cea1137a2b858653f3a3df213be32e95abba70b0d4858f99dfa5ccdcd9acd198,cea1137a2b858653f3a3df213be32e95abba70b0d4858f99dfa5ccdcd9acd198,699dabaf92308d831138ca3db72f03a014882581b7482eebb6c0bff75a0af720,5b2e4e63e99c183f,image/jpeg,416,416,"{""source_folder"": ""pistol""}",462,1.0.0,source-derived label; no independent expert image audit
firearms-d36df5c2a3c2b0c6,firearms,pistol,train,data/capstone_dataset/train/firearms/firearms-d36df5c2a3c2b0c6.jpg,rajshivanshuu/weapons_set1,https://huggingface.co/datasets/rajshivanshuu/weapons_set1,https://huggingface.co/datasets/rajshivanshuu/weapons_set1/tree/d4d9dbc8272958820a3f6757e4c48d8987300271,d4d9dbc8272958820a3f6757e4c48d8987300271,pistol/1798_jpg.rf.49d0b600828048fe74d39fc1cd760afc.jpg,https://huggingface.co/datasets/rajshivanshuu/weapons_set1/resolve/d4d9dbc8272958820a3f6757e4c48d8987300271/pistol/1798_jpg.rf.49d0b600828048fe74d39fc1cd760afc.jpg,1798,weapons-set1::pistol::1798,source class plus pre-Roboflow source basename,deterministic_source_group_partition,OSL-3.0,repository-level card metadata only; per-image provenance and rights are absent,https://huggingface.co/datasets/rajshivanshuu/weapons_set1/blob/d4d9dbc8272958820a3f6757e4c48d8987300271/README.md,false,Repository card does not declare synthesis; false is not an authenticity guarantee,,d36df5c2a3c2b0c6eca1789203ff711cb7328155149ab6def101cef2a0f8c6f0,d36df5c2a3c2b0c6eca1789203ff711cb7328155149ab6def101cef2a0f8c6f0,827915aba740d8c59fb40fa50e80e366d7c59b8c73d10db931063d96c3998a05,e7e0a08280a01020,image/jpeg,640,640,"{""source_folder"": ""pistol""}",462,1.0.0,source-derived label; no independent expert image audit
firearms-d758d49a9a9eb25d,firearms,pistol,train,data/capstone_dataset/train/firearms/firearms-d758d49a9a9eb25d.jpg,rajshivanshuu/weapons_set1,https://huggingface.co/datasets/rajshivanshuu/weapons_set1,https://huggingface.co/datasets/rajshivanshuu/weapons_set1/tree/d4d9dbc8272958820a3f6757e4c48d8987300271,d4d9dbc8272958820a3f6757e4c48d8987300271,pistol/1115_jpg.rf.d13a7b61d82740a02bdda74b54a7d00c.jpg,https://huggingface.co/datasets/rajshivanshuu/weapons_set1/resolve/d4d9dbc8272958820a3f6757e4c48d8987300271/pistol/1115_jpg.rf.d13a7b61d82740a02bdda74b54a7d00c.jpg,1115,weapons-set1::pistol::1115,source class plus pre-Roboflow source basename,deterministic_source_group_partition,OSL-3.0,repository-level card metadata only; per-image provenance and rights are absent,https://huggingface.co/datasets/rajshivanshuu/weapons_set1/blob/d4d9dbc8272958820a3f6757e4c48d8987300271/README.md,false,Repository card does not declare synthesis; false is not an authenticity guarantee,,d758d49a9a9eb25d3f30484775b79986347d961b1bd76950332a1c4f3e7c4c70,d758d49a9a9eb25d3f30484775b79986347d961b1bd76950332a1c4f3e7c4c70,15e1242360c553c0491b977339c2e3f592bb8e01b3848726b0837ade9585d18a,868cc8f86c8c2c2c,image/jpeg,640,640,"{""source_folder"": ""pistol""}",462,1.0.0,source-derived label; no independent expert image audit
firearms-d9940f84701476cf,firearms,pistol,train,data/capstone_dataset/train/firearms/firearms-d9940f84701476cf.jpg,rajshivanshuu/weapons_set1,https://huggingface.co/datasets/rajshivanshuu/weapons_set1,https://huggingface.co/datasets/rajshivanshuu/weapons_set1/tree/d4d9dbc8272958820a3f6757e4c48d8987300271,d4d9dbc8272958820a3f6757e4c48d8987300271,pistol/pistol836_jpg.rf.901ab2175d6eb9d6089fadedce123d96.jpg,https://huggingface.co/datasets/rajshivanshuu/weapons_set1/resolve/d4d9dbc8272958820a3f6757e4c48d8987300271/pistol/pistol836_jpg.rf.901ab2175d6eb9d6089fadedce123d96.jpg,pistol836,weapons-set1::pistol::pistol836,source class plus pre-Roboflow source basename,deterministic_source_group_partition,OSL-3.0,repository-level card metadata only; per-image provenance and rights are absent,https://huggingface.co/datasets/rajshivanshuu/weapons_set1/blob/d4d9dbc8272958820a3f6757e4c48d8987300271/README.md,false,Repository card does not declare synthesis; false is not an authenticity guarantee,,d9940f84701476cf80c581b7d46934ad2b5d36923c23c5428a70d51383eb3e32,d9940f84701476cf80c581b7d46934ad2b5d36923c23c5428a70d51383eb3e32,70a655f28d6ef333df99a6de0d2affc16c145a8d2be3449bda3ef83fadb9a48b,00d6c8e0c2c8c8c8,image/jpeg,416,416,"{""source_folder"": ""pistol""}",462,1.0.0,source-derived label; no independent expert image audit
firearms-db18a422c608fa50,firearms,pistol,train,data/capstone_dataset/train/firearms/firearms-db18a422c608fa50.jpg,rajshivanshuu/weapons_set1,https://huggingface.co/datasets/rajshivanshuu/weapons_set1,https://huggingface.co/datasets/rajshivanshuu/weapons_set1/tree/d4d9dbc8272958820a3f6757e4c48d8987300271,d4d9dbc8272958820a3f6757e4c48d8987300271,pistol/1658_jpg.rf.18e1c38d1406af6b2f71a9322ce6fead.jpg,https://huggingface.co/datasets/rajshivanshuu/weapons_set1/resolve/d4d9dbc8272958820a3f6757e4c48d8987300271/pistol/1658_jpg.rf.18e1c38d1406af6b2f71a9322ce6fead.jpg,1658,weapons-set1::pistol::1658,source class plus pre-Roboflow source basename,deterministic_source_group_partition,OSL-3.0,repository-level card metadata only; per-image provenance and rights are absent,https://huggingface.co/datasets/rajshivanshuu/weapons_set1/blob/d4d9dbc8272958820a3f6757e4c48d8987300271/README.md,false,Repository card does not declare synthesis; false is not an authenticity guarantee,,db18a422c608fa503e80c1981a56c6b85e59e57b1c141c21ace4579f754c236d,db18a422c608fa503e80c1981a56c6b85e59e57b1c141c21ace4579f754c236d,db028a5207975aeb03b8d1d8c2bdef535ee8df16d6147ba8ec1bff5989e3fe9a,93f6eac8c0849290,image/jpeg,640,640,"{""source_folder"": ""pistol""}",462,1.0.0,source-derived label; no independent expert image audit
firearms-de97af0906560b37,firearms,pistol,train,data/capstone_dataset/train/firearms/firearms-de97af0906560b37.jpg,rajshivanshuu/weapons_set1,https://huggingface.co/datasets/rajshivanshuu/weapons_set1,https://huggingface.co/datasets/rajshivanshuu/weapons_set1/tree/d4d9dbc8272958820a3f6757e4c48d8987300271,d4d9dbc8272958820a3f6757e4c48d8987300271,pistol/1493_jpg.rf.0278f48471e99beffa1e65b568fe2e20.jpg,https://huggingface.co/datasets/rajshivanshuu/weapons_set1/resolve/d4d9dbc8272958820a3f6757e4c48d8987300271/pistol/1493_jpg.rf.0278f48471e99beffa1e65b568fe2e20.jpg,1493,weapons-set1::pistol::1493,source class plus pre-Roboflow source basename,deterministic_source_group_partition,OSL-3.0,repository-level card metadata only; per-image provenance and rights are absent,https://huggingface.co/datasets/rajshivanshuu/weapons_set1/blob/d4d9dbc8272958820a3f6757e4c48d8987300271/README.md,false,Repository card does not declare synthesis; false is not an authenticity guarantee,,de97af0906560b378c91a12e1c35f417d72d4e9dde8119a3ca54d755597da8af,de97af0906560b378c91a12e1c35f417d72d4e9dde8119a3ca54d755597da8af,5b7b8892024a1a432b16d6e7772a4c8db72a3ae209bba29c0fe7cec60c91c735,cee6e4c0c2c99190,image/jpeg,640,640,"{""source_folder"": ""pistol""}",462,1.0.0,source-derived label; no independent expert image audit
firearms-deaaf37f7823897f,firearms,rifile,train,data/capstone_dataset/train/firearms/firearms-deaaf37f7823897f.jpg,rajshivanshuu/weapons_set1,https://huggingface.co/datasets/rajshivanshuu/weapons_set1,https://huggingface.co/datasets/rajshivanshuu/weapons_set1/tree/d4d9dbc8272958820a3f6757e4c48d8987300271,d4d9dbc8272958820a3f6757e4c48d8987300271,rifile/Shotgun_48.jpeg,https://huggingface.co/datasets/rajshivanshuu/weapons_set1/resolve/d4d9dbc8272958820a3f6757e4c48d8987300271/rifile/Shotgun_48.jpeg,shotgun-48,weapons-set1::rifile::shotgun-48,source class plus pre-Roboflow source basename,deterministic_source_group_partition,OSL-3.0,repository-level card metadata only; per-image provenance and rights are absent,https://huggingface.co/datasets/rajshivanshuu/weapons_set1/blob/d4d9dbc8272958820a3f6757e4c48d8987300271/README.md,false,Repository card does not declare synthesis; false is not an authenticity guarantee,,deaaf37f7823897f7f994e88e2f8ec55f5fdde7e6d8dcae67cb85552a2481801,deaaf37f7823897f7f994e88e2f8ec55f5fdde7e6d8dcae67cb85552a2481801,818cdaaeff140767bffcf5da39d1000789e198375c037ab7b4fdcfb5032b4bd5,80b91d061e0b0b00,image/jpeg,768,301,"{""source_folder"": ""rifile""}",462,1.0.0,source-derived label; no independent expert image audit
firearms-ecba8a61615aa362,firearms,pistol,train,data/capstone_dataset/train/firearms/firearms-ecba8a61615aa362.jpg,rajshivanshuu/weapons_set1,https://huggingface.co/datasets/rajshivanshuu/weapons_set1,https://huggingface.co/datasets/rajshivanshuu/weapons_set1/tree/d4d9dbc8272958820a3f6757e4c48d8987300271,d4d9dbc8272958820a3f6757e4c48d8987300271,pistol/1468_jpg.rf.5923ed9b2e821a5e40812a21877ecf63.jpg,https://huggingface.co/datasets/rajshivanshuu/weapons_set1/resolve/d4d9dbc8272958820a3f6757e4c48d8987300271/pistol/1468_jpg.rf.5923ed9b2e821a5e40812a21877ecf63.jpg,1468,weapons-set1::pistol::1468,source class plus pre-Roboflow source basename,deterministic_source_group_partition,OSL-3.0,repository-level card metadata only; per-image provenance and rights are absent,https://huggingface.co/datasets/rajshivanshuu/weapons_set1/blob/d4d9dbc8272958820a3f6757e4c48d8987300271/README.md,false,Repository card does not declare synthesis; false is not an authenticity guarantee,,ecba8a61615aa3628d2aae0f97792469ecbcfcdf0b82ad169d865a7def647e02,ecba8a61615aa3628d2aae0f97792469ecbcfcdf0b82ad169d865a7def647e02,41fd438e652f2f248b2cce14d57d725374fdb0b404702d911f6532edd2459c75,dbcac8c0c2c88190,image/jpeg,640,640,"{""source_folder"": ""pistol""}",462,1.0.0,source-derived label; no independent expert image audit
firearms-ef54ef97fe2fcbc9,firearms,pistol,train,data/capstone_dataset/train/firearms/firearms-ef54ef97fe2fcbc9.jpg,rajshivanshuu/weapons_set1,https://huggingface.co/datasets/rajshivanshuu/weapons_set1,https://huggingface.co/datasets/rajshivanshuu/weapons_set1/tree/d4d9dbc8272958820a3f6757e4c48d8987300271,d4d9dbc8272958820a3f6757e4c48d8987300271,pistol/pistol834_jpg.rf.63486dabec61ca6db45a9e011424a7b1.jpg,https://huggingface.co/datasets/rajshivanshuu/weapons_set1/resolve/d4d9dbc8272958820a3f6757e4c48d8987300271/pistol/pistol834_jpg.rf.63486dabec61ca6db45a9e011424a7b1.jpg,pistol834,weapons-set1::pistol::pistol834,source class plus pre-Roboflow source basename,deterministic_source_group_partition,OSL-3.0,repository-level card metadata only; per-image provenance and rights are absent,https://huggingface.co/datasets/rajshivanshuu/weapons_set1/blob/d4d9dbc8272958820a3f6757e4c48d8987300271/README.md,false,Repository card does not declare synthesis; false is not an authenticity guarantee,,ef54ef97fe2fcbc90a53c12d8e6424f581f87088e9b53b60ca4c88ecc7097d5a,ef54ef97fe2fcbc90a53c12d8e6424f581f87088e9b53b60ca4c88ecc7097d5a,587688c1ef7957542163fb1f1c014c41af509d535c276458b23c22b91d2b5a0e,8a96c8c0c0809090,image/jpeg,416,416,"{""source_folder"": ""pistol""}",462,1.0.0,source-derived label; no independent expert image audit
firearms-f6735be4d9f6cc4c,firearms,pistol,train,data/capstone_dataset/train/firearms/firearms-f6735be4d9f6cc4c.jpg,rajshivanshuu/weapons_set1,https://huggingface.co/datasets/rajshivanshuu/weapons_set1,https://huggingface.co/datasets/rajshivanshuu/weapons_set1/tree/d4d9dbc8272958820a3f6757e4c48d8987300271,d4d9dbc8272958820a3f6757e4c48d8987300271,pistol/1743_jpg.rf.c4997655bb1653290503555beae76910.jpg,https://huggingface.co/datasets/rajshivanshuu/weapons_set1/resolve/d4d9dbc8272958820a3f6757e4c48d8987300271/pistol/1743_jpg.rf.c4997655bb1653290503555beae76910.jpg,1743,weapons-set1::pistol::1743,source class plus pre-Roboflow source basename,deterministic_source_group_partition,OSL-3.0,repository-level card metadata only; per-image provenance and rights are absent,https://huggingface.co/datasets/rajshivanshuu/weapons_set1/blob/d4d9dbc8272958820a3f6757e4c48d8987300271/README.md,false,Repository card does not declare synthesis; false is not an authenticity guarantee,,f6735be4d9f6cc4c9708a69758e5709f0f60d679ecf7a7182d90f00ff4f0710a,f6735be4d9f6cc4c9708a69758e5709f0f60d679ecf7a7182d90f00ff4f0710a,fc3d959fbf5f63ff635c6ad2db75cdccf1bbadb8bc077f10e5626acad8f70551,79e6d0c081929491,image/jpeg,640,640,"{""source_folder"": ""pistol""}",462,1.0.0,source-derived label; no independent expert image audit
firearms-feced188a8627c95,firearms,pistol,train,data/capstone_dataset/train/firearms/firearms-feced188a8627c95.jpg,rajshivanshuu/weapons_set1,https://huggingface.co/datasets/rajshivanshuu/weapons_set1,https://huggingface.co/datasets/rajshivanshuu/weapons_set1/tree/d4d9dbc8272958820a3f6757e4c48d8987300271,d4d9dbc8272958820a3f6757e4c48d8987300271,pistol/1653_jpg.rf.1c72e7294cd37b0a747032f94ab7a96e.jpg,https://huggingface.co/datasets/rajshivanshuu/weapons_set1/resolve/d4d9dbc8272958820a3f6757e4c48d8987300271/pistol/1653_jpg.rf.1c72e7294cd37b0a747032f94ab7a96e.jpg,1653,weapons-set1::pistol::1653,source class plus pre-Roboflow source basename,deterministic_source_group_partition,OSL-3.0,repository-level card metadata only; per-image provenance and rights are absent,https://huggingface.co/datasets/rajshivanshuu/weapons_set1/blob/d4d9dbc8272958820a3f6757e4c48d8987300271/README.md,false,Repository card does not declare synthesis; false is not an authenticity guarantee,,feced188a8627c9594e56702928560e961bd64ec1101a260345076b4965ac83f,feced188a8627c9594e56702928560e961bd64ec1101a260345076b4965ac83f,1466cec180573e35b044c9780f9e0e2070d11d9522931f670fe9ffd132b90c4c,9392c2c0809020a0,image/jpeg,640,640,"{""source_folder"": ""pistol""}",462,1.0.0,source-derived label; no independent expert image audit
explosives-02cde5e6f563cfa3,explosives,grenade,train,data/capstone_dataset/train/explosives/explosives-02cde5e6f563cfa3.jpg,rajshivanshuu/weapons_set1,https://huggingface.co/datasets/rajshivanshuu/weapons_set1,https://huggingface.co/datasets/rajshivanshuu/weapons_set1/tree/d4d9dbc8272958820a3f6757e4c48d8987300271,d4d9dbc8272958820a3f6757e4c48d8987300271,grenade/grenade1367_jpg.rf.eceefe5d1fb4ad0591c9ac24851c1fd8.jpg,https://huggingface.co/datasets/rajshivanshuu/weapons_set1/resolve/d4d9dbc8272958820a3f6757e4c48d8987300271/grenade/grenade1367_jpg.rf.eceefe5d1fb4ad0591c9ac24851c1fd8.jpg,grenade1367,weapons-set1::grenade::grenade1367,source class plus pre-Roboflow source basename,deterministic_source_group_partition,OSL-3.0,repository-level card metadata only; per-image provenance and rights are absent,https://huggingface.co/datasets/rajshivanshuu/weapons_set1/blob/d4d9dbc8272958820a3f6757e4c48d8987300271/README.md,false,Repository card does not declare synthesis; false is not an authenticity guarantee,,02cde5e6f563cfa30fed6a511dfe9463a44a7b3cfaac0833c87e25c8f8320dc0,02cde5e6f563cfa30fed6a511dfe9463a44a7b3cfaac0833c87e25c8f8320dc0,580af1164ec3d1e322e98912fb2dc37686c0504d33da2dff30f3a005ead67d0e,396fdf3319ad39d3,image/jpeg,416,416,"{""source_folder"": ""grenade""}",462,1.0.0,source-derived label; no independent expert image audit
explosives-055bc7482a4b2d2c,explosives,grenade,train,data/capstone_dataset/train/explosives/explosives-055bc7482a4b2d2c.jpg,rajshivanshuu/weapons_set1,https://huggingface.co/datasets/rajshivanshuu/weapons_set1,https://huggingface.co/datasets/rajshivanshuu/weapons_set1/tree/d4d9dbc8272958820a3f6757e4c48d8987300271,d4d9dbc8272958820a3f6757e4c48d8987300271,grenade/grenade1345_jpg.rf.186601619c73eaf7faa8d4add143b3b5.jpg,https://huggingface.co/datasets/rajshivanshuu/weapons_set1/resolve/d4d9dbc8272958820a3f6757e4c48d8987300271/grenade/grenade1345_jpg.rf.186601619c73eaf7faa8d4add143b3b5.jpg,grenade1345,weapons-set1::grenade::grenade1345,source class plus pre-Roboflow source basename,deterministic_source_group_partition,OSL-3.0,repository-level card metadata only; per-image provenance and rights are absent,https://huggingface.co/datasets/rajshivanshuu/weapons_set1/blob/d4d9dbc8272958820a3f6757e4c48d8987300271/README.md,false,Repository card does not declare synthesis; false is not an authenticity guarantee,,055bc7482a4b2d2c7b46816cfc5ef0aca234980e3719b3a9beff34061c164b5a,055bc7482a4b2d2c7b46816cfc5ef0aca234980e3719b3a9beff34061c164b5a,702ec11a5e364a500dd32accd82a58dc846c135b1a520d2a078b8b3fa93642d1,1f2f2f6bf1f16167,image/jpeg,416,416,"{""source_folder"": ""grenade""}",462,1.0.0,source-derived label; no independent expert image audit
explosives-0d7ed069346a77d4,explosives,grenade,train,data/capstone_dataset/train/explosives/explosives-0d7ed069346a77d4.jpg,rajshivanshuu/weapons_set1,https://huggingface.co/datasets/rajshivanshuu/weapons_set1,https://huggingface.co/datasets/rajshivanshuu/weapons_set1/tree/d4d9dbc8272958820a3f6757e4c48d8987300271,d4d9dbc8272958820a3f6757e4c48d8987300271,grenade/grenade1332_jpg.rf.644417613b860c3f14d0ae8c30d5eea4.jpg,https://huggingface.co/datasets/rajshivanshuu/weapons_set1/resolve/d4d9dbc8272958820a3f6757e4c48d8987300271/grenade/grenade1332_jpg.rf.644417613b860c3f14d0ae8c30d5eea4.jpg,grenade1332,weapons-set1::grenade::grenade1332,source class plus pre-Roboflow source basename,deterministic_source_group_partition,OSL-3.0,repository-level card metadata only; per-image provenance and rights are absent,https://huggingface.co/datasets/rajshivanshuu/weapons_set1/blob/d4d9dbc8272958820a3f6757e4c48d8987300271/README.md,false,Repository card does not declare synthesis; false is not an authenticity guarantee,,0d7ed069346a77d4dde259255a98112843d15cb9076d681daec46f9146a23026,0d7ed069346a77d4dde259255a98112843d15cb9076d681daec46f9146a23026,2d3b7e68376c024cb53ccf639cd9fdac5b72a6289d2d51b573c15daf0920911d,b0f0f1e8e468c80f,image/jpeg,416,416,"{""source_folder"": ""grenade""}",462,1.0.0,source-derived label; no independent expert image audit
explosives-10c0acdef4611a8c,explosives,grenade,train,data/capstone_dataset/train/explosives/explosives-10c0acdef4611a8c.jpg,rajshivanshuu/weapons_set1,https://huggingface.co/datasets/rajshivanshuu/weapons_set1,https://huggingface.co/datasets/rajshivanshuu/weapons_set1/tree/d4d9dbc8272958820a3f6757e4c48d8987300271,d4d9dbc8272958820a3f6757e4c48d8987300271,grenade/grenade1380_jpg.rf.53710896705960eefab00403917585ea.jpg,https://huggingface.co/datasets/rajshivanshuu/weapons_set1/resolve/d4d9dbc8272958820a3f6757e4c48d8987300271/grenade/grenade1380_jpg.rf.53710896705960eefab00403917585ea.jpg,grenade1380,weapons-set1::grenade::grenade1380,source class plus pre-Roboflow source basename,deterministic_source_group_partition,OSL-3.0,repository-level card metadata only; per-image provenance and rights are absent,https://huggingface.co/datasets/rajshivanshuu/weapons_set1/blob/d4d9dbc8272958820a3f6757e4c48d8987300271/README.md,false,Repository card does not declare synthesis; false is not an authenticity guarantee,,10c0acdef4611a8cf9443a705b6929c3758a97e58e80d17f8272eb185128d276,10c0acdef4611a8cf9443a705b6929c3758a97e58e80d17f8272eb185128d276,a42c042bd255ce25ca89e2284d9f5eb628359b6412f44dcaef196c843b7fe4bf,5c5a1898c93094cc,image/jpeg,416,416,"{""source_folder"": ""grenade""}",462,1.0.0,source-derived label; no independent expert image audit
explosives-1625e9b4fe61f1e7,explosives,grenade,train,data/capstone_dataset/train/explosives/explosives-1625e9b4fe61f1e7.jpg,rajshivanshuu/weapons_set1,https://huggingface.co/datasets/rajshivanshuu/weapons_set1,https://huggingface.co/datasets/rajshivanshuu/weapons_set1/tree/d4d9dbc8272958820a3f6757e4c48d8987300271,d4d9dbc8272958820a3f6757e4c48d8987300271,grenade/grenade1307_jpg.rf.52342688eecab2109fd51c2d08343fe0.jpg,https://huggingface.co/datasets/rajshivanshuu/weapons_set1/resolve/d4d9dbc8272958820a3f6757e4c48d8987300271/grenade/grenade1307_jpg.rf.52342688eecab2109fd51c2d08343fe0.jpg,grenade1307,weapons-set1::grenade::grenade1307,source class plus pre-Roboflow source basename,deterministic_source_group_partition,OSL-3.0,repository-level card metadata only; per-image provenance and rights are absent,https://huggingface.co/datasets/rajshivanshuu/weapons_set1/blob/d4d9dbc8272958820a3f6757e4c48d8987300271/README.md,false,Repository card does not declare synthesis; false is not an authenticity guarantee,,1625e9b4fe61f1e7c107191d3e9d0ced73ce73be6049c12fb4cdd160a1faab9c,1625e9b4fe61f1e7c107191d3e9d0ced73ce73be6049c12fb4cdd160a1faab9c,c8013a4a04ddf5088227447f0c055538ccd25e67a7d2aff80ae12b207fb017a3,84d0c4ccc8c930f0,image/jpeg,416,416,"{""source_folder"": ""grenade""}",462,1.0.0,source-derived label; no independent expert image audit
explosives-29d7bfdf14e8c6ff,explosives,grenade,train,data/capstone_dataset/train/explosives/explosives-29d7bfdf14e8c6ff.jpg,rajshivanshuu/weapons_set1,https://huggingface.co/datasets/rajshivanshuu/weapons_set1,https://huggingface.co/datasets/rajshivanshuu/weapons_set1/tree/d4d9dbc8272958820a3f6757e4c48d8987300271,d4d9dbc8272958820a3f6757e4c48d8987300271,grenade/grenade1287_jpg.rf.eed1748ba2b4c9dc7a2aad69c21b3485.jpg,https://huggingface.co/datasets/rajshivanshuu/weapons_set1/resolve/d4d9dbc8272958820a3f6757e4c48d8987300271/grenade/grenade1287_jpg.rf.eed1748ba2b4c9dc7a2aad69c21b3485.jpg,grenade1287,weapons-set1::grenade::grenade1287,source class plus pre-Roboflow source basename,deterministic_source_group_partition,OSL-3.0,repository-level card metadata only; per-image provenance and rights are absent,https://huggingface.co/datasets/rajshivanshuu/weapons_set1/blob/d4d9dbc8272958820a3f6757e4c48d8987300271/README.md,false,Repository card does not declare synthesis; false is not an authenticity guarantee,,29d7bfdf14e8c6ffc9ec0a1d784ac4c6f976feac1edb98bc5a58af85c65d0aa4,29d7bfdf14e8c6ffc9ec0a1d784ac4c6f976feac1edb98bc5a58af85c65d0aa4,9369bff87b61e30d651b0ec6ce784536906fe3d6a836e750e4cef3d1851116ad,67c7c7879696373d,image/jpeg,416,416,"{""source_folder"": ""grenade""}",462,1.0.0,source-derived label; no independent expert image audit
explosives-2a93126164f4488e,explosives,grenade,train,data/capstone_dataset/train/explosives/explosives-2a93126164f4488e.jpg,rajshivanshuu/weapons_set1,https://huggingface.co/datasets/rajshivanshuu/weapons_set1,https://huggingface.co/datasets/rajshivanshuu/weapons_set1/tree/d4d9dbc8272958820a3f6757e4c48d8987300271,d4d9dbc8272958820a3f6757e4c48d8987300271,grenade/grenade1315_jpg.rf.fc3ed05fdf0093016139bee3b828d44b.jpg,https://huggingface.co/datasets/rajshivanshuu/weapons_set1/resolve/d4d9dbc8272958820a3f6757e4c48d8987300271/grenade/grenade1315_jpg.rf.fc3ed05fdf0093016139bee3b828d44b.jpg,grenade1315,weapons-set1::grenade::grenade1315,source class plus pre-Roboflow source basename,deterministic_source_group_partition,OSL-3.0,repository-level card metadata only; per-image provenance and rights are absent,https://huggingface.co/datasets/rajshivanshuu/weapons_set1/blob/d4d9dbc8272958820a3f6757e4c48d8987300271/README.md,false,Repository card does not declare synthesis; false is not an authenticity guarantee,,2a93126164f4488e8200b60f36ed8d05f1864cbc691fa801ce82326c04f1f060,2a93126164f4488e8200b60f36ed8d05f1864cbc691fa801ce82326c04f1f060,9ee72db35caa1fe48d9041b4e283ab2064af3897e00fbbbb455b0c8eec0c0e08,07074787c7c7c7c7,image/jpeg,416,416,"{""source_folder"": ""grenade""}",462,1.0.0,source-derived label; no independent expert image audit
explosives-2cb84f988776b081,explosives,grenade,train,data/capstone_dataset/train/explosives/explosives-2cb84f988776b081.jpg,rajshivanshuu/weapons_set1,https://huggingface.co/datasets/rajshivanshuu/weapons_set1,https://huggingface.co/datasets/rajshivanshuu/weapons_set1/tree/d4d9dbc8272958820a3f6757e4c48d8987300271,d4d9dbc8272958820a3f6757e4c48d8987300271,grenade/grenade1356_jpg.rf.eb742c629cb5a66da0e96e3d91ef0b7a.jpg,https://huggingface.co/datasets/rajshivanshuu/weapons_set1/resolve/d4d9dbc8272958820a3f6757e4c48d8987300271/grenade/grenade1356_jpg.rf.eb742c629cb5a66da0e96e3d91ef0b7a.jpg,grenade1356,weapons-set1::grenade::grenade1356,source class plus pre-Roboflow source basename,deterministic_source_group_partition,OSL-3.0,repository-level card metadata only; per-image provenance and rights are absent,https://huggingface.co/datasets/rajshivanshuu/weapons_set1/blob/d4d9dbc8272958820a3f6757e4c48d8987300271/README.md,false,Repository card does not declare synthesis; false is not an authenticity guarantee,,2cb84f988776b081a4dbe230818b19e52f8a73740a41f58aab50fd01ff7d2fa3,2cb84f988776b081a4dbe230818b19e52f8a73740a41f58aab50fd01ff7d2fa3,56d8176325f486ffcffaff0eb26f9993616e4384caa870f8af3c23df3b41595f,6962646472721020,image/jpeg,416,416,"{""source_folder"": ""grenade""}",462,1.0.0,source-derived label; no independent expert image audit
explosives-2faf1c8af89008a2,explosives,grenade,train,data/capstone_dataset/train/explosives/explosives-2faf1c8af89008a2.jpg,rajshivanshuu/weapons_set1,https://huggingface.co/datasets/rajshivanshuu/weapons_set1,https://huggingface.co/datasets/rajshivanshuu/weapons_set1/tree/d4d9dbc8272958820a3f6757e4c48d8987300271,d4d9dbc8272958820a3f6757e4c48d8987300271,grenade/grenade1376_jpg.rf.7d15354551feddd5c73487f3562b9152.jpg,https://huggingface.co/datasets/rajshivanshuu/weapons_set1/resolve/d4d9dbc8272958820a3f6757e4c48d8987300271/grenade/grenade1376_jpg.rf.7d15354551feddd5c73487f3562b9152.jpg,grenade1376,weapons-set1::grenade::grenade1376,source class plus pre-Roboflow source basename,deterministic_source_group_partition,OSL-3.0,repository-level card metadata only; per-image provenance and rights are absent,https://huggingface.co/datasets/rajshivanshuu/weapons_set1/blob/d4d9dbc8272958820a3f6757e4c48d8987300271/README.md,false,Repository card does not declare synthesis; false is not an authenticity guarantee,,2faf1c8af89008a2a53d9c7fd8d50e06322ef102bb1b6f29df810a4ac1a75020,2faf1c8af89008a2a53d9c7fd8d50e06322ef102bb1b6f29df810a4ac1a75020,8ac3bbabeaf8224d8bb875b5b2de33ed0272e7f2551ee364666f25be240fff0c,70f2f9f8dcec68b1,image/jpeg,416,416,"{""source_folder"": ""grenade""}",462,1.0.0,source-derived label; no independent expert image audit
explosives-3bc120fde6bdb2aa,explosives,grenade,train,data/capstone_dataset/train/explosives/explosives-3bc120fde6bdb2aa.jpg,rajshivanshuu/weapons_set1,https://huggingface.co/datasets/rajshivanshuu/weapons_set1,https://huggingface.co/datasets/rajshivanshuu/weapons_set1/tree/d4d9dbc8272958820a3f6757e4c48d8987300271,d4d9dbc8272958820a3f6757e4c48d8987300271,grenade/grenade1301_jpg.rf.a54ee61319da2d946db27922dbe555f2.jpg,https://huggingface.co/datasets/rajshivanshuu/weapons_set1/resolve/d4d9dbc8272958820a3f6757e4c48d8987300271/grenade/grenade1301_jpg.rf.a54ee61319da2d946db27922dbe555f2.jpg,grenade1301,weapons-set1::grenade::grenade1301,source class plus pre-Roboflow source basename,deterministic_source_group_partition,OSL-3.0,repository-level card metadata only; per-image provenance and rights are absent,https://huggingface.co/datasets/rajshivanshuu/weapons_set1/blob/d4d9dbc8272958820a3f6757e4c48d8987300271/README.md,false,Repository card does not declare synthesis; false is not an authenticity guarantee,,3bc120fde6bdb2aaa4752729e83df4301fa635803d7ed62326411f490a8e684e,3bc120fde6bdb2aaa4752729e83df4301fa635803d7ed62326411f490a8e684e,64222b908e7a275ccd2e38311e78aceaec9346cd371ee2e652063967072ff974,32f0f2b1e8fc7871,image/jpeg,416,416,"{""source_folder"": ""grenade""}",462,1.0.0,source-derived label; no independent expert image audit
explosives-3f2739a0d05f37d8,explosives,grenade,train,data/capstone_dataset/train/explosives/explosives-3f2739a0d05f37d8.jpg,rajshivanshuu/weapons_set1,https://huggingface.co/datasets/rajshivanshuu/weapons_set1,https://huggingface.co/datasets/rajshivanshuu/weapons_set1/tree/d4d9dbc8272958820a3f6757e4c48d8987300271,d4d9dbc8272958820a3f6757e4c48d8987300271,grenade/grenade1300_jpg.rf.c8864acbaa47c212eb158f92772c1236.jpg,https://huggingface.co/datasets/rajshivanshuu/weapons_set1/resolve/d4d9dbc8272958820a3f6757e4c48d8987300271/grenade/grenade1300_jpg.rf.c8864acbaa47c212eb158f92772c1236.jpg,grenade1300,weapons-set1::grenade::grenade1300,source class plus pre-Roboflow source basename,deterministic_source_group_partition,OSL-3.0,repository-level card metadata only; per-image provenance and rights are absent,https://huggingface.co/datasets/rajshivanshuu/weapons_set1/blob/d4d9dbc8272958820a3f6757e4c48d8987300271/README.md,false,Repository card does not declare synthesis; false is not an authenticity guarantee,,3f2739a0d05f37d89cbe848b5d21600645ea7220305f52bc99dc65b4ad199808,3f2739a0d05f37d89cbe848b5d21600645ea7220305f52bc99dc65b4ad199808,21d472fc9926bb40a4cd14925137047af7c273f729187af859cf2b652e8d993b,204f4e9f9f9f0c1c,image/jpeg,416,416,"{""source_folder"": ""grenade""}",462,1.0.0,source-derived label; no independent expert image audit
explosives-4acc5e7c9955091c,explosives,grenade,train,data/capstone_dataset/train/explosives/explosives-4acc5e7c9955091c.jpg,rajshivanshuu/weapons_set1,https://huggingface.co/datasets/rajshivanshuu/weapons_set1,https://huggingface.co/datasets/rajshivanshuu/weapons_set1/tree/d4d9dbc8272958820a3f6757e4c48d8987300271,d4d9dbc8272958820a3f6757e4c48d8987300271,grenade/grenade1371_jpg.rf.bea1f14a55e4131eab2f2409f8a4fe7e.jpg,https://huggingface.co/datasets/rajshivanshuu/weapons_set1/resolve/d4d9dbc8272958820a3f6757e4c48d8987300271/grenade/grenade1371_jpg.rf.bea1f14a55e4131eab2f2409f8a4fe7e.jpg,grenade1371,weapons-set1::grenade::grenade1371,source class plus pre-Roboflow source basename,deterministic_source_group_partition,OSL-3.0,repository-level card metadata only; per-image provenance and rights are absent,https://huggingface.co/datasets/rajshivanshuu/weapons_set1/blob/d4d9dbc8272958820a3f6757e4c48d8987300271/README.md,false,Repository card does not declare synthesis; false is not an authenticity guarantee,,4acc5e7c9955091cc05fabab535bd6c8f7363f5902bd1d5931ffee257b5f2e6d,4acc5e7c9955091cc05fabab535bd6c8f7363f5902bd1d5931ffee257b5f2e6d,a78d7771ecd7c69e5dc9c2d507317384fb7639f17a0369db4a886c3d3bba51f7,63b1b0d0d89222a2,image/jpeg,416,416,"{""source_folder"": ""grenade""}",462,1.0.0,source-derived label; no independent expert image audit
explosives-4b9a8c6473284073,explosives,grenade,train,data/capstone_dataset/train/explosives/explosives-4b9a8c6473284073.jpg,rajshivanshuu/weapons_set1,https://huggingface.co/datasets/rajshivanshuu/weapons_set1,https://huggingface.co/datasets/rajshivanshuu/weapons_set1/tree/d4d9dbc8272958820a3f6757e4c48d8987300271,d4d9dbc8272958820a3f6757e4c48d8987300271,grenade/grenade1351_jpg.rf.bbcd1cd6c49eea287f461484636b5b98.jpg,https://huggingface.co/datasets/rajshivanshuu/weapons_set1/resolve/d4d9dbc8272958820a3f6757e4c48d8987300271/grenade/grenade1351_jpg.rf.bbcd1cd6c49eea287f461484636b5b98.jpg,grenade1351,weapons-set1::grenade::grenade1351,source class plus pre-Roboflow source basename,deterministic_source_group_partition,OSL-3.0,repository-level card metadata only; per-image provenance and rights are absent,https://huggingface.co/datasets/rajshivanshuu/weapons_set1/blob/d4d9dbc8272958820a3f6757e4c48d8987300271/README.md,false,Repository card does not declare synthesis; false is not an authenticity guarantee,,4b9a8c64732840736a8f88abe83f64fec5daf83d080c0793d93bc7a2142dea03,4b9a8c64732840736a8f88abe83f64fec5daf83d080c0793d93bc7a2142dea03,9264b1d88bf3de8ed0bb2cfc40206ea68948b160780c94dae2be0ee9d22a3e72,ffdf4f4fcfc9c1c7,image/jpeg,416,416,"{""source_folder"": ""grenade""}",462,1.0.0,source-derived label; no independent expert image audit
explosives-512125083f672957,explosives,grenade,train,data/capstone_dataset/train/explosives/explosives-512125083f672957.jpg,rajshivanshuu/weapons_set1,https://huggingface.co/datasets/rajshivanshuu/weapons_set1,https://huggingface.co/datasets/rajshivanshuu/weapons_set1/tree/d4d9dbc8272958820a3f6757e4c48d8987300271,d4d9dbc8272958820a3f6757e4c48d8987300271,grenade/grenade1372_jpg.rf.377bac3485d120676388d3ef6149d45d.jpg,https://huggingface.co/datasets/rajshivanshuu/weapons_set1/resolve/d4d9dbc8272958820a3f6757e4c48d8987300271/grenade/grenade1372_jpg.rf.377bac3485d120676388d3ef6149d45d.jpg,grenade1372,weapons-set1::grenade::grenade1372,source class plus pre-Roboflow source basename,deterministic_source_group_partition,OSL-3.0,repository-level card metadata only; per-image provenance and rights are absent,https://huggingface.co/datasets/rajshivanshuu/weapons_set1/blob/d4d9dbc8272958820a3f6757e4c48d8987300271/README.md,false,Repository card does not declare synthesis; false is not an authenticity guarantee,,512125083f6729572ab96946fe15122d3c2326ac51dc91f6a42c2723a7823e34,512125083f6729572ab96946fe15122d3c2326ac51dc91f6a42c2723a7823e34,698ef9f108084e4e93d4a12eb6a4e6cf055a70c2cda831be7cc34398078d171c,1b2767273373f3f3,image/jpeg,416,416,"{""source_folder"": ""grenade""}",462,1.0.0,source-derived label; no independent expert image audit
explosives-541b9537b80899a8,explosives,grenade,train,data/capstone_dataset/train/explosives/explosives-541b9537b80899a8.jpg,rajshivanshuu/weapons_set1,https://huggingface.co/datasets/rajshivanshuu/weapons_set1,https://huggingface.co/datasets/rajshivanshuu/weapons_set1/tree/d4d9dbc8272958820a3f6757e4c48d8987300271,d4d9dbc8272958820a3f6757e4c48d8987300271,grenade/grenade1313_jpg.rf.d0dd150a1faa74cb098141cc396d9e07.jpg,https://huggingface.co/datasets/rajshivanshuu/weapons_set1/resolve/d4d9dbc8272958820a3f6757e4c48d8987300271/grenade/grenade1313_jpg.rf.d0dd150a1faa74cb098141cc396d9e07.jpg,grenade1313,weapons-set1::grenade::grenade1313,source class plus pre-Roboflow source basename,deterministic_source_group_partition,OSL-3.0,repository-level card metadata only; per-image provenance and rights are absent,https://huggingface.co/datasets/rajshivanshuu/weapons_set1/blob/d4d9dbc8272958820a3f6757e4c48d8987300271/README.md,false,Repository card does not declare synthesis; false is not an authenticity guarantee,,541b9537b80899a8ae46c7603325b466b1b884b884cb5c3dd76b0d9130219893,541b9537b80899a8ae46c7603325b466b1b884b884cb5c3dd76b0d9130219893,7253c2bf9e2b7a279a131d76f05b8cab1e70ec092237de951632dc3481a002bc,709d9626271d191f,image/jpeg,416,416,"{""source_folder"": ""grenade""}",462,1.0.0,source-derived label; no independent expert image audit
explosives-5776052b49e96bfb,explosives,grenade,train,data/capstone_dataset/train/explosives/explosives-5776052b49e96bfb.jpg,rajshivanshuu/weapons_set1,https://huggingface.co/datasets/rajshivanshuu/weapons_set1,https://huggingface.co/datasets/rajshivanshuu/weapons_set1/tree/d4d9dbc8272958820a3f6757e4c48d8987300271,d4d9dbc8272958820a3f6757e4c48d8987300271,grenade/grenade1343_jpg.rf.7c7fb803c5d68ddbc4b102c447c5c726.jpg,https://huggingface.co/datasets/rajshivanshuu/weapons_set1/resolve/d4d9dbc8272958820a3f6757e4c48d8987300271/grenade/grenade1343_jpg.rf.7c7fb803c5d68ddbc4b102c447c5c726.jpg,grenade1343,weapons-set1::grenade::grenade1343,source class plus pre-Roboflow source basename,deterministic_source_group_partition,OSL-3.0,repository-level card metadata only; per-image provenance and rights are absent,https://huggingface.co/datasets/rajshivanshuu/weapons_set1/blob/d4d9dbc8272958820a3f6757e4c48d8987300271/README.md,false,Repository card does not declare synthesis; false is not an authenticity guarantee,,5776052b49e96bfb2e343f254d823eb2be2373ac27ad9afe670e55af9427efbd,5776052b49e96bfb2e343f254d823eb2be2373ac27ad9afe670e55af9427efbd,48495c24e15f796e9cbd3d58f1ba070768e977ea250ed1e1e57cb0a0354a52a7,92b2929292929292,image/jpeg,416,416,"{""source_folder"": ""grenade""}",462,1.0.0,source-derived label; no independent expert image audit
explosives-5afe88e93ef315c5,explosives,grenade,train,data/capstone_dataset/train/explosives/explosives-5afe88e93ef315c5.jpg,rajshivanshuu/weapons_set1,https://huggingface.co/datasets/rajshivanshuu/weapons_set1,https://huggingface.co/datasets/rajshivanshuu/weapons_set1/tree/d4d9dbc8272958820a3f6757e4c48d8987300271,d4d9dbc8272958820a3f6757e4c48d8987300271,grenade/grenade1302_jpg.rf.651e1f9f01ebf833dc2ebd1d56d6f489.jpg,https://huggingface.co/datasets/rajshivanshuu/weapons_set1/resolve/d4d9dbc8272958820a3f6757e4c48d8987300271/grenade/grenade1302_jpg.rf.651e1f9f01ebf833dc2ebd1d56d6f489.jpg,grenade1302,weapons-set1::grenade::grenade1302,source class plus pre-Roboflow source basename,deterministic_source_group_partition,OSL-3.0,repository-level card metadata only; per-image provenance and rights are absent,https://huggingface.co/datasets/rajshivanshuu/weapons_set1/blob/d4d9dbc8272958820a3f6757e4c48d8987300271/README.md,false,Repository card does not declare synthesis; false is not an authenticity guarantee,,5afe88e93ef315c51774bd26b8d270ffa55897a7402392eb1b4f702bf35f1ae3,5afe88e93ef315c51774bd26b8d270ffa55897a7402392eb1b4f702bf35f1ae3,5a33c1f446976165ca85a394b9fcdbe21f72eebbe8a59255f2bba74d351bca99,04b2b06d6460f0b0,image/jpeg,416,416,"{""source_folder"": ""grenade""}",462,1.0.0,source-derived label; no independent expert image audit
explosives-5e68342bbf9184ed,explosives,grenade,train,data/capstone_dataset/train/explosives/explosives-5e68342bbf9184ed.jpg,rajshivanshuu/weapons_set1,https://huggingface.co/datasets/rajshivanshuu/weapons_set1,https://huggingface.co/datasets/rajshivanshuu/weapons_set1/tree/d4d9dbc8272958820a3f6757e4c48d8987300271,d4d9dbc8272958820a3f6757e4c48d8987300271,grenade/grenade1280_jpg.rf.2800334870d7cb9c79ac8af73f887ed3.jpg,https://huggingface.co/datasets/rajshivanshuu/weapons_set1/resolve/d4d9dbc8272958820a3f6757e4c48d8987300271/grenade/grenade1280_jpg.rf.2800334870d7cb9c79ac8af73f887ed3.jpg,grenade1280,weapons-set1::grenade::grenade1280,source class plus pre-Roboflow source basename,deterministic_source_group_partition,OSL-3.0,repository-level card metadata only; per-image provenance and rights are absent,https://huggingface.co/datasets/rajshivanshuu/weapons_set1/blob/d4d9dbc8272958820a3f6757e4c48d8987300271/README.md,false,Repository card does not declare synthesis; false is not an authenticity guarantee,,5e68342bbf9184ed7457896c8754f54f2711677fcfa322bfec580c6d8c4d035e,5e68342bbf9184ed7457896c8754f54f2711677fcfa322bfec580c6d8c4d035e,b9f37e5b968ed0a13112519c4ea664f8a5a8ec4100a306bd75b73de8e033ad28,8683933b23332625,image/jpeg,416,416,"{""source_folder"": ""grenade""}",462,1.0.0,source-derived label; no independent expert image audit
explosives-614e539226d13075,explosives,grenade,train,data/capstone_dataset/train/explosives/explosives-614e539226d13075.jpg,rajshivanshuu/weapons_set1,https://huggingface.co/datasets/rajshivanshuu/weapons_set1,https://huggingface.co/datasets/rajshivanshuu/weapons_set1/tree/d4d9dbc8272958820a3f6757e4c48d8987300271,d4d9dbc8272958820a3f6757e4c48d8987300271,grenade/grenade1318_jpg.rf.e0cd8136c8e8c6b0e77f5aea0c957380.jpg,https://huggingface.co/datasets/rajshivanshuu/weapons_set1/resolve/d4d9dbc8272958820a3f6757e4c48d8987300271/grenade/grenade1318_jpg.rf.e0cd8136c8e8c6b0e77f5aea0c957380.jpg,grenade1318,weapons-set1::grenade::grenade1318,source class plus pre-Roboflow source basename,deterministic_source_group_partition,OSL-3.0,repository-level card metadata only; per-image provenance and rights are absent,https://huggingface.co/datasets/rajshivanshuu/weapons_set1/blob/d4d9dbc8272958820a3f6757e4c48d8987300271/README.md,false,Repository card does not declare synthesis; false is not an authenticity guarantee,,614e539226d13075e2db01e4ac6f3eb972928db809627fa66f7e93c59e668072,614e539226d13075e2db01e4ac6f3eb972928db809627fa66f7e93c59e668072,004af929bddb7478ea9e3d5133e66b18b841f2719a5a22f03ff9d5f2741f949e,bf7bf3a9b998e127,image/jpeg,416,416,"{""source_folder"": ""grenade""}",462,1.0.0,source-derived label; no independent expert image audit
explosives-63bacb5829c44c78,explosives,grenade,train,data/capstone_dataset/train/explosives/explosives-63bacb5829c44c78.jpg,rajshivanshuu/weapons_set1,https://huggingface.co/datasets/rajshivanshuu/weapons_set1,https://huggingface.co/datasets/rajshivanshuu/weapons_set1/tree/d4d9dbc8272958820a3f6757e4c48d8987300271,d4d9dbc8272958820a3f6757e4c48d8987300271,grenade/grenade1336_jpg.rf.c37b4842848304e58985d304a0617fd1.jpg,https://huggingface.co/datasets/rajshivanshuu/weapons_set1/resolve/d4d9dbc8272958820a3f6757e4c48d8987300271/grenade/grenade1336_jpg.rf.c37b4842848304e58985d304a0617fd1.jpg,grenade1336,weapons-set1::grenade::grenade1336,source class plus pre-Roboflow source basename,deterministic_source_group_partition,OSL-3.0,repository-level card metadata only; per-image provenance and rights are absent,https://huggingface.co/datasets/rajshivanshuu/weapons_set1/blob/d4d9dbc8272958820a3f6757e4c48d8987300271/README.md,false,Repository card does not declare synthesis; false is not an authenticity guarantee,,63bacb5829c44c784ce1984503340027ac402c66bdd9c9c574d9866f701c1c1e,63bacb5829c44c784ce1984503340027ac402c66bdd9c9c574d9866f701c1c1e,e4dfea98585497824047b3cca166a47c5b691a467d68abe6afed5977d9f97f24,1a8898fee767279d,image/jpeg,416,416,"{""source_folder"": ""grenade""}",462,1.0.0,source-derived label; no independent expert image audit
explosives-6412d82c04825e38,explosives,grenade,train,data/capstone_dataset/train/explosives/explosives-6412d82c04825e38.jpg,rajshivanshuu/weapons_set1,https://huggingface.co/datasets/rajshivanshuu/weapons_set1,https://huggingface.co/datasets/rajshivanshuu/weapons_set1/tree/d4d9dbc8272958820a3f6757e4c48d8987300271,d4d9dbc8272958820a3f6757e4c48d8987300271,grenade/grenade1292_jpg.rf.ae5ce62dcb1b15378bab10b6df897d5d.jpg,https://huggingface.co/datasets/rajshivanshuu/weapons_set1/resolve/d4d9dbc8272958820a3f6757e4c48d8987300271/grenade/grenade1292_jpg.rf.ae5ce62dcb1b15378bab10b6df897d5d.jpg,grenade1292,weapons-set1::grenade::grenade1292,source class plus pre-Roboflow source basename,deterministic_source_group_partition,OSL-3.0,repository-level card metadata only; per-image provenance and rights are absent,https://huggingface.co/datasets/rajshivanshuu/weapons_set1/blob/d4d9dbc8272958820a3f6757e4c48d8987300271/README.md,false,Repository card does not declare synthesis; false is not an authenticity guarantee,,6412d82c04825e3815ece31cf9146e4fed47aa877fad3d796e7f1cd05c036bc0,6412d82c04825e3815ece31cf9146e4fed47aa877fad3d796e7f1cd05c036bc0,6d341cc6f7c97f3fcd2c78145824ca51c8fec1d46195711320fc15c5aed01247,9d9d4f4e4cd1cbac,image/jpeg,416,416,"{""source_folder"": ""grenade""}",462,1.0.0,source-derived label; no independent expert image audit
explosives-66cf7cdf91bd377d,explosives,grenade,train,data/capstone_dataset/train/explosives/explosives-66cf7cdf91bd377d.jpg,rajshivanshuu/weapons_set1,https://huggingface.co/datasets/rajshivanshuu/weapons_set1,https://huggingface.co/datasets/rajshivanshuu/weapons_set1/tree/d4d9dbc8272958820a3f6757e4c48d8987300271,d4d9dbc8272958820a3f6757e4c48d8987300271,grenade/grenade1354_jpg.rf.b3c94c129fdc841f67652f98fbc28e1c.jpg,https://huggingface.co/datasets/rajshivanshuu/weapons_set1/resolve/d4d9dbc8272958820a3f6757e4c48d8987300271/grenade/grenade1354_jpg.rf.b3c94c129fdc841f67652f98fbc28e1c.jpg,grenade1354,weapons-set1::grenade::grenade1354,source class plus pre-Roboflow source basename,deterministic_source_group_partition,OSL-3.0,repository-level card metadata only; per-image provenance and rights are absent,https://huggingface.co/datasets/rajshivanshuu/weapons_set1/blob/d4d9dbc8272958820a3f6757e4c48d8987300271/README.md,false,Repository card does not declare synthesis; false is not an authenticity guarantee,,66cf7cdf91bd377da492c650af3ef205f009ca10cc073224e739286e28a90fb2,66cf7cdf91bd377da492c650af3ef205f009ca10cc073224e739286e28a90fb2,dd04d71b18798fec61a58a8de2db60f89a31e4409d8efc0510c9b05756fc1054,03332349496b330f,image/jpeg,416,416,"{""source_folder"": ""grenade""}",462,1.0.0,source-derived label; no independent expert image audit
explosives-67c487c903a6aeba,explosives,grenade,train,data/capstone_dataset/train/explosives/explosives-67c487c903a6aeba.jpg,rajshivanshuu/weapons_set1,https://huggingface.co/datasets/rajshivanshuu/weapons_set1,https://huggingface.co/datasets/rajshivanshuu/weapons_set1/tree/d4d9dbc8272958820a3f6757e4c48d8987300271,d4d9dbc8272958820a3f6757e4c48d8987300271,grenade/grenade1310_jpg.rf.de464572655f7acf85fb4826e4fec424.jpg,https://huggingface.co/datasets/rajshivanshuu/weapons_set1/resolve/d4d9dbc8272958820a3f6757e4c48d8987300271/grenade/grenade1310_jpg.rf.de464572655f7acf85fb4826e4fec424.jpg,grenade1310,weapons-set1::grenade::grenade1310,source class plus pre-Roboflow source basename,deterministic_source_group_partition,OSL-3.0,repository-level card metadata only; per-image provenance and rights are absent,https://huggingface.co/datasets/rajshivanshuu/weapons_set1/blob/d4d9dbc8272958820a3f6757e4c48d8987300271/README.md,false,Repository card does not declare synthesis; false is not an authenticity guarantee,,67c487c903a6aeba203e99cb1e225be7a0f28b0166f3112b7f0696480c2ecd14,67c487c903a6aeba203e99cb1e225be7a0f28b0166f3112b7f0696480c2ecd14,73ea0b7c9e8b8f96f1ca14dfc105495b995b191c42623ac04b1a04698c079079,7071f1e0f0f1e172,image/jpeg,416,416,"{""source_folder"": ""grenade""}",462,1.0.0,source-derived label; no independent expert image audit
explosives-760425a2bd73e32f,explosives,grenade,train,data/capstone_dataset/train/explosives/explosives-760425a2bd73e32f.jpg,rajshivanshuu/weapons_set1,https://huggingface.co/datasets/rajshivanshuu/weapons_set1,https://huggingface.co/datasets/rajshivanshuu/weapons_set1/tree/d4d9dbc8272958820a3f6757e4c48d8987300271,d4d9dbc8272958820a3f6757e4c48d8987300271,grenade/grenade1321_jpg.rf.07dc9e6af1db2289a5270fc006b42f4c.jpg,https://huggingface.co/datasets/rajshivanshuu/weapons_set1/resolve/d4d9dbc8272958820a3f6757e4c48d8987300271/grenade/grenade1321_jpg.rf.07dc9e6af1db2289a5270fc006b42f4c.jpg,grenade1321,weapons-set1::grenade::grenade1321,source class plus pre-Roboflow source basename,deterministic_source_group_partition,OSL-3.0,repository-level card metadata only; per-image provenance and rights are absent,https://huggingface.co/datasets/rajshivanshuu/weapons_set1/blob/d4d9dbc8272958820a3f6757e4c48d8987300271/README.md,false,Repository card does not declare synthesis; false is not an authenticity guarantee,,760425a2bd73e32fe6cffdc5aa2a964d86df899250d5cc83c7c3fc7680e86d5c,760425a2bd73e32fe6cffdc5aa2a964d86df899250d5cc83c7c3fc7680e86d5c,867ea307ccfaefbaf5a1f5ba1583fcfe88d15d160e013405f2f911da0e98245f,0024226464686902,image/jpeg,416,416,"{""source_folder"": ""grenade""}",462,1.0.0,source-derived label; no independent expert image audit
explosives-78820e7c2feb8c70,explosives,grenade,train,data/capstone_dataset/train/explosives/explosives-78820e7c2feb8c70.jpg,rajshivanshuu/weapons_set1,https://huggingface.co/datasets/rajshivanshuu/weapons_set1,https://huggingface.co/datasets/rajshivanshuu/weapons_set1/tree/d4d9dbc8272958820a3f6757e4c48d8987300271,d4d9dbc8272958820a3f6757e4c48d8987300271,grenade/grenade1283_jpg.rf.00c9fa77bd1c1643d942baf83e8174b2.jpg,https://huggingface.co/datasets/rajshivanshuu/weapons_set1/resolve/d4d9dbc8272958820a3f6757e4c48d8987300271/grenade/grenade1283_jpg.rf.00c9fa77bd1c1643d942baf83e8174b2.jpg,grenade1283,weapons-set1::grenade::grenade1283,source class plus pre-Roboflow source basename,deterministic_source_group_partition,OSL-3.0,repository-level card metadata only; per-image provenance and rights are absent,https://huggingface.co/datasets/rajshivanshuu/weapons_set1/blob/d4d9dbc8272958820a3f6757e4c48d8987300271/README.md,false,Repository card does not declare synthesis; false is not an authenticity guarantee,,78820e7c2feb8c70b578a0a24f3942a4fca92857ab89078cc9084928fc50d8c1,78820e7c2feb8c70b578a0a24f3942a4fca92857ab89078cc9084928fc50d8c1,0c28dc2e40338f8142b9cff5d031be48ff35c86d73446ee45557a371ac69600a,5899d9f139b9b0f8,image/jpeg,416,416,"{""source_folder"": ""grenade""}",462,1.0.0,source-derived label; no independent expert image audit
explosives-8161aa891ece3d96,explosives,grenade,train,data/capstone_dataset/train/explosives/explosives-8161aa891ece3d96.jpg,rajshivanshuu/weapons_set1,https://huggingface.co/datasets/rajshivanshuu/weapons_set1,https://huggingface.co/datasets/rajshivanshuu/weapons_set1/tree/d4d9dbc8272958820a3f6757e4c48d8987300271,d4d9dbc8272958820a3f6757e4c48d8987300271,grenade/grenade1348_jpg.rf.dd83fe7ffc05523d3b344145f919f9dd.jpg,https://huggingface.co/datasets/rajshivanshuu/weapons_set1/resolve/d4d9dbc8272958820a3f6757e4c48d8987300271/grenade/grenade1348_jpg.rf.dd83fe7ffc05523d3b344145f919f9dd.jpg,grenade1348,weapons-set1::grenade::grenade1348,source class plus pre-Roboflow source basename,deterministic_source_group_partition,OSL-3.0,repository-level card metadata only; per-image provenance and rights are absent,https://huggingface.co/datasets/rajshivanshuu/weapons_set1/blob/d4d9dbc8272958820a3f6757e4c48d8987300271/README.md,false,Repository card does not declare synthesis; false is not an authenticity guarantee,,8161aa891ece3d96514816d7ea04d5a553815220aeb738bc7b8e6191ea8304f5,8161aa891ece3d96514816d7ea04d5a553815220aeb738bc7b8e6191ea8304f5,72b414fc03b130f58766544cfb06d683981d919f5910504c7cad06ed2c0cddb2,30f4b2706161b200,image/jpeg,416,416,"{""source_folder"": ""grenade""}",462,1.0.0,source-derived label; no independent expert image audit
explosives-8813e12dca80062f,explosives,grenade,train,data/capstone_dataset/train/explosives/explosives-8813e12dca80062f.jpg,rajshivanshuu/weapons_set1,https://huggingface.co/datasets/rajshivanshuu/weapons_set1,https://huggingface.co/datasets/rajshivanshuu/weapons_set1/tree/d4d9dbc8272958820a3f6757e4c48d8987300271,d4d9dbc8272958820a3f6757e4c48d8987300271,grenade/grenade1309_jpg.rf.01f13b677076a577de138dc865a3fd4a.jpg,https://huggingface.co/datasets/rajshivanshuu/weapons_set1/resolve/d4d9dbc8272958820a3f6757e4c48d8987300271/grenade/grenade1309_jpg.rf.01f13b677076a577de138dc865a3fd4a.jpg,grenade1309,weapons-set1::grenade::grenade1309,source class plus pre-Roboflow source basename,deterministic_source_group_partition,OSL-3.0,repository-level card metadata only; per-image provenance and rights are absent,https://huggingface.co/datasets/rajshivanshuu/weapons_set1/blob/d4d9dbc8272958820a3f6757e4c48d8987300271/README.md,false,Repository card does not declare synthesis; false is not an authenticity guarantee,,8813e12dca80062fa9d96c3938cfee0bddad1f9a4344d143fd22ddb6884392ee,8813e12dca80062fa9d96c3938cfee0bddad1f9a4344d143fd22ddb6884392ee,a538b85d0665e1cb28c3d1363d7740c28edea7939aadc2aae568b3ff16368b9c,3a68e0f0646460e0,image/jpeg,416,416,"{""source_folder"": ""grenade""}",462,1.0.0,source-derived label; no independent expert image audit
explosives-91fa51004996e205,explosives,grenade,train,data/capstone_dataset/train/explosives/explosives-91fa51004996e205.jpg,rajshivanshuu/weapons_set1,https://huggingface.co/datasets/rajshivanshuu/weapons_set1,https://huggingface.co/datasets/rajshivanshuu/weapons_set1/tree/d4d9dbc8272958820a3f6757e4c48d8987300271,d4d9dbc8272958820a3f6757e4c48d8987300271,grenade/grenade1282_jpg.rf.2cd765967c5a6b93a61f3e9413f49f40.jpg,https://huggingface.co/datasets/rajshivanshuu/weapons_set1/resolve/d4d9dbc8272958820a3f6757e4c48d8987300271/grenade/grenade1282_jpg.rf.2cd765967c5a6b93a61f3e9413f49f40.jpg,grenade1282,weapons-set1::grenade::grenade1282,source class plus pre-Roboflow source basename,deterministic_source_group_partition,OSL-3.0,repository-level card metadata only; per-image provenance and rights are absent,https://huggingface.co/datasets/rajshivanshuu/weapons_set1/blob/d4d9dbc8272958820a3f6757e4c48d8987300271/README.md,false,Repository card does not declare synthesis; false is not an authenticity guarantee,,91fa51004996e2057308a4a4940000cb14a639a66816aef82652aeb07752937b,91fa51004996e2057308a4a4940000cb14a639a66816aef82652aeb07752937b,78301bf94571cc9b7fb188ce36f2e525854894ba0d7af0c6e55a6bbddc1479a6,b060e0e8c8e97110,image/jpeg,416,416,"{""source_folder"": ""grenade""}",462,1.0.0,source-derived label; no independent expert image audit
explosives-965c0f57b043b2c5,explosives,grenade,train,data/capstone_dataset/train/explosives/explosives-965c0f57b043b2c5.jpg,rajshivanshuu/weapons_set1,https://huggingface.co/datasets/rajshivanshuu/weapons_set1,https://huggingface.co/datasets/rajshivanshuu/weapons_set1/tree/d4d9dbc8272958820a3f6757e4c48d8987300271,d4d9dbc8272958820a3f6757e4c48d8987300271,grenade/grenade1393_jpg.rf.40cd24ed38d93482cfab4fdfb3020a2f.jpg,https://huggingface.co/datasets/rajshivanshuu/weapons_set1/resolve/d4d9dbc8272958820a3f6757e4c48d8987300271/grenade/grenade1393_jpg.rf.40cd24ed38d93482cfab4fdfb3020a2f.jpg,grenade1393,weapons-set1::grenade::grenade1393,source class plus pre-Roboflow source basename,deterministic_source_group_partition,OSL-3.0,repository-level card metadata only; per-image provenance and rights are absent,https://huggingface.co/datasets/rajshivanshuu/weapons_set1/blob/d4d9dbc8272958820a3f6757e4c48d8987300271/README.md,false,Repository card does not declare synthesis; false is not an authenticity guarantee,,965c0f57b043b2c569fe828b740f4b684c4d521993c76bc9de6e0069db5c6711,965c0f57b043b2c569fe828b740f4b684c4d521993c76bc9de6e0069db5c6711,c215afd121c36267af615614c3532228f8004e14e49912526d3a6f3b583f9062,1f0f37373d1c1c0d,image/jpeg,416,416,"{""source_folder"": ""grenade""}",462,1.0.0,source-derived label; no independent expert image audit
explosives-9a8ebb1369a17703,explosives,grenade,train,data/capstone_dataset/train/explosives/explosives-9a8ebb1369a17703.jpg,rajshivanshuu/weapons_set1,https://huggingface.co/datasets/rajshivanshuu/weapons_set1,https://huggingface.co/datasets/rajshivanshuu/weapons_set1/tree/d4d9dbc8272958820a3f6757e4c48d8987300271,d4d9dbc8272958820a3f6757e4c48d8987300271,grenade/grenade1322_jpg.rf.f1bbd25ad0d04108e113e29eb3612399.jpg,https://huggingface.co/datasets/rajshivanshuu/weapons_set1/resolve/d4d9dbc8272958820a3f6757e4c48d8987300271/grenade/grenade1322_jpg.rf.f1bbd25ad0d04108e113e29eb3612399.jpg,grenade1322,weapons-set1::grenade::grenade1322,source class plus pre-Roboflow source basename,deterministic_source_group_partition,OSL-3.0,repository-level card metadata only; per-image provenance and rights are absent,https://huggingface.co/datasets/rajshivanshuu/weapons_set1/blob/d4d9dbc8272958820a3f6757e4c48d8987300271/README.md,false,Repository card does not declare synthesis; false is not an authenticity guarantee,,9a8ebb1369a17703f8e8cb4f544d5d7526b309ecb27f79c738b5241a040a1a5f,9a8ebb1369a17703f8e8cb4f544d5d7526b309ecb27f79c738b5241a040a1a5f,a462a64fdd9cf5145e8ba7e555881f036b92144f811cbfa5bc3f3913b7bc0a73,38e0f1f0f4e871b2,image/jpeg,416,416,"{""source_folder"": ""grenade""}",462,1.0.0,source-derived label; no independent expert image audit
explosives-ab70509d79867eb1,explosives,grenade,train,data/capstone_dataset/train/explosives/explosives-ab70509d79867eb1.jpg,rajshivanshuu/weapons_set1,https://huggingface.co/datasets/rajshivanshuu/weapons_set1,https://huggingface.co/datasets/rajshivanshuu/weapons_set1/tree/d4d9dbc8272958820a3f6757e4c48d8987300271,d4d9dbc8272958820a3f6757e4c48d8987300271,grenade/grenade1337_jpg.rf.cb68c90f1871999236b69cf7734d2429.jpg,https://huggingface.co/datasets/rajshivanshuu/weapons_set1/resolve/d4d9dbc8272958820a3f6757e4c48d8987300271/grenade/grenade1337_jpg.rf.cb68c90f1871999236b69cf7734d2429.jpg,grenade1337,weapons-set1::grenade::grenade1337,source class plus pre-Roboflow source basename,deterministic_source_group_partition,OSL-3.0,repository-level card metadata only; per-image provenance and rights are absent,https://huggingface.co/datasets/rajshivanshuu/weapons_set1/blob/d4d9dbc8272958820a3f6757e4c48d8987300271/README.md,false,Repository card does not declare synthesis; false is not an authenticity guarantee,,ab70509d79867eb148e86426e36c63696adbc411e35a4ff13e82f35b6055880a,ab70509d79867eb148e86426e36c63696adbc411e35a4ff13e82f35b6055880a,19c5b10b78d8728d0dd6d0417a015f4179e0803835e373844ed50b123fd7b985,363bd9df59d999bb,image/jpeg,416,416,"{""source_folder"": ""grenade""}",462,1.0.0,source-derived label; no independent expert image audit
explosives-b1927b089222e15f,explosives,grenade,train,data/capstone_dataset/train/explosives/explosives-b1927b089222e15f.jpg,rajshivanshuu/weapons_set1,https://huggingface.co/datasets/rajshivanshuu/weapons_set1,https://huggingface.co/datasets/rajshivanshuu/weapons_set1/tree/d4d9dbc8272958820a3f6757e4c48d8987300271,d4d9dbc8272958820a3f6757e4c48d8987300271,grenade/grenade1324_jpg.rf.16de3d4c0449ffb15b710479a0eb7360.jpg,https://huggingface.co/datasets/rajshivanshuu/weapons_set1/resolve/d4d9dbc8272958820a3f6757e4c48d8987300271/grenade/grenade1324_jpg.rf.16de3d4c0449ffb15b710479a0eb7360.jpg,grenade1324,weapons-set1::grenade::grenade1324,source class plus pre-Roboflow source basename,deterministic_source_group_partition,OSL-3.0,repository-level card metadata only; per-image provenance and rights are absent,https://huggingface.co/datasets/rajshivanshuu/weapons_set1/blob/d4d9dbc8272958820a3f6757e4c48d8987300271/README.md,false,Repository card does not declare synthesis; false is not an authenticity guarantee,,b1927b089222e15fb74a74e4f12552c541a7d3e269e7bd64b9be58a99d2f4a6d,b1927b089222e15fb74a74e4f12552c541a7d3e269e7bd64b9be58a99d2f4a6d,c322d028568df1a836489b18378e5b28be37b6d10f808fa618ce98b5dcd39c71,08205072b2b2b230,image/jpeg,416,416,"{""source_folder"": ""grenade""}",462,1.0.0,source-derived label; no independent expert image audit
explosives-b539171613bc4a7a,explosives,grenade,train,data/capstone_dataset/train/explosives/explosives-b539171613bc4a7a.jpg,rajshivanshuu/weapons_set1,https://huggingface.co/datasets/rajshivanshuu/weapons_set1,https://huggingface.co/datasets/rajshivanshuu/weapons_set1/tree/d4d9dbc8272958820a3f6757e4c48d8987300271,d4d9dbc8272958820a3f6757e4c48d8987300271,grenade/grenade1369_jpg.rf.04c72b254666a9a3d3248dcade525d5c.jpg,https://huggingface.co/datasets/rajshivanshuu/weapons_set1/resolve/d4d9dbc8272958820a3f6757e4c48d8987300271/grenade/grenade1369_jpg.rf.04c72b254666a9a3d3248dcade525d5c.jpg,grenade1369,weapons-set1::grenade::grenade1369,source class plus pre-Roboflow source basename,deterministic_source_group_partition,OSL-3.0,repository-level card metadata only; per-image provenance and rights are absent,https://huggingface.co/datasets/rajshivanshuu/weapons_set1/blob/d4d9dbc8272958820a3f6757e4c48d8987300271/README.md,false,Repository card does not declare synthesis; false is not an authenticity guarantee,,b539171613bc4a7a24953d77824bbb2d1669ca38a7dd21a4387f35b0ed9faae5,b539171613bc4a7a24953d77824bbb2d1669ca38a7dd21a4387f35b0ed9faae5,c04103322e55dc6f8681f8bd0bc1316dfa5db5315edd4ecc7ac743ceb4e5627d,32b5d759270b2c54,image/jpeg,416,416,"{""source_folder"": ""grenade""}",462,1.0.0,source-derived label; no independent expert image audit
explosives-c0a593da4b63ed3b,explosives,grenade,train,data/capstone_dataset/train/explosives/explosives-c0a593da4b63ed3b.jpg,rajshivanshuu/weapons_set1,https://huggingface.co/datasets/rajshivanshuu/weapons_set1,https://huggingface.co/datasets/rajshivanshuu/weapons_set1/tree/d4d9dbc8272958820a3f6757e4c48d8987300271,d4d9dbc8272958820a3f6757e4c48d8987300271,grenade/grenade1335_jpg.rf.ea6dd037171aef3d4d985db98e7a3339.jpg,https://huggingface.co/datasets/rajshivanshuu/weapons_set1/resolve/d4d9dbc8272958820a3f6757e4c48d8987300271/grenade/grenade1335_jpg.rf.ea6dd037171aef3d4d985db98e7a3339.jpg,grenade1335,weapons-set1::grenade::grenade1335,source class plus pre-Roboflow source basename,deterministic_source_group_partition,OSL-3.0,repository-level card metadata only; per-image provenance and rights are absent,https://huggingface.co/datasets/rajshivanshuu/weapons_set1/blob/d4d9dbc8272958820a3f6757e4c48d8987300271/README.md,false,Repository card does not declare synthesis; false is not an authenticity guarantee,,c0a593da4b63ed3b5491ac577ddebb1d8eccfe1778d94dcb0a0c52346d952af0,c0a593da4b63ed3b5491ac577ddebb1d8eccfe1778d94dcb0a0c52346d952af0,630e363cf188d34b0bfe0faeb394dd77fc8f81a20c58e7983b1f4e56513f1fa3,3333181818181c0c,image/jpeg,416,416,"{""source_folder"": ""grenade""}",462,1.0.0,source-derived label; no independent expert image audit
explosives-cebb7a58dd468212,explosives,grenade,train,data/capstone_dataset/train/explosives/explosives-cebb7a58dd468212.jpg,rajshivanshuu/weapons_set1,https://huggingface.co/datasets/rajshivanshuu/weapons_set1,https://huggingface.co/datasets/rajshivanshuu/weapons_set1/tree/d4d9dbc8272958820a3f6757e4c48d8987300271,d4d9dbc8272958820a3f6757e4c48d8987300271,grenade/grenade1374_jpg.rf.276e3c11276e8aeadc3f901de5e1aa78.jpg,https://huggingface.co/datasets/rajshivanshuu/weapons_set1/resolve/d4d9dbc8272958820a3f6757e4c48d8987300271/grenade/grenade1374_jpg.rf.276e3c11276e8aeadc3f901de5e1aa78.jpg,grenade1374,weapons-set1::grenade::grenade1374,source class plus pre-Roboflow source basename,deterministic_source_group_partition,OSL-3.0,repository-level card metadata only; per-image provenance and rights are absent,https://huggingface.co/datasets/rajshivanshuu/weapons_set1/blob/d4d9dbc8272958820a3f6757e4c48d8987300271/README.md,false,Repository card does not declare synthesis; false is not an authenticity guarantee,,cebb7a58dd468212c49ef39640a0dd2e1eda7cf16a934c67bce61936b4f77118,cebb7a58dd468212c49ef39640a0dd2e1eda7cf16a934c67bce61936b4f77118,b95409daa19c3093b5f73708699599bd2474b7d056731249b6c16546a9eda589,a6b54e3a3653862b,image/jpeg,416,416,"{""source_folder"": ""grenade""}",462,1.0.0,source-derived label; no independent expert image audit
explosives-cee34cc1a97d4911,explosives,grenade,train,data/capstone_dataset/train/explosives/explosives-cee34cc1a97d4911.jpg,rajshivanshuu/weapons_set1,https://huggingface.co/datasets/rajshivanshuu/weapons_set1,https://huggingface.co/datasets/rajshivanshuu/weapons_set1/tree/d4d9dbc8272958820a3f6757e4c48d8987300271,d4d9dbc8272958820a3f6757e4c48d8987300271,grenade/grenade1398_jpg.rf.76ef46e91f4580796127933c1cf56037.jpg,https://huggingface.co/datasets/rajshivanshuu/weapons_set1/resolve/d4d9dbc8272958820a3f6757e4c48d8987300271/grenade/grenade1398_jpg.rf.76ef46e91f4580796127933c1cf56037.jpg,grenade1398,weapons-set1::grenade::grenade1398,source class plus pre-Roboflow source basename,deterministic_source_group_partition,OSL-3.0,repository-level card metadata only; per-image provenance and rights are absent,https://huggingface.co/datasets/rajshivanshuu/weapons_set1/blob/d4d9dbc8272958820a3f6757e4c48d8987300271/README.md,false,Repository card does not declare synthesis; false is not an authenticity guarantee,,cee34cc1a97d49113f6d0d008bf0f407c5f4a6c720164ecf250434a3a19d25af,cee34cc1a97d49113f6d0d008bf0f407c5f4a6c720164ecf250434a3a19d25af,4b75478f0b03cf470453c9794ce556ec3ced93ee40622eb629fd52d204d54743,0c4c4f626266969a,image/jpeg,416,416,"{""source_folder"": ""grenade""}",462,1.0.0,source-derived label; no independent expert image audit
explosives-d2db825cc3c86bea,explosives,grenade,train,data/capstone_dataset/train/explosives/explosives-d2db825cc3c86bea.jpg,rajshivanshuu/weapons_set1,https://huggingface.co/datasets/rajshivanshuu/weapons_set1,https://huggingface.co/datasets/rajshivanshuu/weapons_set1/tree/d4d9dbc8272958820a3f6757e4c48d8987300271,d4d9dbc8272958820a3f6757e4c48d8987300271,grenade/grenade1342_jpg.rf.d5deca6575c0f62ffb20b779accfb5a4.jpg,https://huggingface.co/datasets/rajshivanshuu/weapons_set1/resolve/d4d9dbc8272958820a3f6757e4c48d8987300271/grenade/grenade1342_jpg.rf.d5deca6575c0f62ffb20b779accfb5a4.jpg,grenade1342,weapons-set1::grenade::grenade1342,source class plus pre-Roboflow source basename,deterministic_source_group_partition,OSL-3.0,repository-level card metadata only; per-image provenance and rights are absent,https://huggingface.co/datasets/rajshivanshuu/weapons_set1/blob/d4d9dbc8272958820a3f6757e4c48d8987300271/README.md,false,Repository card does not declare synthesis; false is not an authenticity guarantee,,d2db825cc3c86bea8269058ee5f06347b7f6d26394a1357f665b8d81a41a18bc,d2db825cc3c86bea8269058ee5f06347b7f6d26394a1357f665b8d81a41a18bc,9f7c351b03ef2f614c616db499e5cdf366e78278e84fcacc5df3abcc0d3ee8a1,0b332b6958587931,image/jpeg,416,416,"{""source_folder"": ""grenade""}",462,1.0.0,source-derived label; no independent expert image audit
explosives-d2f14ad723dc51f0,explosives,grenade,train,data/capstone_dataset/train/explosives/explosives-d2f14ad723dc51f0.jpg,rajshivanshuu/weapons_set1,https://huggingface.co/datasets/rajshivanshuu/weapons_set1,https://huggingface.co/datasets/rajshivanshuu/weapons_set1/tree/d4d9dbc8272958820a3f6757e4c48d8987300271,d4d9dbc8272958820a3f6757e4c48d8987300271,grenade/grenade1394_jpg.rf.bf33af2f594c4a0e9c1f4ebac50b7f0c.jpg,https://huggingface.co/datasets/rajshivanshuu/weapons_set1/resolve/d4d9dbc8272958820a3f6757e4c48d8987300271/grenade/grenade1394_jpg.rf.bf33af2f594c4a0e9c1f4ebac50b7f0c.jpg,grenade1394,weapons-set1::grenade::grenade1394,source class plus pre-Roboflow source basename,deterministic_source_group_partition,OSL-3.0,repository-level card metadata only; per-image provenance and rights are absent,https://huggingface.co/datasets/rajshivanshuu/weapons_set1/blob/d4d9dbc8272958820a3f6757e4c48d8987300271/README.md,false,Repository card does not declare synthesis; false is not an authenticity guarantee,,d2f14ad723dc51f0aa79bedd8f3fd9e044e0d934a23704f22c449d9b89305c07,d2f14ad723dc51f0aa79bedd8f3fd9e044e0d934a23704f22c449d9b89305c07,1b54da9db9bb0525cd805969b03bf4fb88a6a938e9c1dafdbb6d5d29e476b826,b2b069696968f2b0,image/jpeg,416,416,"{""source_folder"": ""grenade""}",462,1.0.0,source-derived label; no independent expert image audit
explosives-d41184a8311a39ed,explosives,grenade,train,data/capstone_dataset/train/explosives/explosives-d41184a8311a39ed.jpg,rajshivanshuu/weapons_set1,https://huggingface.co/datasets/rajshivanshuu/weapons_set1,https://huggingface.co/datasets/rajshivanshuu/weapons_set1/tree/d4d9dbc8272958820a3f6757e4c48d8987300271,d4d9dbc8272958820a3f6757e4c48d8987300271,grenade/grenade1286_jpg.rf.b7a383b33b30bdea8d4ef205d131811e.jpg,https://huggingface.co/datasets/rajshivanshuu/weapons_set1/resolve/d4d9dbc8272958820a3f6757e4c48d8987300271/grenade/grenade1286_jpg.rf.b7a383b33b30bdea8d4ef205d131811e.jpg,grenade1286,weapons-set1::grenade::grenade1286,source class plus pre-Roboflow source basename,deterministic_source_group_partition,OSL-3.0,repository-level card metadata only; per-image provenance and rights are absent,https://huggingface.co/datasets/rajshivanshuu/weapons_set1/blob/d4d9dbc8272958820a3f6757e4c48d8987300271/README.md,false,Repository card does not declare synthesis; false is not an authenticity guarantee,,d41184a8311a39edfca0379e07f257ae72ced9bb436ccb11646ed4b12c22ddc6,d41184a8311a39edfca0379e07f257ae72ced9bb436ccb11646ed4b12c22ddc6,818b14aaef9df180ee69ba1520d0b9d98ff876972e8d49c5c2b59077d5c80dae,30b0b1717171b2b0,image/jpeg,416,416,"{""source_folder"": ""grenade""}",462,1.0.0,source-derived label; no independent expert image audit
explosives-da3798d47e77a933,explosives,grenade,train,data/capstone_dataset/train/explosives/explosives-da3798d47e77a933.jpg,rajshivanshuu/weapons_set1,https://huggingface.co/datasets/rajshivanshuu/weapons_set1,https://huggingface.co/datasets/rajshivanshuu/weapons_set1/tree/d4d9dbc8272958820a3f6757e4c48d8987300271,d4d9dbc8272958820a3f6757e4c48d8987300271,grenade/grenade1334_jpg.rf.9aa727832fbb280d270234af2ba73bb2.jpg,https://huggingface.co/datasets/rajshivanshuu/weapons_set1/resolve/d4d9dbc8272958820a3f6757e4c48d8987300271/grenade/grenade1334_jpg.rf.9aa727832fbb280d270234af2ba73bb2.jpg,grenade1334,weapons-set1::grenade::grenade1334,source class plus pre-Roboflow source basename,deterministic_source_group_partition,OSL-3.0,repository-level card metadata only; per-image provenance and rights are absent,https://huggingface.co/datasets/rajshivanshuu/weapons_set1/blob/d4d9dbc8272958820a3f6757e4c48d8987300271/README.md,false,Repository card does not declare synthesis; false is not an authenticity guarantee,,da3798d47e77a93396eee7c7231d2b59387394977561eafb4e50eb01caccfa62,da3798d47e77a93396eee7c7231d2b59387394977561eafb4e50eb01caccfa62,1b07dc6c88239afa7bdd7eced7f7943e643da080637f5cbbb73072af1cf889bc,608269f8f8bab296,image/jpeg,416,416,"{""source_folder"": ""grenade""}",462,1.0.0,source-derived label; no independent expert image audit
explosives-dc96a1bc1e5ae414,explosives,grenade,train,data/capstone_dataset/train/explosives/explosives-dc96a1bc1e5ae414.jpg,rajshivanshuu/weapons_set1,https://huggingface.co/datasets/rajshivanshuu/weapons_set1,https://huggingface.co/datasets/rajshivanshuu/weapons_set1/tree/d4d9dbc8272958820a3f6757e4c48d8987300271,d4d9dbc8272958820a3f6757e4c48d8987300271,grenade/grenade1382_jpg.rf.2615924610381ca6bcae9c9817b27ade.jpg,https://huggingface.co/datasets/rajshivanshuu/weapons_set1/resolve/d4d9dbc8272958820a3f6757e4c48d8987300271/grenade/grenade1382_jpg.rf.2615924610381ca6bcae9c9817b27ade.jpg,grenade1382,weapons-set1::grenade::grenade1382,source class plus pre-Roboflow source basename,deterministic_source_group_partition,OSL-3.0,repository-level card metadata only; per-image provenance and rights are absent,https://huggingface.co/datasets/rajshivanshuu/weapons_set1/blob/d4d9dbc8272958820a3f6757e4c48d8987300271/README.md,false,Repository card does not declare synthesis; false is not an authenticity guarantee,,dc96a1bc1e5ae41491cfa54ae5d9441e8eefb9f348410553052319cb77e75c13,dc96a1bc1e5ae41491cfa54ae5d9441e8eefb9f348410553052319cb77e75c13,5a17785ec543b73e457e30e5691da2bba85640926e01ba5d2e7fa6a75fc84488,c8eaf9eeac9a1b3d,image/jpeg,416,416,"{""source_folder"": ""grenade""}",462,1.0.0,source-derived label; no independent expert image audit
explosives-dcdf79d73be39a39,explosives,grenade,train,data/capstone_dataset/train/explosives/explosives-dcdf79d73be39a39.jpg,rajshivanshuu/weapons_set1,https://huggingface.co/datasets/rajshivanshuu/weapons_set1,https://huggingface.co/datasets/rajshivanshuu/weapons_set1/tree/d4d9dbc8272958820a3f6757e4c48d8987300271,d4d9dbc8272958820a3f6757e4c48d8987300271,grenade/grenade1350_jpg.rf.d056ff830d5f0ba7889ed6255067997d.jpg,https://huggingface.co/datasets/rajshivanshuu/weapons_set1/resolve/d4d9dbc8272958820a3f6757e4c48d8987300271/grenade/grenade1350_jpg.rf.d056ff830d5f0ba7889ed6255067997d.jpg,grenade1350,weapons-set1::grenade::grenade1350,source class plus pre-Roboflow source basename,deterministic_source_group_partition,OSL-3.0,repository-level card metadata only; per-image provenance and rights are absent,https://huggingface.co/datasets/rajshivanshuu/weapons_set1/blob/d4d9dbc8272958820a3f6757e4c48d8987300271/README.md,false,Repository card does not declare synthesis; false is not an authenticity guarantee,,dcdf79d73be39a391063741e8855c41adb100405ebe45863ec579b9c566135fa,dcdf79d73be39a391063741e8855c41adb100405ebe45863ec579b9c566135fa,f914cab84025b29037887d7b213cd370e0e7257aee848bd4bcb1ecdf14eeac1c,0859585c3858590a,image/jpeg,416,416,"{""source_folder"": ""grenade""}",462,1.0.0,source-derived label; no independent expert image audit
explosives-f0c667b58d86aab5,explosives,grenade,train,data/capstone_dataset/train/explosives/explosives-f0c667b58d86aab5.jpg,rajshivanshuu/weapons_set1,https://huggingface.co/datasets/rajshivanshuu/weapons_set1,https://huggingface.co/datasets/rajshivanshuu/weapons_set1/tree/d4d9dbc8272958820a3f6757e4c48d8987300271,d4d9dbc8272958820a3f6757e4c48d8987300271,grenade/grenade1391_jpg.rf.2bffd305f9047936aaf2650f03763b3e.jpg,https://huggingface.co/datasets/rajshivanshuu/weapons_set1/resolve/d4d9dbc8272958820a3f6757e4c48d8987300271/grenade/grenade1391_jpg.rf.2bffd305f9047936aaf2650f03763b3e.jpg,grenade1391,weapons-set1::grenade::grenade1391,source class plus pre-Roboflow source basename,deterministic_source_group_partition,OSL-3.0,repository-level card metadata only; per-image provenance and rights are absent,https://huggingface.co/datasets/rajshivanshuu/weapons_set1/blob/d4d9dbc8272958820a3f6757e4c48d8987300271/README.md,false,Repository card does not declare synthesis; false is not an authenticity guarantee,,f0c667b58d86aab53ececa16c60ab281bbd3c1d2fb95961847dd037db93a1445,f0c667b58d86aab53ececa16c60ab281bbd3c1d2fb95961847dd037db93a1445,918443ea9def0ec4494e062a85fe85dfbf76796e8db077bd8bb846d1b537a3a3,b2b025616160e0f0,image/jpeg,416,416,"{""source_folder"": ""grenade""}",462,1.0.0,source-derived label; no independent expert image audit
explosives-f0dbe7530955a23e,explosives,grenade,train,data/capstone_dataset/train/explosives/explosives-f0dbe7530955a23e.jpg,rajshivanshuu/weapons_set1,https://huggingface.co/datasets/rajshivanshuu/weapons_set1,https://huggingface.co/datasets/rajshivanshuu/weapons_set1/tree/d4d9dbc8272958820a3f6757e4c48d8987300271,d4d9dbc8272958820a3f6757e4c48d8987300271,grenade/grenade1281_jpg.rf.cb21906b7687724a3060c82c50a114ce.jpg,https://huggingface.co/datasets/rajshivanshuu/weapons_set1/resolve/d4d9dbc8272958820a3f6757e4c48d8987300271/grenade/grenade1281_jpg.rf.cb21906b7687724a3060c82c50a114ce.jpg,grenade1281,weapons-set1::grenade::grenade1281,source class plus pre-Roboflow source basename,deterministic_source_group_partition,OSL-3.0,repository-level card metadata only; per-image provenance and rights are absent,https://huggingface.co/datasets/rajshivanshuu/weapons_set1/blob/d4d9dbc8272958820a3f6757e4c48d8987300271/README.md,false,Repository card does not declare synthesis; false is not an authenticity guarantee,,f0dbe7530955a23e12c44e5f972e9dd64cbcde7d1b9ec235edb48c06381b3199,f0dbe7530955a23e12c44e5f972e9dd64cbcde7d1b9ec235edb48c06381b3199,d922a8c0b8e1db9e6adc4389eb9c01da766f7516fcc70a6dcc6abb038a78d5ed,170f3332b2b2b001,image/jpeg,416,416,"{""source_folder"": ""grenade""}",462,1.0.0,source-derived label; no independent expert image audit
explosives-f35a95a789048e9a,explosives,grenade,train,data/capstone_dataset/train/explosives/explosives-f35a95a789048e9a.jpg,rajshivanshuu/weapons_set1,https://huggingface.co/datasets/rajshivanshuu/weapons_set1,https://huggingface.co/datasets/rajshivanshuu/weapons_set1/tree/d4d9dbc8272958820a3f6757e4c48d8987300271,d4d9dbc8272958820a3f6757e4c48d8987300271,grenade/grenade1373_jpg.rf.c6500da4f3161362e545f05b08b79549.jpg,https://huggingface.co/datasets/rajshivanshuu/weapons_set1/resolve/d4d9dbc8272958820a3f6757e4c48d8987300271/grenade/grenade1373_jpg.rf.c6500da4f3161362e545f05b08b79549.jpg,grenade1373,weapons-set1::grenade::grenade1373,source class plus pre-Roboflow source basename,deterministic_source_group_partition,OSL-3.0,repository-level card metadata only; per-image provenance and rights are absent,https://huggingface.co/datasets/rajshivanshuu/weapons_set1/blob/d4d9dbc8272958820a3f6757e4c48d8987300271/README.md,false,Repository card does not declare synthesis; false is not an authenticity guarantee,,f35a95a789048e9aa3a39ddc491e2c5e33a5990460143e023efe720994f46755,f35a95a789048e9aa3a39ddc491e2c5e33a5990460143e023efe720994f46755,9586a522882b683b4d1a6bf2ab8a8debfe2c53f788740fec2f2ea52d7546c0fc,a68ac907756cce8c,image/jpeg,416,416,"{""source_folder"": ""grenade""}",462,1.0.0,source-derived label; no independent expert image audit
explosives-f4b4c158d76b28a5,explosives,grenade,train,data/capstone_dataset/train/explosives/explosives-f4b4c158d76b28a5.jpg,rajshivanshuu/weapons_set1,https://huggingface.co/datasets/rajshivanshuu/weapons_set1,https://huggingface.co/datasets/rajshivanshuu/weapons_set1/tree/d4d9dbc8272958820a3f6757e4c48d8987300271,d4d9dbc8272958820a3f6757e4c48d8987300271,grenade/grenade1385_jpg.rf.c9cceb0ae549db451a8d4e0c9667b381.jpg,https://huggingface.co/datasets/rajshivanshuu/weapons_set1/resolve/d4d9dbc8272958820a3f6757e4c48d8987300271/grenade/grenade1385_jpg.rf.c9cceb0ae549db451a8d4e0c9667b381.jpg,grenade1385,weapons-set1::grenade::grenade1385,source class plus pre-Roboflow source basename,deterministic_source_group_partition,OSL-3.0,repository-level card metadata only; per-image provenance and rights are absent,https://huggingface.co/datasets/rajshivanshuu/weapons_set1/blob/d4d9dbc8272958820a3f6757e4c48d8987300271/README.md,false,Repository card does not declare synthesis; false is not an authenticity guarantee,,f4b4c158d76b28a5130ef7aee2540c775bcf4c6337c008fb856afbc2b1eaac08,f4b4c158d76b28a5130ef7aee2540c775bcf4c6337c008fb856afbc2b1eaac08,e0e551523d0032f89210fe6b0df1a047de7144ed145b4f8cf060c849d3565d37,1f27333359f17b76,image/jpeg,416,416,"{""source_folder"": ""grenade""}",462,1.0.0,source-derived label; no independent expert image audit
explosives-f79e321dad654e32,explosives,grenade,train,data/capstone_dataset/train/explosives/explosives-f79e321dad654e32.jpg,rajshivanshuu/weapons_set1,https://huggingface.co/datasets/rajshivanshuu/weapons_set1,https://huggingface.co/datasets/rajshivanshuu/weapons_set1/tree/d4d9dbc8272958820a3f6757e4c48d8987300271,d4d9dbc8272958820a3f6757e4c48d8987300271,grenade/grenade1365_jpg.rf.8508ef68ebd00a083d2865e79278009d.jpg,https://huggingface.co/datasets/rajshivanshuu/weapons_set1/resolve/d4d9dbc8272958820a3f6757e4c48d8987300271/grenade/grenade1365_jpg.rf.8508ef68ebd00a083d2865e79278009d.jpg,grenade1365,weapons-set1::grenade::grenade1365,source class plus pre-Roboflow source basename,deterministic_source_group_partition,OSL-3.0,repository-level card metadata only; per-image provenance and rights are absent,https://huggingface.co/datasets/rajshivanshuu/weapons_set1/blob/d4d9dbc8272958820a3f6757e4c48d8987300271/README.md,false,Repository card does not declare synthesis; false is not an authenticity guarantee,,f79e321dad654e328093c77615a49639688390d6f1956139e6b7ce101317b636,f79e321dad654e328093c77615a49639688390d6f1956139e6b7ce101317b636,e68f9092477ab86098b023c98d67e06c34025b005cc2cb384e54023a22340d71,4e7ef2f2ea21171f,image/jpeg,416,416,"{""source_folder"": ""grenade""}",462,1.0.0,source-derived label; no independent expert image audit
explosives-f943cec9f2b3f25b,explosives,grenade,train,data/capstone_dataset/train/explosives/explosives-f943cec9f2b3f25b.jpg,rajshivanshuu/weapons_set1,https://huggingface.co/datasets/rajshivanshuu/weapons_set1,https://huggingface.co/datasets/rajshivanshuu/weapons_set1/tree/d4d9dbc8272958820a3f6757e4c48d8987300271,d4d9dbc8272958820a3f6757e4c48d8987300271,grenade/grenade1305_jpg.rf.dac0ebb11d681c5bc26b64126e49c6b2.jpg,https://huggingface.co/datasets/rajshivanshuu/weapons_set1/resolve/d4d9dbc8272958820a3f6757e4c48d8987300271/grenade/grenade1305_jpg.rf.dac0ebb11d681c5bc26b64126e49c6b2.jpg,grenade1305,weapons-set1::grenade::grenade1305,source class plus pre-Roboflow source basename,deterministic_source_group_partition,OSL-3.0,repository-level card metadata only; per-image provenance and rights are absent,https://huggingface.co/datasets/rajshivanshuu/weapons_set1/blob/d4d9dbc8272958820a3f6757e4c48d8987300271/README.md,false,Repository card does not declare synthesis; false is not an authenticity guarantee,,f943cec9f2b3f25be110fa4514a25f8e2f64fb4336d0da13fab2dc31413a3305,f943cec9f2b3f25be110fa4514a25f8e2f64fb4336d0da13fab2dc31413a3305,ae57d2690269e4f6465ec635766f2042673ca91ef4f979d48407b168c14769c3,88c291b868f0b170,image/jpeg,416,416,"{""source_folder"": ""grenade""}",462,1.0.0,source-derived label; no independent expert image audit
financial_promotion-0089f6be0ad2affd,financial_promotion,financial_promotion,train,data/capstone_dataset/train/financial_promotion/financial_promotion-0089f6be0ad2affd.jpg,project_generated_financial_creatives_v1,,,e5635c7ddfc9fb3e7ff6332ba68152884b42eb45990e932a16e69e3cdd8d1a57,scripts/build_capstone_dataset.py#financial/pulse-profit/1,,pulse-profit:1,pil-financial-campaign::pulse-profit,campaign id; all three visual variants stay together,deterministic_source_group_partition,project-generated; release terms not declared,no third-party visual assets; team must choose distribution terms,,true,Deterministic PIL renderer in the dataset builder,Pillow drawing primitives; seed 462; generator v1,e5635c7ddfc9fb3e7ff6332ba68152884b42eb45990e932a16e69e3cdd8d1a57,0089f6be0ad2affd03ecf6a243664b456f6a83bdcc74450d625eb2e1de91c903,7710a6587b488e2d37873ce5d4417326cc4a619f1e2f979bc048193a835703ed,b2b299c1641ecc89,image/jpeg,640,640,"{""brand"": ""PULSE PROFIT"", ""campaign_id"": ""pulse-profit"", ""headline"": ""Follow a disciplined strategy"", ""offer"": ""Sample insights"", ""product"": ""Trading signals"", ""variant"": ""1""}",462,1.0.0,controlled generator label; text says simulated creative
financial_promotion-08ed8395231a9a35,financial_promotion,financial_promotion,train,data/capstone_dataset/train/financial_promotion/financial_promotion-08ed8395231a9a35.jpg,project_generated_financial_creatives_v1,,,e5635c7ddfc9fb3e7ff6332ba68152884b42eb45990e932a16e69e3cdd8d1a57,scripts/build_capstone_dataset.py#financial/wave-wallet/1,,wave-wallet:1,pil-financial-campaign::wave-wallet,campaign id; all three visual variants stay together,deterministic_source_group_partition,project-generated; release terms not declared,no third-party visual assets; team must choose distribution terms,,true,Deterministic PIL renderer in the dataset builder,Pillow drawing primitives; seed 462; generator v1,e5635c7ddfc9fb3e7ff6332ba68152884b42eb45990e932a16e69e3cdd8d1a57,08ed8395231a9a358b9aa90a908a90655465ae6d97179cf51e40c5278a34f416,b3ddf9825da6432d3de637d0d78e45ddc0be889569990010d602fae3bf1c79d4,b2ba8d956c7eccc9,image/jpeg,640,640,"{""brand"": ""WAVE WALLET"", ""campaign_id"": ""wave-wallet"", ""headline"": ""Send and store digital value"", ""offer"": ""Secure sample"", ""product"": ""Crypto wallet"", ""variant"": ""1""}",462,1.0.0,controlled generator label; text says simulated creative
financial_promotion-0edeb837e61daae4,financial_promotion,financial_promotion,train,data/capstone_dataset/train/financial_promotion/financial_promotion-0edeb837e61daae4.jpg,project_generated_financial_creatives_v1,,,e5635c7ddfc9fb3e7ff6332ba68152884b42eb45990e932a16e69e3cdd8d1a57,scripts/build_capstone_dataset.py#financial/kite-capital/0,,kite-capital:0,pil-financial-campaign::kite-capital,campaign id; all three visual variants stay together,deterministic_source_group_partition,project-generated; release terms not declared,no third-party visual assets; team must choose distribution terms,,true,Deterministic PIL renderer in the dataset builder,Pillow drawing primitives; seed 462; generator v1,e5635c7ddfc9fb3e7ff6332ba68152884b42eb45990e932a16e69e3cdd8d1a57,0edeb837e61daae43ef712782a97e151e2a817cd3d8c4271148382aa98d48b6b,ce7acba97e8a292033dfc5d46759d9361d59516d6379b8568e06cc4a2d3a033f,bab2c5556c3eccc9,image/jpeg,640,640,"{""brand"": ""KITE CAPITAL"", ""campaign_id"": ""kite-capital"", ""headline"": ""Diversify beyond cash"", ""offer"": ""Risk-rated sample"", ""product"": ""Mutual funds"", ""variant"": ""0""}",462,1.0.0,controlled generator label; text says simulated creative
financial_promotion-136c14636862a158,financial_promotion,financial_promotion,train,data/capstone_dataset/train/financial_promotion/financial_promotion-136c14636862a158.jpg,project_generated_financial_creatives_v1,,,e5635c7ddfc9fb3e7ff6332ba68152884b42eb45990e932a16e69e3cdd8d1a57,scripts/build_capstone_dataset.py#financial/zenith-zero/2,,zenith-zero:2,pil-financial-campaign::zenith-zero,campaign id; all three visual variants stay together,deterministic_source_group_partition,project-generated; release terms not declared,no third-party visual assets; team must choose distribution terms,,true,Deterministic PIL renderer in the dataset builder,Pillow drawing primitives; seed 462; generator v1,e5635c7ddfc9fb3e7ff6332ba68152884b42eb45990e932a16e69e3cdd8d1a57,136c14636862a158315803cae4e9edd019c13388270535bbe521b8e97ff48878,747d961369295273c5606b75ff9e861ad663eb85a1595f0f6a923b3383820327,bebac5c46c1ccccf,image/jpeg,640,640,"{""brand"": ""ZENITH ZERO FEE"", ""campaign_id"": ""zenith-zero"", ""headline"": ""Compare commission-free trades"", ""offer"": ""$0 sample fee"", ""product"": ""Brokerage"", ""variant"": ""2""}",462,1.0.0,controlled generator label; text says simulated creative
financial_promotion-14afd2fe12c979f5,financial_promotion,financial_promotion,train,data/capstone_dataset/train/financial_promotion/financial_promotion-14afd2fe12c979f5.jpg,project_generated_financial_creatives_v1,,,e5635c7ddfc9fb3e7ff6332ba68152884b42eb45990e932a16e69e3cdd8d1a57,scripts/build_capstone_dataset.py#financial/kite-capital/1,,kite-capital:1,pil-financial-campaign::kite-capital,campaign id; all three visual variants stay together,deterministic_source_group_partition,project-generated; release terms not declared,no third-party visual assets; team must choose distribution terms,,true,Deterministic PIL renderer in the dataset builder,Pillow drawing primitives; seed 462; generator v1,e5635c7ddfc9fb3e7ff6332ba68152884b42eb45990e932a16e69e3cdd8d1a57,14afd2fe12c979f583bc15de12fe233e0a4d7df5e197da2e3518c1c8a6b9e3cf,f359a0454079d86e0f49365d6587064d93e5460408b60e5cf799cf4810962374,b2b245452c7eccc9,image/jpeg,640,640,"{""brand"": ""KITE CAPITAL"", ""campaign_id"": ""kite-capital"", ""headline"": ""Diversify beyond cash"", ""offer"": ""Risk-rated sample"", ""product"": ""Mutual funds"", ""variant"": ""1""}",462,1.0.0,controlled generator label; text says simulated creative
financial_promotion-18a74a75b560e790,financial_promotion,financial_promotion,train,data/capstone_dataset/train/financial_promotion/financial_promotion-18a74a75b560e790.jpg,project_generated_financial_creatives_v1,,,e5635c7ddfc9fb3e7ff6332ba68152884b42eb45990e932a16e69e3cdd8d1a57,scripts/build_capstone_dataset.py#financial/delta-dividend/0,,delta-dividend:0,pil-financial-campaign::delta-dividend,campaign id; all three visual variants stay together,deterministic_source_group_partition,project-generated; release terms not declared,no third-party visual assets; team must choose distribution terms,,true,Deterministic PIL renderer in the dataset builder,Pillow drawing primitives; seed 462; generator v1,e5635c7ddfc9fb3e7ff6332ba68152884b42eb45990e932a16e69e3cdd8d1a57,18a74a75b560e7901ba763d376bf474c08bf449045c0b162800763435578c727,009c595071e004578158c4901e0474cc619b264a3befac4ed78bb17841a5a22d,9abac1916c1eccc9,image/jpeg,640,640,"{""brand"": ""DELTA DIVIDEND"", ""campaign_id"": ""delta-dividend"", ""headline"": ""Put dividends on repeat"", ""offer"": ""Quarterly sample"", ""product"": ""Income stocks"", ""variant"": ""0""}",462,1.0.0,controlled generator label; text says simulated creative
financial_promotion-19c51cd84f0d8980,financial_promotion,financial_promotion,train,data/capstone_dataset/train/financial_promotion/financial_promotion-19c51cd84f0d8980.jpg,project_generated_financial_creatives_v1,,,e5635c7ddfc9fb3e7ff6332ba68152884b42eb45990e932a16e69e3cdd8d1a57,scripts/build_capstone_dataset.py#financial/harbor-savings/1,,harbor-savings:1,pil-financial-campaign::harbor-savings,campaign id; all three visual variants stay together,deterministic_source_group_partition,project-generated; release terms not declared,no third-party visual assets; team must choose distribution terms,,true,Deterministic PIL renderer in the dataset builder,Pillow drawing primitives; seed 462; generator v1,e5635c7ddfc9fb3e7ff6332ba68152884b42eb45990e932a16e69e3cdd8d1a57,19c51cd84f0d8980c879c1223018b40ffc1bd99d514af0bbd6d9de384d05222a,c59947db6bc56ceaf7553642a0e6d8572aa07df305374ba5cde389b2b5f2cff0,baba99996c3eccc1,image/jpeg,640,640,"{""brand"": ""HARBOR SAVINGS"", ""campaign_id"": ""harbor-savings"", ""headline"": ""Make every deposit count"", ""offer"": ""5.1% sample APY"", ""product"": ""Savings account"", ""variant"": ""1""}",462,1.0.0,controlled generator label; text says simulated creative
financial_promotion-1c27a3dcb5e9750b,financial_promotion,financial_promotion,train,data/capstone_dataset/train/financial_promotion/financial_promotion-1c27a3dcb5e9750b.jpg,project_generated_financial_creatives_v1,,,e5635c7ddfc9fb3e7ff6332ba68152884b42eb45990e932a16e69e3cdd8d1a57,scripts/build_capstone_dataset.py#financial/zenith-zero/0,,zenith-zero:0,pil-financial-campaign::zenith-zero,campaign id; all three visual variants stay together,deterministic_source_group_partition,project-generated; release terms not declared,no third-party visual assets; team must choose distribution terms,,true,Deterministic PIL renderer in the dataset builder,Pillow drawing primitives; seed 462; generator v1,e5635c7ddfc9fb3e7ff6332ba68152884b42eb45990e932a16e69e3cdd8d1a57,1c27a3dcb5e9750bdafa6a47287f4d4f4b2da992fee18582d86f0106f2586828,05ca48ff8b29efd494f7225415a5842de3ac35c0a4c044aeeca3034863972e95,babac9c57c4c8ccb,image/jpeg,640,640,"{""brand"": ""ZENITH ZERO FEE"", ""campaign_id"": ""zenith-zero"", ""headline"": ""Compare commission-free trades"", ""offer"": ""$0 sample fee"", ""product"": ""Brokerage"", ""variant"": ""0""}",462,1.0.0,controlled generator label; text says simulated creative
financial_promotion-24f146a5bbc09f42,financial_promotion,financial_promotion,train,data/capstone_dataset/train/financial_promotion/financial_promotion-24f146a5bbc09f42.jpg,project_generated_financial_creatives_v1,,,e5635c7ddfc9fb3e7ff6332ba68152884b42eb45990e932a16e69e3cdd8d1a57,scripts/build_capstone_dataset.py#financial/lumen-loans/2,,lumen-loans:2,pil-financial-campaign::lumen-loans,campaign id; all three visual variants stay together,deterministic_source_group_partition,project-generated; release terms not declared,no third-party visual assets; team must choose distribution terms,,true,Deterministic PIL renderer in the dataset builder,Pillow drawing primitives; seed 462; generator v1,e5635c7ddfc9fb3e7ff6332ba68152884b42eb45990e932a16e69e3cdd8d1a57,24f146a5bbc09f42f3f9fb9ffad55c81a5404e6fa99f79526847f46211da5588,0f10d513cc17d5ca9e38c1b5f3e68d81660f5cff6816c7ff028c6386d3278e26,b2b2c98d6c5ccce1,image/jpeg,640,640,"{""brand"": ""LUMEN LOANS"", ""campaign_id"": ""lumen-loans"", ""headline"": ""Compare financing options"", ""offer"": ""Sample 7.9% APR"", ""product"": ""Personal lending"", ""variant"": ""2""}",462,1.0.0,controlled generator label; text says simulated creative
financial_promotion-25c6e37415456576,financial_promotion,financial_promotion,train,data/capstone_dataset/train/financial_promotion/financial_promotion-25c6e37415456576.jpg,project_generated_financial_creatives_v1,,,e5635c7ddfc9fb3e7ff6332ba68152884b42eb45990e932a16e69e3cdd8d1a57,scripts/build_capstone_dataset.py#financial/quartz-quant/1,,quartz-quant:1,pil-financial-campaign::quartz-quant,campaign id; all three visual variants stay together,deterministic_source_group_partition,project-generated; release terms not declared,no third-party visual assets; team must choose distribution terms,,true,Deterministic PIL renderer in the dataset builder,Pillow drawing primitives; seed 462; generator v1,e5635c7ddfc9fb3e7ff6332ba68152884b42eb45990e932a16e69e3cdd8d1a57,25c6e37415456576be13bd41878897ad5b2e9e85814a0af8960532dd4e13a0fb,0c47c081aa269bdb1414cb43beef6e2a0aff824c9c5637005ae925069597dd92,bab2898d6c1cccc9,image/jpeg,640,640,"{""brand"": ""QUARTZ QUANT"", ""campaign_id"": ""quartz-quant"", ""headline"": ""Data tools for market research"", ""offer"": ""Model sample"", ""product"": ""Quant platform"", ""variant"": ""1""}",462,1.0.0,controlled generator label; text says simulated creative
financial_promotion-26f326b2921028dd,financial_promotion,financial_promotion,train,data/capstone_dataset/train/financial_promotion/financial_promotion-26f326b2921028dd.jpg,project_generated_financial_creatives_v1,,,e5635c7ddfc9fb3e7ff6332ba68152884b42eb45990e932a16e69e3cdd8d1a57,scripts/build_capstone_dataset.py#financial/orbit-portfolio/1,,orbit-portfolio:1,pil-financial-campaign::orbit-portfolio,campaign id; all three visual variants stay together,deterministic_source_group_partition,project-generated; release terms not declared,no third-party visual assets; team must choose distribution terms,,true,Deterministic PIL renderer in the dataset builder,Pillow drawing primitives; seed 462; generator v1,e5635c7ddfc9fb3e7ff6332ba68152884b42eb45990e932a16e69e3cdd8d1a57,26f326b2921028dddd7e0ac98772d6678dfa71dcc488b5cc2acb44f4305a1805,461b4bea985e83ac2909d55100049b69e3921b0c1cc6892dd1626de34397b036,baba95956c1eccc9,image/jpeg,640,640,"{""brand"": ""ORBIT PORTFOLIO"", ""campaign_id"": ""orbit-portfolio"", ""headline"": ""See your assets in one view"", ""offer"": ""Daily sample view"", ""product"": ""Portfolio tracker"", ""variant"": ""1""}",462,1.0.0,controlled generator label; text says simulated creative
financial_promotion-2dbdbcd8e33f4f2d,financial_promotion,financial_promotion,train,data/capstone_dataset/train/financial_promotion/financial_promotion-2dbdbcd8e33f4f2d.jpg,project_generated_financial_creatives_v1,,,e5635c7ddfc9fb3e7ff6332ba68152884b42eb45990e932a16e69e3cdd8d1a57,scripts/build_capstone_dataset.py#financial/terra-token/1,,terra-token:1,pil-financial-campaign::terra-token,campaign id; all three visual variants stay together,deterministic_source_group_partition,project-generated; release terms not declared,no third-party visual assets; team must choose distribution terms,,true,Deterministic PIL renderer in the dataset builder,Pillow drawing primitives; seed 462; generator v1,e5635c7ddfc9fb3e7ff6332ba68152884b42eb45990e932a16e69e3cdd8d1a57,2dbdbcd8e33f4f2db83a56f04c800da6450c684a8eb688ca6bf5a5b939945f03,4f89133d5f161d10e0edfc62eb48c8a66e7e0602ecfd30f852b6410876b5e8b7,b6b2c1c96c1cccc1,image/jpeg,640,640,"{""brand"": ""TERRA TOKEN"", ""campaign_id"": ""terra-token"", ""headline"": ""A simulated token campaign"", ""offer"": ""Sample presale"", ""product"": ""Digital token"", ""variant"": ""1""}",462,1.0.0,controlled generator label; text says simulated creative
financial_promotion-317e78e007be88e7,financial_promotion,financial_promotion,train,data/capstone_dataset/train/financial_promotion/financial_promotion-317e78e007be88e7.jpg,project_generated_financial_creatives_v1,,,e5635c7ddfc9fb3e7ff6332ba68152884b42eb45990e932a16e69e3cdd8d1a57,scripts/build_capstone_dataset.py#financial/flux-forex/0,,flux-forex:0,pil-financial-campaign::flux-forex,campaign id; all three visual variants stay together,deterministic_source_group_partition,project-generated; release terms not declared,no third-party visual assets; team must choose distribution terms,,true,Deterministic PIL renderer in the dataset builder,Pillow drawing primitives; seed 462; generator v1,e5635c7ddfc9fb3e7ff6332ba68152884b42eb45990e932a16e69e3cdd8d1a57,317e78e007be88e79d86c9054b0c9773c8aabecc92625e5969153c8fb0742602,34f59996c70f982f6582c09a6d60686d8a593f33755c139c92bade29aab1f5b8,bab6a1916c1ccc81,image/jpeg,640,640,"{""brand"": ""FLUX FOREX"", ""campaign_id"": ""flux-forex"", ""headline"": ""Explore global currency markets"", ""offer"": ""Demo account"", ""product"": ""FX trading"", ""variant"": ""0""}",462,1.0.0,controlled generator label; text says simulated creative
financial_promotion-3fcfd5f48c081713,financial_promotion,financial_promotion,train,data/capstone_dataset/train/financial_promotion/financial_promotion-3fcfd5f48c081713.jpg,project_generated_financial_creatives_v1,,,e5635c7ddfc9fb3e7ff6332ba68152884b42eb45990e932a16e69e3cdd8d1a57,scripts/build_capstone_dataset.py#financial/ember-etf/0,,ember-etf:0,pil-financial-campaign::ember-etf,campaign id; all three visual variants stay together,deterministic_source_group_partition,project-generated; release terms not declared,no third-party visual assets; team must choose distribution terms,,true,Deterministic PIL renderer in the dataset builder,Pillow drawing primitives; seed 462; generator v1,e5635c7ddfc9fb3e7ff6332ba68152884b42eb45990e932a16e69e3cdd8d1a57,3fcfd5f48c081713e2217a712d57fc1b4ae70d7c700b2fe0c460a1d32489339d,7a482d1fc319d13b5e230aa0613f7bb0b7fda18c4e18a3c086c4ba8ae45d564c,aab281c1641eccc8,image/jpeg,640,640,"{""brand"": ""EMBER ETF"", ""campaign_id"": ""ember-etf"", ""headline"": ""One fund, many companies"", ""offer"": ""Low-cost sample"", ""product"": ""Index investing"", ""variant"": ""0""}",462,1.0.0,controlled generator label; text says simulated creative
financial_promotion-48494a74d735504b,financial_promotion,financial_promotion,train,data/capstone_dataset/train/financial_promotion/financial_promotion-48494a74d735504b.jpg,project_generated_financial_creatives_v1,,,e5635c7ddfc9fb3e7ff6332ba68152884b42eb45990e932a16e69e3cdd8d1a57,scripts/build_capstone_dataset.py#financial/terra-token/0,,terra-token:0,pil-financial-campaign::terra-token,campaign id; all three visual variants stay together,deterministic_source_group_partition,project-generated; release terms not declared,no third-party visual assets; team must choose distribution terms,,true,Deterministic PIL renderer in the dataset builder,Pillow drawing primitives; seed 462; generator v1,e5635c7ddfc9fb3e7ff6332ba68152884b42eb45990e932a16e69e3cdd8d1a57,48494a74d735504ba5e1cfb9f40806fa16fb1946785967fd595e7bf3f05f801c,7c0b6b1653bd4e7765ebd5988a7c9fa65380c3e717a8401d63825603f8a2ccb8,b2bac1c96c5cccc9,image/jpeg,640,640,"{""brand"": ""TERRA TOKEN"", ""campaign_id"": ""terra-token"", ""headline"": ""A simulated token campaign"", ""offer"": ""Sample presale"", ""product"": ""Digital token"", ""variant"": ""0""}",462,1.0.0,controlled generator label; text says simulated creative
financial_promotion-4f62bca4c4cceb59,financial_promotion,financial_promotion,train,data/capstone_dataset/train/financial_promotion/financial_promotion-4f62bca4c4cceb59.jpg,project_generated_financial_creatives_v1,,,e5635c7ddfc9fb3e7ff6332ba68152884b42eb45990e932a16e69e3cdd8d1a57,scripts/build_capstone_dataset.py#financial/quartz-quant/2,,quartz-quant:2,pil-financial-campaign::quartz-quant,campaign id; all three visual variants stay together,deterministic_source_group_partition,project-generated; release terms not declared,no third-party visual assets; team must choose distribution terms,,true,Deterministic PIL renderer in the dataset builder,Pillow drawing primitives; seed 462; generator v1,e5635c7ddfc9fb3e7ff6332ba68152884b42eb45990e932a16e69e3cdd8d1a57,4f62bca4c4cceb59112e3ccbe4e4778e5149cd8f226b8a9efa5b4f9d4faf4395,a1e888b6e407183ad01476b5e495d1cadb55003a4a1606e833d9cdcbc91b4cbb,bab2898d6c7cccc9,image/jpeg,640,640,"{""brand"": ""QUARTZ QUANT"", ""campaign_id"": ""quartz-quant"", ""headline"": ""Data tools for market research"", ""offer"": ""Model sample"", ""product"": ""Quant platform"", ""variant"": ""2""}",462,1.0.0,controlled generator label; text says simulated creative
financial_promotion-527b289322dcc76f,financial_promotion,financial_promotion,train,data/capstone_dataset/train/financial_promotion/financial_promotion-527b289322dcc76f.jpg,project_generated_financial_creatives_v1,,,e5635c7ddfc9fb3e7ff6332ba68152884b42eb45990e932a16e69e3cdd8d1a57,scripts/build_capstone_dataset.py#financial/lumen-loans/1,,lumen-loans:1,pil-financial-campaign::lumen-loans,campaign id; all three visual variants stay together,deterministic_source_group_partition,project-generated; release terms not declared,no third-party visual assets; team must choose distribution terms,,true,Deterministic PIL renderer in the dataset builder,Pillow drawing primitives; seed 462; generator v1,e5635c7ddfc9fb3e7ff6332ba68152884b42eb45990e932a16e69e3cdd8d1a57,527b289322dcc76fb297fa121e1295b90b5edb6e8f6e3eb211115ebd9dd77410,30335e66c9f5c4f715db9a2f51f0154e1ca4ddfcb5c524f9559155414f888b66,b2b2c9816c1cccc9,image/jpeg,640,640,"{""brand"": ""LUMEN LOANS"", ""campaign_id"": ""lumen-loans"", ""headline"": ""Compare financing options"", ""offer"": ""Sample 7.9% APR"", ""product"": ""Personal lending"", ""variant"": ""1""}",462,1.0.0,controlled generator label; text says simulated creative
financial_promotion-55d2730d894287ab,financial_promotion,financial_promotion,train,data/capstone_dataset/train/financial_promotion/financial_promotion-55d2730d894287ab.jpg,project_generated_financial_creatives_v1,,,e5635c7ddfc9fb3e7ff6332ba68152884b42eb45990e932a16e69e3cdd8d1a57,scripts/build_capstone_dataset.py#financial/ember-etf/1,,ember-etf:1,pil-financial-campaign::ember-etf,campaign id; all three visual variants stay together,deterministic_source_group_partition,project-generated; release terms not declared,no third-party visual assets; team must choose distribution terms,,true,Deterministic PIL renderer in the dataset builder,Pillow drawing primitives; seed 462; generator v1,e5635c7ddfc9fb3e7ff6332ba68152884b42eb45990e932a16e69e3cdd8d1a57,55d2730d894287ab1a1348d064cac34c909669c0577ed873722f58330452185b,ad397f776a952f97df56730065bc3d61517ad8d003151e57b35a95a9e02ec1ef,a2ba81c57c7eccc9,image/jpeg,640,640,"{""brand"": ""EMBER ETF"", ""campaign_id"": ""ember-etf"", ""headline"": ""One fund, many companies"", ""offer"": ""Low-cost sample"", ""product"": ""Index investing"", ""variant"": ""1""}",462,1.0.0,controlled generator label; text says simulated creative
financial_promotion-5dfe6796a85c2b3e,financial_promotion,financial_promotion,train,data/capstone_dataset/train/financial_promotion/financial_promotion-5dfe6796a85c2b3e.jpg,project_generated_financial_creatives_v1,,,e5635c7ddfc9fb3e7ff6332ba68152884b42eb45990e932a16e69e3cdd8d1a57,scripts/build_capstone_dataset.py#financial/delta-dividend/1,,delta-dividend:1,pil-financial-campaign::delta-dividend,campaign id; all three visual variants stay together,deterministic_source_group_partition,project-generated; release terms not declared,no third-party visual assets; team must choose distribution terms,,true,Deterministic PIL renderer in the dataset builder,Pillow drawing primitives; seed 462; generator v1,e5635c7ddfc9fb3e7ff6332ba68152884b42eb45990e932a16e69e3cdd8d1a57,5dfe6796a85c2b3ecc099070f30072a7ca42065db9628d80555f8808aded182c,a38c10649916b5455b7cf813d49ed63e52e7c7d6195999cce1bde8a3bca54eeb,babac191641eccc9,image/jpeg,640,640,"{""brand"": ""DELTA DIVIDEND"", ""campaign_id"": ""delta-dividend"", ""headline"": ""Put dividends on repeat"", ""offer"": ""Quarterly sample"", ""product"": ""Income stocks"", ""variant"": ""1""}",462,1.0.0,controlled generator label; text says simulated creative
financial_promotion-5e9b26c70865e092,financial_promotion,financial_promotion,train,data/capstone_dataset/train/financial_promotion/financial_promotion-5e9b26c70865e092.jpg,project_generated_financial_creatives_v1,,,e5635c7ddfc9fb3e7ff6332ba68152884b42eb45990e932a16e69e3cdd8d1a57,scripts/build_capstone_dataset.py#financial/green-retire/2,,green-retire:2,pil-financial-campaign::green-retire,campaign id; all three visual variants stay together,deterministic_source_group_partition,project-generated; release terms not declared,no third-party visual assets; team must choose distribution terms,,true,Deterministic PIL renderer in the dataset builder,Pillow drawing primitives; seed 462; generator v1,e5635c7ddfc9fb3e7ff6332ba68152884b42eb45990e932a16e69e3cdd8d1a57,5e9b26c70865e092496a2e77a3682a6c9f694119032afc14fa1fd112da94af81,da8252c099cb9245a79afa63861fdbe123dda2f17d0f9beda3165e5b254c3c73,bab28965cc3eccc9,image/jpeg,640,640,"{""brand"": ""GREEN RETIRE"", ""campaign_id"": ""green-retire"", ""headline"": ""Plan the years ahead"", ""offer"": ""Tax-aware sample"", ""product"": ""Retirement account"", ""variant"": ""2""}",462,1.0.0,controlled generator label; text says simulated creative
financial_promotion-60669e4f6af12230,financial_promotion,financial_promotion,train,data/capstone_dataset/train/financial_promotion/financial_promotion-60669e4f6af12230.jpg,project_generated_financial_creatives_v1,,,e5635c7ddfc9fb3e7ff6332ba68152884b42eb45990e932a16e69e3cdd8d1a57,scripts/build_capstone_dataset.py#financial/wave-wallet/2,,wave-wallet:2,pil-financial-campaign::wave-wallet,campaign id; all three visual variants stay together,deterministic_source_group_partition,project-generated; release terms not declared,no third-party visual assets; team must choose distribution terms,,true,Deterministic PIL renderer in the dataset builder,Pillow drawing primitives; seed 462; generator v1,e5635c7ddfc9fb3e7ff6332ba68152884b42eb45990e932a16e69e3cdd8d1a57,60669e4f6af12230ce85ec5d1987e1e042ec427c46fde2ed7e3138377362e51b,5257700428dd9cb43c3bdb1d5ec935964a51dbf8d1e86d9ed76203db3cfd20ce,b2b28d956c1eccc9,image/jpeg,640,640,"{""brand"": ""WAVE WALLET"", ""campaign_id"": ""wave-wallet"", ""headline"": ""Send and store digital value"", ""offer"": ""Secure sample"", ""product"": ""Crypto wallet"", ""variant"": ""2""}",462,1.0.0,controlled generator label; text says simulated creative
financial_promotion-70af24b4e6958eb8,financial_promotion,financial_promotion,train,data/capstone_dataset/train/financial_promotion/financial_promotion-70af24b4e6958eb8.jpg,project_generated_financial_creatives_v1,,,e5635c7ddfc9fb3e7ff6332ba68152884b42eb45990e932a16e69e3cdd8d1a57,scripts/build_capstone_dataset.py#financial/ion-invest/2,,ion-invest:2,pil-financial-campaign::ion-invest,campaign id; all three visual variants stay together,deterministic_source_group_partition,project-generated; release terms not declared,no third-party visual assets; team must choose distribution terms,,true,Deterministic PIL renderer in the dataset builder,Pillow drawing primitives; seed 462; generator v1,e5635c7ddfc9fb3e7ff6332ba68152884b42eb45990e932a16e69e3cdd8d1a57,70af24b4e6958eb8c2914932af0c98caf7ba5ab666458e3ffb43bd598c32b414,3d54e9f2e3f0eaef41dc93c07fad2343936fa974c3ad93a67208a105dd2ea835,b2b689c9641eccc9,image/jpeg,640,640,"{""brand"": ""ION INVEST"", ""campaign_id"": ""ion-invest"", ""headline"": ""Start with a simple portfolio"", ""offer"": ""$25 sample start"", ""product"": ""Managed investing"", ""variant"": ""2""}",462,1.0.0,controlled generator label; text says simulated creative
financial_promotion-73c19756a653c4b7,financial_promotion,financial_promotion,train,data/capstone_dataset/train/financial_promotion/financial_promotion-73c19756a653c4b7.jpg,project_generated_financial_creatives_v1,,,e5635c7ddfc9fb3e7ff6332ba68152884b42eb45990e932a16e69e3cdd8d1a57,scripts/build_capstone_dataset.py#financial/river-rewards/2,,river-rewards:2,pil-financial-campaign::river-rewards,campaign id; all three visual variants stay together,deterministic_source_group_partition,project-generated; release terms not declared,no third-party visual assets; team must choose distribution terms,,true,Deterministic PIL renderer in the dataset builder,Pillow drawing primitives; seed 462; generator v1,e5635c7ddfc9fb3e7ff6332ba68152884b42eb45990e932a16e69e3cdd8d1a57,73c19756a653c4b7e6a1191e63b7157d37708b8264cb4a60e63d198df03123d8,98527291968899b7d1590585e314033b260888667374b4d64c62bbfa93bc61e5,bab2c9cd7c4ecc89,image/jpeg,640,640,"{""brand"": ""RIVER REWARDS"", ""campaign_id"": ""river-rewards"", ""headline"": ""Earn points on daily spending"", ""offer"": ""3x sample points"", ""product"": ""Credit card"", ""variant"": ""2""}",462,1.0.0,controlled generator label; text says simulated creative
financial_promotion-74f3cbd7b64097a8,financial_promotion,financial_promotion,train,data/capstone_dataset/train/financial_promotion/financial_promotion-74f3cbd7b64097a8.jpg,project_generated_financial_creatives_v1,,,e5635c7ddfc9fb3e7ff6332ba68152884b42eb45990e932a16e69e3cdd8d1a57,scripts/build_capstone_dataset.py#financial/harbor-savings/0,,harbor-savings:0,pil-financial-campaign::harbor-savings,campaign id; all three visual variants stay together,deterministic_source_group_partition,project-generated; release terms not declared,no third-party visual assets; team must choose distribution terms,,true,Deterministic PIL renderer in the dataset builder,Pillow drawing primitives; seed 462; generator v1,e5635c7ddfc9fb3e7ff6332ba68152884b42eb45990e932a16e69e3cdd8d1a57,74f3cbd7b64097a8fb2f4d17af2d280ab8100cc0691782a3a674a5809bb504e3,fadef4a8c159a4ddbfae52d48a94c8175019f168094bb4c742d67bd5c18f963f,9eba99995c2eccc9,image/jpeg,640,640,"{""brand"": ""HARBOR SAVINGS"", ""campaign_id"": ""harbor-savings"", ""headline"": ""Make every deposit count"", ""offer"": ""5.1% sample APY"", ""product"": ""Savings account"", ""variant"": ""0""}",462,1.0.0,controlled generator label; text says simulated creative
financial_promotion-85dd52830c5e90fb,financial_promotion,financial_promotion,train,data/capstone_dataset/train/financial_promotion/financial_promotion-85dd52830c5e90fb.jpg,project_generated_financial_creatives_v1,,,e5635c7ddfc9fb3e7ff6332ba68152884b42eb45990e932a16e69e3cdd8d1a57,scripts/build_capstone_dataset.py#financial/flux-forex/1,,flux-forex:1,pil-financial-campaign::flux-forex,campaign id; all three visual variants stay together,deterministic_source_group_partition,project-generated; release terms not declared,no third-party visual assets; team must choose distribution terms,,true,Deterministic PIL renderer in the dataset builder,Pillow drawing primitives; seed 462; generator v1,e5635c7ddfc9fb3e7ff6332ba68152884b42eb45990e932a16e69e3cdd8d1a57,85dd52830c5e90fb01e26deb8ab8aa0eb0414a19ca31edabadec2234b6a238d1,b559c0db3aa99aca26133cbde72a1b3c282b449c2b4e0954d5a5c83a6dbdf0cd,b2baa1d16c4cccc9,image/jpeg,640,640,"{""brand"": ""FLUX FOREX"", ""campaign_id"": ""flux-forex"", ""headline"": ""Explore global currency markets"", ""offer"": ""Demo account"", ""product"": ""FX trading"", ""variant"": ""1""}",462,1.0.0,controlled generator label; text says simulated creative
financial_promotion-93fefbef673ceba2,financial_promotion,financial_promotion,train,data/capstone_dataset/train/financial_promotion/financial_promotion-93fefbef673ceba2.jpg,project_generated_financial_creatives_v1,,,e5635c7ddfc9fb3e7ff6332ba68152884b42eb45990e932a16e69e3cdd8d1a57,scripts/build_capstone_dataset.py#financial/delta-dividend/2,,delta-dividend:2,pil-financial-campaign::delta-dividend,campaign id; all three visual variants stay together,deterministic_source_group_partition,project-generated; release terms not declared,no third-party visual assets; team must choose distribution terms,,true,Deterministic PIL renderer in the dataset builder,Pillow drawing primitives; seed 462; generator v1,e5635c7ddfc9fb3e7ff6332ba68152884b42eb45990e932a16e69e3cdd8d1a57,93fefbef673ceba2bf381beeea7dc4b85047a0d965237ebdba74e667d0d5dbb9,d78d05b4bf50963da76a8b4b966ffc649755216c6d184095d718c64587940549,9abac1956c7ecc89,image/jpeg,640,640,"{""brand"": ""DELTA DIVIDEND"", ""campaign_id"": ""delta-dividend"", ""headline"": ""Put dividends on repeat"", ""offer"": ""Quarterly sample"", ""product"": ""Income stocks"", ""variant"": ""2""}",462,1.0.0,controlled generator label; text says simulated creative
financial_promotion-95e82b8aa723b975,financial_promotion,financial_promotion,train,data/capstone_dataset/train/financial_promotion/financial_promotion-95e82b8aa723b975.jpg,project_generated_financial_creatives_v1,,,e5635c7ddfc9fb3e7ff6332ba68152884b42eb45990e932a16e69e3cdd8d1a57,scripts/build_capstone_dataset.py#financial/ion-invest/0,,ion-invest:0,pil-financial-campaign::ion-invest,campaign id; all three visual variants stay together,deterministic_source_group_partition,project-generated; release terms not declared,no third-party visual assets; team must choose distribution terms,,true,Deterministic PIL renderer in the dataset builder,Pillow drawing primitives; seed 462; generator v1,e5635c7ddfc9fb3e7ff6332ba68152884b42eb45990e932a16e69e3cdd8d1a57,95e82b8aa723b975b74453f34a8d0f432589c5795950bb39de0c16e0b6147542,739f9740892ec86f6e4818ab6af1500361e4d4a16553949aba1a8bbe27d8c253,aab2c9c90c7ccc89,image/jpeg,640,640,"{""brand"": ""ION INVEST"", ""campaign_id"": ""ion-invest"", ""headline"": ""Start with a simple portfolio"", ""offer"": ""$25 sample start"", ""product"": ""Managed investing"", ""variant"": ""0""}",462,1.0.0,controlled generator label; text says simulated creative
financial_promotion-9762bb5763c4e792,financial_promotion,financial_promotion,train,data/capstone_dataset/train/financial_promotion/financial_promotion-9762bb5763c4e792.jpg,project_generated_financial_creatives_v1,,,e5635c7ddfc9fb3e7ff6332ba68152884b42eb45990e932a16e69e3cdd8d1a57,scripts/build_capstone_dataset.py#financial/cobalt-crypto/0,,cobalt-crypto:0,pil-financial-campaign::cobalt-crypto,campaign id; all three visual variants stay together,deterministic_source_group_partition,project-generated; release terms not declared,no third-party visual assets; team must choose distribution terms,,true,Deterministic PIL renderer in the dataset builder,Pillow drawing primitives; seed 462; generator v1,e5635c7ddfc9fb3e7ff6332ba68152884b42eb45990e932a16e69e3cdd8d1a57,9762bb5763c4e792a4a2e0ad87995fca6fe38779eaac78eca2218ae18bef3ce6,3f7125f556ffdad3c63c523d536173184430b87b5f19d3b2b75b20cae1654c7d,9ab2e9e56c1ccccd,image/jpeg,640,640,"{""brand"": ""COBALT CRYPTO"", ""campaign_id"": ""cobalt-crypto"", ""headline"": ""Trade digital assets in one place"", ""offer"": ""24/7 markets"", ""product"": ""Crypto exchange"", ""variant"": ""0""}",462,1.0.0,controlled generator label; text says simulated creative
financial_promotion-977e2094634d8b78,financial_promotion,financial_promotion,train,data/capstone_dataset/train/financial_promotion/financial_promotion-977e2094634d8b78.jpg,project_generated_financial_creatives_v1,,,e5635c7ddfc9fb3e7ff6332ba68152884b42eb45990e932a16e69e3cdd8d1a57,scripts/build_capstone_dataset.py#financial/pulse-profit/0,,pulse-profit:0,pil-financial-campaign::pulse-profit,campaign id; all three visual variants stay together,deterministic_source_group_partition,project-generated; release terms not declared,no third-party visual assets; team must choose distribution terms,,true,Deterministic PIL renderer in the dataset builder,Pillow drawing primitives; seed 462; generator v1,e5635c7ddfc9fb3e7ff6332ba68152884b42eb45990e932a16e69e3cdd8d1a57,977e2094634d8b78f8a1f373187f2a29df0f9c87245cf662ecd11706b37ee497,0af079355cfa95a472d80c39d94d4eed4fc33b98fa96cd965c039455abbb0a16,b6b299c52c3eccc9,image/jpeg,640,640,"{""brand"": ""PULSE PROFIT"", ""campaign_id"": ""pulse-profit"", ""headline"": ""Follow a disciplined strategy"", ""offer"": ""Sample insights"", ""product"": ""Trading signals"", ""variant"": ""0""}",462,1.0.0,controlled generator label; text says simulated creative
financial_promotion-9e3b6e56c9aab9bf,financial_promotion,financial_promotion,train,data/capstone_dataset/train/financial_promotion/financial_promotion-9e3b6e56c9aab9bf.jpg,project_generated_financial_creatives_v1,,,e5635c7ddfc9fb3e7ff6332ba68152884b42eb45990e932a16e69e3cdd8d1a57,scripts/build_capstone_dataset.py#financial/river-rewards/1,,river-rewards:1,pil-financial-campaign::river-rewards,campaign id; all three visual variants stay together,deterministic_source_group_partition,project-generated; release terms not declared,no third-party visual assets; team must choose distribution terms,,true,Deterministic PIL renderer in the dataset builder,Pillow drawing primitives; seed 462; generator v1,e5635c7ddfc9fb3e7ff6332ba68152884b42eb45990e932a16e69e3cdd8d1a57,9e3b6e56c9aab9bf96f5546777eb4bcde60d103bf8c54e78c6c51f3b053704dc,9ed0fea2ae78b60ab70702fe555f1f8ae493042997dbbc395112ac599d1a1dec,b2ba49c96c1eccc9,image/jpeg,640,640,"{""brand"": ""RIVER REWARDS"", ""campaign_id"": ""river-rewards"", ""headline"": ""Earn points on daily spending"", ""offer"": ""3x sample points"", ""product"": ""Credit card"", ""variant"": ""1""}",462,1.0.0,controlled generator label; text says simulated creative
financial_promotion-a0b7241b3ad4c75e,financial_promotion,financial_promotion,train,data/capstone_dataset/train/financial_promotion/financial_promotion-a0b7241b3ad4c75e.jpg,project_generated_financial_creatives_v1,,,e5635c7ddfc9fb3e7ff6332ba68152884b42eb45990e932a16e69e3cdd8d1a57,scripts/build_capstone_dataset.py#financial/cobalt-crypto/1,,cobalt-crypto:1,pil-financial-campaign::cobalt-crypto,campaign id; all three visual variants stay together,deterministic_source_group_partition,project-generated; release terms not declared,no third-party visual assets; team must choose distribution terms,,true,Deterministic PIL renderer in the dataset builder,Pillow drawing primitives; seed 462; generator v1,e5635c7ddfc9fb3e7ff6332ba68152884b42eb45990e932a16e69e3cdd8d1a57,a0b7241b3ad4c75e1ba6d15175f4708a17783d576fbf426974b4f5fa22006e85,bbb3cde3449c1d1a78bcef078b2d62c8679802e00a0fb6c75ea71ccbbf6d459e,b2bae9e56c5eccc9,image/jpeg,640,640,"{""brand"": ""COBALT CRYPTO"", ""campaign_id"": ""cobalt-crypto"", ""headline"": ""Trade digital assets in one place"", ""offer"": ""24/7 markets"", ""product"": ""Crypto exchange"", ""variant"": ""1""}",462,1.0.0,controlled generator label; text says simulated creative
financial_promotion-a5c88296cc4510dc,financial_promotion,financial_promotion,train,data/capstone_dataset/train/financial_promotion/financial_promotion-a5c88296cc4510dc.jpg,project_generated_financial_creatives_v1,,,e5635c7ddfc9fb3e7ff6332ba68152884b42eb45990e932a16e69e3cdd8d1a57,scripts/build_capstone_dataset.py#financial/green-retire/0,,green-retire:0,pil-financial-campaign::green-retire,campaign id; all three visual variants stay together,deterministic_source_group_partition,project-generated; release terms not declared,no third-party visual assets; team must choose distribution terms,,true,Deterministic PIL renderer in the dataset builder,Pillow drawing primitives; seed 462; generator v1,e5635c7ddfc9fb3e7ff6332ba68152884b42eb45990e932a16e69e3cdd8d1a57,a5c88296cc4510dc396ff9e38bba71047377382204c9806feb28342a225fd222,2996901f0fc1f12fde7d0530257488a92baf3c9393fa7a9acf1011e60ca585fc,b2b289356c4eccc9,image/jpeg,640,640,"{""brand"": ""GREEN RETIRE"", ""campaign_id"": ""green-retire"", ""headline"": ""Plan the years ahead"", ""offer"": ""Tax-aware sample"", ""product"": ""Retirement account"", ""variant"": ""0""}",462,1.0.0,controlled generator label; text says simulated creative
financial_promotion-a82668e8eb866b2b,financial_promotion,financial_promotion,train,data/capstone_dataset/train/financial_promotion/financial_promotion-a82668e8eb866b2b.jpg,project_generated_financial_creatives_v1,,,e5635c7ddfc9fb3e7ff6332ba68152884b42eb45990e932a16e69e3cdd8d1a57,scripts/build_capstone_dataset.py#financial/ember-etf/2,,ember-etf:2,pil-financial-campaign::ember-etf,campaign id; all three visual variants stay together,deterministic_source_group_partition,project-generated; release terms not declared,no third-party visual assets; team must choose distribution terms,,true,Deterministic PIL renderer in the dataset builder,Pillow drawing primitives; seed 462; generator v1,e5635c7ddfc9fb3e7ff6332ba68152884b42eb45990e932a16e69e3cdd8d1a57,a82668e8eb866b2bb47ed2173575a9dc8b4ede55ec964a0c48b63b52288cd249,d554e6502106e88c9662067cc2eb5de1c5c81ba143806a2e10d8f766348a7b1c,b2bac1456c1ecce1,image/jpeg,640,640,"{""brand"": ""EMBER ETF"", ""campaign_id"": ""ember-etf"", ""headline"": ""One fund, many companies"", ""offer"": ""Low-cost sample"", ""product"": ""Index investing"", ""variant"": ""2""}",462,1.0.0,controlled generator label; text says simulated creative
financial_promotion-a8c6cedcb4753f05,financial_promotion,financial_promotion,train,data/capstone_dataset/train/financial_promotion/financial_promotion-a8c6cedcb4753f05.jpg,project_generated_financial_creatives_v1,,,e5635c7ddfc9fb3e7ff6332ba68152884b42eb45990e932a16e69e3cdd8d1a57,scripts/build_capstone_dataset.py#financial/lumen-loans/0,,lumen-loans:0,pil-financial-campaign::lumen-loans,campaign id; all three visual variants stay together,deterministic_source_group_partition,project-generated; release terms not declared,no third-party visual assets; team must choose distribution terms,,true,Deterministic PIL renderer in the dataset builder,Pillow drawing primitives; seed 462; generator v1,e5635c7ddfc9fb3e7ff6332ba68152884b42eb45990e932a16e69e3cdd8d1a57,a8c6cedcb4753f05d70a7cfc5d37915473945c9a7371d0b776890347210b74ff,c69a7afc54aada4c069952d48e7df5423898250fc9e7630582bab7ab2200523c,b2b2c9856c1cccc9,image/jpeg,640,640,"{""brand"": ""LUMEN LOANS"", ""campaign_id"": ""lumen-loans"", ""headline"": ""Compare financing options"", ""offer"": ""Sample 7.9% APR"", ""product"": ""Personal lending"", ""variant"": ""0""}",462,1.0.0,controlled generator label; text says simulated creative
financial_promotion-ae2438d12a40523c,financial_promotion,financial_promotion,train,data/capstone_dataset/train/financial_promotion/financial_promotion-ae2438d12a40523c.jpg,project_generated_financial_creatives_v1,,,e5635c7ddfc9fb3e7ff6332ba68152884b42eb45990e932a16e69e3cdd8d1a57,scripts/build_capstone_dataset.py#financial/orbit-portfolio/0,,orbit-portfolio:0,pil-financial-campaign::orbit-portfolio,campaign id; all three visual variants stay together,deterministic_source_group_partition,project-generated; release terms not declared,no third-party visual assets; team must choose distribution terms,,true,Deterministic PIL renderer in the dataset builder,Pillow drawing primitives; seed 462; generator v1,e5635c7ddfc9fb3e7ff6332ba68152884b42eb45990e932a16e69e3cdd8d1a57,ae2438d12a40523cef4bca1fc036d6ca20f172b4c11b68d584db597645f330d0,3cdcb7740bfcc20b107597c89601f919b9ea990b590041b5b20e8dc43e2265b2,baba95956c5eccc9,image/jpeg,640,640,"{""brand"": ""ORBIT PORTFOLIO"", ""campaign_id"": ""orbit-portfolio"", ""headline"": ""See your assets in one view"", ""offer"": ""Daily sample view"", ""product"": ""Portfolio tracker"", ""variant"": ""0""}",462,1.0.0,controlled generator label; text says simulated creative
financial_promotion-aff8fbf37586de26,financial_promotion,financial_promotion,train,data/capstone_dataset/train/financial_promotion/financial_promotion-aff8fbf37586de26.jpg,project_generated_financial_creatives_v1,,,e5635c7ddfc9fb3e7ff6332ba68152884b42eb45990e932a16e69e3cdd8d1a57,scripts/build_capstone_dataset.py#financial/river-rewards/0,,river-rewards:0,pil-financial-campaign::river-rewards,campaign id; all three visual variants stay together,deterministic_source_group_partition,project-generated; release terms not declared,no third-party visual assets; team must choose distribution terms,,true,Deterministic PIL renderer in the dataset builder,Pillow drawing primitives; seed 462; generator v1,e5635c7ddfc9fb3e7ff6332ba68152884b42eb45990e932a16e69e3cdd8d1a57,aff8fbf37586de26726bf04cf1a47afc8e8515f8c88fdbb85f8d186c250a9249,8559d7ee8211ce7feaa84fab8f01558f4be18d4eee784cdfb341b0bef38c5456,b6bac9c97c2cccc9,image/jpeg,640,640,"{""brand"": ""RIVER REWARDS"", ""campaign_id"": ""river-rewards"", ""headline"": ""Earn points on daily spending"", ""offer"": ""3x sample points"", ""product"": ""Credit card"", ""variant"": ""0""}",462,1.0.0,controlled generator label; text says simulated creative
financial_promotion-b0e05feeb26a6b87,financial_promotion,financial_promotion,train,data/capstone_dataset/train/financial_promotion/financial_promotion-b0e05feeb26a6b87.jpg,project_generated_financial_creatives_v1,,,e5635c7ddfc9fb3e7ff6332ba68152884b42eb45990e932a16e69e3cdd8d1a57,scripts/build_capstone_dataset.py#financial/orbit-portfolio/2,,orbit-portfolio:2,pil-financial-campaign::orbit-portfolio,campaign id; all three visual variants stay together,deterministic_source_group_partition,project-generated; release terms not declared,no third-party visual assets; team must choose distribution terms,,true,Deterministic PIL renderer in the dataset builder,Pillow drawing primitives; seed 462; generator v1,e5635c7ddfc9fb3e7ff6332ba68152884b42eb45990e932a16e69e3cdd8d1a57,b0e05feeb26a6b87b57d74976d92fc5c98e8ebc5e15de4b4a67ec46326d5c99c,c9d9b1b8def2809e24e56806665068e546d7297a3a468122d272943f479e9e05,9aba9595641eccc9,image/jpeg,640,640,"{""brand"": ""ORBIT PORTFOLIO"", ""campaign_id"": ""orbit-portfolio"", ""headline"": ""See your assets in one view"", ""offer"": ""Daily sample view"", ""product"": ""Portfolio tracker"", ""variant"": ""2""}",462,1.0.0,controlled generator label; text says simulated creative
financial_promotion-bbfbf653ca8386de,financial_promotion,financial_promotion,train,data/capstone_dataset/train/financial_promotion/financial_promotion-bbfbf653ca8386de.jpg,project_generated_financial_creatives_v1,,,e5635c7ddfc9fb3e7ff6332ba68152884b42eb45990e932a16e69e3cdd8d1a57,scripts/build_capstone_dataset.py#financial/kite-capital/2,,kite-capital:2,pil-financial-campaign::kite-capital,campaign id; all three visual variants stay together,deterministic_source_group_partition,project-generated; release terms not declared,no third-party visual assets; team must choose distribution terms,,true,Deterministic PIL renderer in the dataset builder,Pillow drawing primitives; seed 462; generator v1,e5635c7ddfc9fb3e7ff6332ba68152884b42eb45990e932a16e69e3cdd8d1a57,bbfbf653ca8386de6b7c03fffbcd8678bcda77029a2a5ce0bcb7cebdf793c076,edcbb80e01e32f161165101c745c4cd66f4777880b0cd98a41e1d2300657fb70,b2b2c5156c1eccc9,image/jpeg,640,640,"{""brand"": ""KITE CAPITAL"", ""campaign_id"": ""kite-capital"", ""headline"": ""Diversify beyond cash"", ""offer"": ""Risk-rated sample"", ""product"": ""Mutual funds"", ""variant"": ""2""}",462,1.0.0,controlled generator label; text says simulated creative
financial_promotion-bd8127cdca3aff30,financial_promotion,financial_promotion,train,data/capstone_dataset/train/financial_promotion/financial_promotion-bd8127cdca3aff30.jpg,project_generated_financial_creatives_v1,,,e5635c7ddfc9fb3e7ff6332ba68152884b42eb45990e932a16e69e3cdd8d1a57,scripts/build_capstone_dataset.py#financial/ion-invest/1,,ion-invest:1,pil-financial-campaign::ion-invest,campaign id; all three visual variants stay together,deterministic_source_group_partition,project-generated; release terms not declared,no third-party visual assets; team must choose distribution terms,,true,Deterministic PIL renderer in the dataset builder,Pillow drawing primitives; seed 462; generator v1,e5635c7ddfc9fb3e7ff6332ba68152884b42eb45990e932a16e69e3cdd8d1a57,bd8127cdca3aff300620b12b457a48c4365c9e43e4611c48649220cfca63cd8c,09ca9b44023974a0499b3cb69b879949b265f0e964902f1f2dab743f4f598211,aab689c9641eccc9,image/jpeg,640,640,"{""brand"": ""ION INVEST"", ""campaign_id"": ""ion-invest"", ""headline"": ""Start with a simple portfolio"", ""offer"": ""$25 sample start"", ""product"": ""Managed investing"", ""variant"": ""1""}",462,1.0.0,controlled generator label; text says simulated creative
financial_promotion-bdecdb46db3afae7,financial_promotion,financial_promotion,train,data/capstone_dataset/train/financial_promotion/financial_promotion-bdecdb46db3afae7.jpg,project_generated_financial_creatives_v1,,,e5635c7ddfc9fb3e7ff6332ba68152884b42eb45990e932a16e69e3cdd8d1a57,scripts/build_capstone_dataset.py#financial/cobalt-crypto/2,,cobalt-crypto:2,pil-financial-campaign::cobalt-crypto,campaign id; all three visual variants stay together,deterministic_source_group_partition,project-generated; release terms not declared,no third-party visual assets; team must choose distribution terms,,true,Deterministic PIL renderer in the dataset builder,Pillow drawing primitives; seed 462; generator v1,e5635c7ddfc9fb3e7ff6332ba68152884b42eb45990e932a16e69e3cdd8d1a57,bdecdb46db3afae7c5803e912f89227470960ee228f38ff20d91d249a4682bde,68a2ca7ff2c35535cc7042311b829cb94c715bc72d461a4f4f617bc4b91b66d3,bab2e9e1443cccc1,image/jpeg,640,640,"{""brand"": ""COBALT CRYPTO"", ""campaign_id"": ""cobalt-crypto"", ""headline"": ""Trade digital assets in one place"", ""offer"": ""24/7 markets"", ""product"": ""Crypto exchange"", ""variant"": ""2""}",462,1.0.0,controlled generator label; text says simulated creative
financial_promotion-c4b8bda0417d5ecd,financial_promotion,financial_promotion,train,data/capstone_dataset/train/financial_promotion/financial_promotion-c4b8bda0417d5ecd.jpg,project_generated_financial_creatives_v1,,,e5635c7ddfc9fb3e7ff6332ba68152884b42eb45990e932a16e69e3cdd8d1a57,scripts/build_capstone_dataset.py#financial/wave-wallet/0,,wave-wallet:0,pil-financial-campaign::wave-wallet,campaign id; all three visual variants stay together,deterministic_source_group_partition,project-generated; release terms not declared,no third-party visual assets; team must choose distribution terms,,true,Deterministic PIL renderer in the dataset builder,Pillow drawing primitives; seed 462; generator v1,e5635c7ddfc9fb3e7ff6332ba68152884b42eb45990e932a16e69e3cdd8d1a57,c4b8bda0417d5ecda760dae15ccbb7730a1fb4f558c9fa4cb0437ef38f747fa1,1bfd8d22bd6b94f25cc3dac50213035324fe8f9d172b924d07a6f811ec0b1cab,b2b28d956c3eccc9,image/jpeg,640,640,"{""brand"": ""WAVE WALLET"", ""campaign_id"": ""wave-wallet"", ""headline"": ""Send and store digital value"", ""offer"": ""Secure sample"", ""product"": ""Crypto wallet"", ""variant"": ""0""}",462,1.0.0,controlled generator label; text says simulated creative
financial_promotion-cce6f433645659f6,financial_promotion,financial_promotion,train,data/capstone_dataset/train/financial_promotion/financial_promotion-cce6f433645659f6.jpg,project_generated_financial_creatives_v1,,,e5635c7ddfc9fb3e7ff6332ba68152884b42eb45990e932a16e69e3cdd8d1a57,scripts/build_capstone_dataset.py#financial/harbor-savings/2,,harbor-savings:2,pil-financial-campaign::harbor-savings,campaign id; all three visual variants stay together,deterministic_source_group_partition,project-generated; release terms not declared,no third-party visual assets; team must choose distribution terms,,true,Deterministic PIL renderer in the dataset builder,Pillow drawing primitives; seed 462; generator v1,e5635c7ddfc9fb3e7ff6332ba68152884b42eb45990e932a16e69e3cdd8d1a57,cce6f433645659f6b276011c1ed5ef046581eace5eed57bfc5e19c9166e269eb,590caf002094366a8327fed0a0092bd9ad4df863c0e7c01119a2ba399ebcbeab,baba99916c7eccc9,image/jpeg,640,640,"{""brand"": ""HARBOR SAVINGS"", ""campaign_id"": ""harbor-savings"", ""headline"": ""Make every deposit count"", ""offer"": ""5.1% sample APY"", ""product"": ""Savings account"", ""variant"": ""2""}",462,1.0.0,controlled generator label; text says simulated creative
financial_promotion-e07f01c197b9e820,financial_promotion,financial_promotion,train,data/capstone_dataset/train/financial_promotion/financial_promotion-e07f01c197b9e820.jpg,project_generated_financial_creatives_v1,,,e5635c7ddfc9fb3e7ff6332ba68152884b42eb45990e932a16e69e3cdd8d1a57,scripts/build_capstone_dataset.py#financial/quartz-quant/0,,quartz-quant:0,pil-financial-campaign::quartz-quant,campaign id; all three visual variants stay together,deterministic_source_group_partition,project-generated; release terms not declared,no third-party visual assets; team must choose distribution terms,,true,Deterministic PIL renderer in the dataset builder,Pillow drawing primitives; seed 462; generator v1,e5635c7ddfc9fb3e7ff6332ba68152884b42eb45990e932a16e69e3cdd8d1a57,e07f01c197b9e820dcb7f163d7e8b027854e9a19b8af8d095762f37dca7e9bb1,bd8f32d92c4c4f6883fb10296602fd0f7bf1ed7d438e7a6def932f59a86171f4,b2b28989641cccc9,image/jpeg,640,640,"{""brand"": ""QUARTZ QUANT"", ""campaign_id"": ""quartz-quant"", ""headline"": ""Data tools for market research"", ""offer"": ""Model sample"", ""product"": ""Quant platform"", ""variant"": ""0""}",462,1.0.0,controlled generator label; text says simulated creative
financial_promotion-e1423a1bda897693,financial_promotion,financial_promotion,train,data/capstone_dataset/train/financial_promotion/financial_promotion-e1423a1bda897693.jpg,project_generated_financial_creatives_v1,,,e5635c7ddfc9fb3e7ff6332ba68152884b42eb45990e932a16e69e3cdd8d1a57,scripts/build_capstone_dataset.py#financial/terra-token/2,,terra-token:2,pil-financial-campaign::terra-token,campaign id; all three visual variants stay together,deterministic_source_group_partition,project-generated; release terms not declared,no third-party visual assets; team must choose distribution terms,,true,Deterministic PIL renderer in the dataset builder,Pillow drawing primitives; seed 462; generator v1,e5635c7ddfc9fb3e7ff6332ba68152884b42eb45990e932a16e69e3cdd8d1a57,e1423a1bda8976938ec145dfac4c1be6fc9b29e4e0c01709c1e0624d8a3ae682,c51243f4c4c952fc1d49fa318250e4cd7ecedf39c160463ee7630926badc38af,b2b2c1c94c3eccc9,image/jpeg,640,640,"{""brand"": ""TERRA TOKEN"", ""campaign_id"": ""terra-token"", ""headline"": ""A simulated token campaign"", ""offer"": ""Sample presale"", ""product"": ""Digital token"", ""variant"": ""2""}",462,1.0.0,controlled generator label; text says simulated creative
financial_promotion-e29f8c56f1f5cfc5,financial_promotion,financial_promotion,train,data/capstone_dataset/train/financial_promotion/financial_promotion-e29f8c56f1f5cfc5.jpg,project_generated_financial_creatives_v1,,,e5635c7ddfc9fb3e7ff6332ba68152884b42eb45990e932a16e69e3cdd8d1a57,scripts/build_capstone_dataset.py#financial/green-retire/1,,green-retire:1,pil-financial-campaign::green-retire,campaign id; all three visual variants stay together,deterministic_source_group_partition,project-generated; release terms not declared,no third-party visual assets; team must choose distribution terms,,true,Deterministic PIL renderer in the dataset builder,Pillow drawing primitives; seed 462; generator v1,e5635c7ddfc9fb3e7ff6332ba68152884b42eb45990e932a16e69e3cdd8d1a57,e29f8c56f1f5cfc543dc13ce119cb5d96194027846a28c2222103fd962501d8d,0b94e2e735ab35dc70f435c976823355e311eb1652ac5c69e7d4a8c0101410c5,d2b289356c1ecc89,image/jpeg,640,640,"{""brand"": ""GREEN RETIRE"", ""campaign_id"": ""green-retire"", ""headline"": ""Plan the years ahead"", ""offer"": ""Tax-aware sample"", ""product"": ""Retirement account"", ""variant"": ""1""}",462,1.0.0,controlled generator label; text says simulated creative
financial_promotion-ea2780483592bcd8,financial_promotion,financial_promotion,train,data/capstone_dataset/train/financial_promotion/financial_promotion-ea2780483592bcd8.jpg,project_generated_financial_creatives_v1,,,e5635c7ddfc9fb3e7ff6332ba68152884b42eb45990e932a16e69e3cdd8d1a57,scripts/build_capstone_dataset.py#financial/pulse-profit/2,,pulse-profit:2,pil-financial-campaign::pulse-profit,campaign id; all three visual variants stay together,deterministic_source_group_partition,project-generated; release terms not declared,no third-party visual assets; team must choose distribution terms,,true,Deterministic PIL renderer in the dataset builder,Pillow drawing primitives; seed 462; generator v1,e5635c7ddfc9fb3e7ff6332ba68152884b42eb45990e932a16e69e3cdd8d1a57,ea2780483592bcd82bdc47185f453d16cd0b3eea3b6140b58b8447bf8e5b8ed3,511bdc2417887e64f066357415dce5458da275b82bef77499a6190d60a5dcc7b,b2b299c16c7eccc9,image/jpeg,640,640,"{""brand"": ""PULSE PROFIT"", ""campaign_id"": ""pulse-profit"", ""headline"": ""Follow a disciplined strategy"", ""offer"": ""Sample insights"", ""product"": ""Trading signals"", ""variant"": ""2""}",462,1.0.0,controlled generator label; text says simulated creative
financial_promotion-ea4e230f7cd32bcc,financial_promotion,financial_promotion,train,data/capstone_dataset/train/financial_promotion/financial_promotion-ea4e230f7cd32bcc.jpg,project_generated_financial_creatives_v1,,,e5635c7ddfc9fb3e7ff6332ba68152884b42eb45990e932a16e69e3cdd8d1a57,scripts/build_capstone_dataset.py#financial/flux-forex/2,,flux-forex:2,pil-financial-campaign::flux-forex,campaign id; all three visual variants stay together,deterministic_source_group_partition,project-generated; release terms not declared,no third-party visual assets; team must choose distribution terms,,true,Deterministic PIL renderer in the dataset builder,Pillow drawing primitives; seed 462; generator v1,e5635c7ddfc9fb3e7ff6332ba68152884b42eb45990e932a16e69e3cdd8d1a57,ea4e230f7cd32bcce3af6d2cac18392b8562dd6417c7ee628b8af8d26ada66ec,283efc6fc1cb5620c9f46c2f618cf94dd42e59b4ef615a18eda8750ae597d8f5,b2bea1916c1cccc1,image/jpeg,640,640,"{""brand"": ""FLUX FOREX"", ""campaign_id"": ""flux-forex"", ""headline"": ""Explore global currency markets"", ""offer"": ""Demo account"", ""product"": ""FX trading"", ""variant"": ""2""}",462,1.0.0,controlled generator label; text says simulated creative
financial_promotion-f2c296362055c9e3,financial_promotion,financial_promotion,train,data/capstone_dataset/train/financial_promotion/financial_promotion-f2c296362055c9e3.jpg,project_generated_financial_creatives_v1,,,e5635c7ddfc9fb3e7ff6332ba68152884b42eb45990e932a16e69e3cdd8d1a57,scripts/build_capstone_dataset.py#financial/zenith-zero/1,,zenith-zero:1,pil-financial-campaign::zenith-zero,campaign id; all three visual variants stay together,deterministic_source_group_partition,project-generated; release terms not declared,no third-party visual assets; team must choose distribution terms,,true,Deterministic PIL renderer in the dataset builder,Pillow drawing primitives; seed 462; generator v1,e5635c7ddfc9fb3e7ff6332ba68152884b42eb45990e932a16e69e3cdd8d1a57,f2c296362055c9e3d2472a34703d52b466652ba012df0ec62c8cbd4750ac1bff,981a31c7781b374a85ad71c1cb4b5f82143483f0a484caad2486180113f8a1fe,9abac5c46c1ccdc9,image/jpeg,640,640,"{""brand"": ""ZENITH ZERO FEE"", ""campaign_id"": ""zenith-zero"", ""headline"": ""Compare commission-free trades"", ""offer"": ""$0 sample fee"", ""product"": ""Brokerage"", ""variant"": ""1""}",462,1.0.0,controlled generator label; text says simulated creative
safe-1ad87162de49fd8c,safe,Tech,val,data/capstone_dataset/val/safe/safe-1ad87162de49fd8c.jpg,EthanGabis/ADautoGen-DS,https://huggingface.co/datasets/EthanGabis/ADautoGen-DS,https://huggingface.co/datasets/EthanGabis/ADautoGen-DS/tree/fa7a7803265fc97926d7fab694bfc1e05c1fc7b4,fa7a7803265fc97926d7fab694bfc1e05c1fc7b4,data/train-00000-of-00001.parquet#row=114,https://huggingface.co/datasets/EthanGabis/ADautoGen-DS/resolve/fa7a7803265fc97926d7fab694bfc1e05c1fc7b4/data/train-00000-of-00001.parquet,114,adautogen-product::aero-portable-charger,exact product_name; repeated product campaigns stay together,deterministic_source_group_partition,MIT,repository README statement; generated images have no per-row license field,https://huggingface.co/datasets/EthanGabis/ADautoGen-DS/blob/fa7a7803265fc97926d7fab694bfc1e05c1fc7b4/README.md#license,true,Dataset README states images were generated with Stable Diffusion v1.5,Stable Diffusion v1.5 (declared by source README),94eb1dad55a1d4e734529eaa7d96c7be8db31fdc8d7c030946a6ddc84b28accd,1ad87162de49fd8c612839b7af9056e10396b70096000c36af7900ef51ca1277,90ca8d4599fdaf187ee4e4c350ed99346675661c7e655cf31e1b5ada648df9ba,f9843432e5d5e4e5,image/jpeg,512,512,"{""category"": ""Tech"", ""product_name"": ""Aero Portable Charger"", ""tagline"": ""Lightweight. Built for young professionals."", ""target_audience"": ""young professionals"", ""text_source_model"": ""tinyllama""}",462,1.0.0,source-derived label; no independent expert image audit
safe-2757162495978b1a,safe,Beauty,val,data/capstone_dataset/val/safe/safe-2757162495978b1a.jpg,EthanGabis/ADautoGen-DS,https://huggingface.co/datasets/EthanGabis/ADautoGen-DS,https://huggingface.co/datasets/EthanGabis/ADautoGen-DS/tree/fa7a7803265fc97926d7fab694bfc1e05c1fc7b4,fa7a7803265fc97926d7fab694bfc1e05c1fc7b4,data/train-00000-of-00001.parquet#row=105,https://huggingface.co/datasets/EthanGabis/ADautoGen-DS/resolve/fa7a7803265fc97926d7fab694bfc1e05c1fc7b4/data/train-00000-of-00001.parquet,105,adautogen-product::nova-face-cream-jar,exact product_name; repeated product campaigns stay together,deterministic_source_group_partition,MIT,repository README statement; generated images have no per-row license field,https://huggingface.co/datasets/EthanGabis/ADautoGen-DS/blob/fa7a7803265fc97926d7fab694bfc1e05c1fc7b4/README.md#license,true,Dataset README states images were generated with Stable Diffusion v1.5,Stable Diffusion v1.5 (declared by source README),94eb1dad55a1d4e734529eaa7d96c7be8db31fdc8d7c030946a6ddc84b28accd,2757162495978b1a83fb717b654476327505e6aa983c64744b232e1017163d2d,221df5c6dd2a2807b6b88d1b52387b6972f73b93482d69382629d43a4ea13ce9,07134d4d1c19177f,image/jpeg,512,512,"{""category"": ""Beauty"", ""product_name"": ""Nova Face Cream Jar"", ""tagline"": ""Premium. Built for fitness lovers."", ""target_audience"": ""fitness lovers"", ""text_source_model"": ""tinyllama""}",462,1.0.0,source-derived label; no independent expert image audit
safe-28c0b9784ad9fbf2,safe,Tech,val,data/capstone_dataset/val/safe/safe-28c0b9784ad9fbf2.jpg,EthanGabis/ADautoGen-DS,https://huggingface.co/datasets/EthanGabis/ADautoGen-DS,https://huggingface.co/datasets/EthanGabis/ADautoGen-DS/tree/fa7a7803265fc97926d7fab694bfc1e05c1fc7b4,fa7a7803265fc97926d7fab694bfc1e05c1fc7b4,data/train-00000-of-00001.parquet#row=2,https://huggingface.co/datasets/EthanGabis/ADautoGen-DS/resolve/fa7a7803265fc97926d7fab694bfc1e05c1fc7b4/data/train-00000-of-00001.parquet,2,adautogen-product::nova-mini-projector,exact product_name; repeated product campaigns stay together,deterministic_source_group_partition,MIT,repository README statement; generated images have no per-row license field,https://huggingface.co/datasets/EthanGabis/ADautoGen-DS/blob/fa7a7803265fc97926d7fab694bfc1e05c1fc7b4/README.md#license,true,Dataset README states images were generated with Stable Diffusion v1.5,Stable Diffusion v1.5 (declared by source README),94eb1dad55a1d4e734529eaa7d96c7be8db31fdc8d7c030946a6ddc84b28accd,28c0b9784ad9fbf2ccffc3e8a66b2eca79c78a52605b8aadad3a5f866dc1fce7,3c61a826595de9745bf9d1310c2eb6a4620cc840a93aaee4171e961cfbd087da,1fe295968e0e1e97,image/jpeg,512,512,"{""category"": ""Tech"", ""product_name"": ""Nova Mini Projector"", ""tagline"": ""Eco-Friendly Mini Projector for remote workers"", ""target_audience"": ""remote workers"", ""text_source_model"": ""phi-2""}",462,1.0.0,source-derived label; no independent expert image audit
safe-2d6d6a7311bc125f,safe,Tech,val,data/capstone_dataset/val/safe/safe-2d6d6a7311bc125f.jpg,EthanGabis/ADautoGen-DS,https://huggingface.co/datasets/EthanGabis/ADautoGen-DS,https://huggingface.co/datasets/EthanGabis/ADautoGen-DS/tree/fa7a7803265fc97926d7fab694bfc1e05c1fc7b4,fa7a7803265fc97926d7fab694bfc1e05c1fc7b4,data/train-00000-of-00001.parquet#row=59,https://huggingface.co/datasets/EthanGabis/ADautoGen-DS/resolve/fa7a7803265fc97926d7fab694bfc1e05c1fc7b4/data/train-00000-of-00001.parquet,59,adautogen-product::nova-portable-charger,exact product_name; repeated product campaigns stay together,deterministic_source_group_partition,MIT,repository README statement; generated images have no per-row license field,https://huggingface.co/datasets/EthanGabis/ADautoGen-DS/blob/fa7a7803265fc97926d7fab694bfc1e05c1fc7b4/README.md#license,true,Dataset README states images were generated with Stable Diffusion v1.5,Stable Diffusion v1.5 (declared by source README),94eb1dad55a1d4e734529eaa7d96c7be8db31fdc8d7c030946a6ddc84b28accd,2d6d6a7311bc125fe8902282ac371b6b11d0c78231b52a5bd984d59910014137,77f22041557c0aea2469a90bba2f7eb16b423a0402eb3b196b827de7bb47c37b,fff9f3d3ddf9e3e5,image/jpeg,512,512,"{""category"": ""Tech"", ""product_name"": ""Nova Portable Charger"", ""tagline"": ""\""Charge up your workout with Nova's portable charger - the sustainable choice fo"", ""target_audience"": ""fitness lovers"", ""text_source_model"": ""qwen-1.8b""}",462,1.0.0,source-derived label; no independent expert image audit
safe-360282e708ce5353,safe,Tech,val,data/capstone_dataset/val/safe/safe-360282e708ce5353.jpg,EthanGabis/ADautoGen-DS,https://huggingface.co/datasets/EthanGabis/ADautoGen-DS,https://huggingface.co/datasets/EthanGabis/ADautoGen-DS/tree/fa7a7803265fc97926d7fab694bfc1e05c1fc7b4,fa7a7803265fc97926d7fab694bfc1e05c1fc7b4,data/train-00000-of-00001.parquet#row=96,https://huggingface.co/datasets/EthanGabis/ADautoGen-DS/resolve/fa7a7803265fc97926d7fab694bfc1e05c1fc7b4/data/train-00000-of-00001.parquet,96,adautogen-product::aero-portable-charger,exact product_name; repeated product campaigns stay together,deterministic_source_group_partition,MIT,repository README statement; generated images have no per-row license field,https://huggingface.co/datasets/EthanGabis/ADautoGen-DS/blob/fa7a7803265fc97926d7fab694bfc1e05c1fc7b4/README.md#license,true,Dataset README states images were generated with Stable Diffusion v1.5,Stable Diffusion v1.5 (declared by source README),94eb1dad55a1d4e734529eaa7d96c7be8db31fdc8d7c030946a6ddc84b28accd,360282e708ce5353fd8ba015eb4035d8795fd1e3deda108cb5e9df95e5dc253b,42f33172a00ed11f2e2c8c57fe985591dedaabbe3f4db113e5029bd56eefd956,7b7dc66d63cbdfdf,image/jpeg,512,512,"{""category"": ""Tech"", ""product_name"": ""Aero Portable Charger"", ""tagline"": ""Eco-Friendly. Built for remote workers."", ""target_audience"": ""remote workers"", ""text_source_model"": ""tinyllama""}",462,1.0.0,source-derived label; no independent expert image audit
safe-459062b67b780633,safe,Tech,val,data/capstone_dataset/val/safe/safe-459062b67b780633.jpg,EthanGabis/ADautoGen-DS,https://huggingface.co/datasets/EthanGabis/ADautoGen-DS,https://huggingface.co/datasets/EthanGabis/ADautoGen-DS/tree/fa7a7803265fc97926d7fab694bfc1e05c1fc7b4,fa7a7803265fc97926d7fab694bfc1e05c1fc7b4,data/train-00000-of-00001.parquet#row=3,https://huggingface.co/datasets/EthanGabis/ADautoGen-DS/resolve/fa7a7803265fc97926d7fab694bfc1e05c1fc7b4/data/train-00000-of-00001.parquet,3,adautogen-product::bloom-mini-projector,exact product_name; repeated product campaigns stay together,deterministic_source_group_partition,MIT,repository README statement; generated images have no per-row license field,https://huggingface.co/datasets/EthanGabis/ADautoGen-DS/blob/fa7a7803265fc97926d7fab694bfc1e05c1fc7b4/README.md#license,true,Dataset README states images were generated with Stable Diffusion v1.5,Stable Diffusion v1.5 (declared by source README),94eb1dad55a1d4e734529eaa7d96c7be8db31fdc8d7c030946a6ddc84b28accd,459062b67b780633d1949ff0ebda514ec9b5368013059515a8ef1ec96b001970,528e76ff5fd02c186c7b46fbe38d28257f552f8cadae29eb02c934b0247fe48f,0f346e6e62663819,image/jpeg,512,512,"{""category"": ""Tech"", ""product_name"": ""Bloom Mini Projector"", ""tagline"": ""Compact Mini Projector for busy parents"", ""target_audience"": ""busy parents"", ""text_source_model"": ""phi-2""}",462,1.0.0,source-derived label; no independent expert image audit
safe-4e4565e23e6372b7,safe,Food,val,data/capstone_dataset/val/safe/safe-4e4565e23e6372b7.jpg,EthanGabis/ADautoGen-DS,https://huggingface.co/datasets/EthanGabis/ADautoGen-DS,https://huggingface.co/datasets/EthanGabis/ADautoGen-DS/tree/fa7a7803265fc97926d7fab694bfc1e05c1fc7b4,fa7a7803265fc97926d7fab694bfc1e05c1fc7b4,data/train-00000-of-00001.parquet#row=65,https://huggingface.co/datasets/EthanGabis/ADautoGen-DS/resolve/fa7a7803265fc97926d7fab694bfc1e05c1fc7b4/data/train-00000-of-00001.parquet,65,adautogen-product::lumen-iced-coffee-can,exact product_name; repeated product campaigns stay together,deterministic_source_group_partition,MIT,repository README statement; generated images have no per-row license field,https://huggingface.co/datasets/EthanGabis/ADautoGen-DS/blob/fa7a7803265fc97926d7fab694bfc1e05c1fc7b4/README.md#license,true,Dataset README states images were generated with Stable Diffusion v1.5,Stable Diffusion v1.5 (declared by source README),94eb1dad55a1d4e734529eaa7d96c7be8db31fdc8d7c030946a6ddc84b28accd,4e4565e23e6372b7e733b2e54465ee0723800ae837e744a2bbcf1dd88bc69947,4bd5833090dfdf322359af9d36312a4a84925877c2be63c7a16cb2a6e6af25ba,3c8c8b9b92da4e92,image/jpeg,512,512,"{""category"": ""Food"", ""product_name"": ""Lumen Iced Coffee Can"", ""tagline"": ""\""Upgrade Your Morning Routine with Lumen's Compact Iced Coffee Can - The Perfect"", ""target_audience"": ""busy parents"", ""text_source_model"": ""qwen-1.8b""}",462,1.0.0,source-derived label; no independent expert image audit
safe-5c34ca5303038924,safe,Food,val,data/capstone_dataset/val/safe/safe-5c34ca5303038924.jpg,EthanGabis/ADautoGen-DS,https://huggingface.co/datasets/EthanGabis/ADautoGen-DS,https://huggingface.co/datasets/EthanGabis/ADautoGen-DS/tree/fa7a7803265fc97926d7fab694bfc1e05c1fc7b4,fa7a7803265fc97926d7fab694bfc1e05c1fc7b4,data/train-00000-of-00001.parquet#row=88,https://huggingface.co/datasets/EthanGabis/ADautoGen-DS/resolve/fa7a7803265fc97926d7fab694bfc1e05c1fc7b4/data/train-00000-of-00001.parquet,88,adautogen-product::bloom-sparkling-water-bottle,exact product_name; repeated product campaigns stay together,deterministic_source_group_partition,MIT,repository README statement; generated images have no per-row license field,https://huggingface.co/datasets/EthanGabis/ADautoGen-DS/blob/fa7a7803265fc97926d7fab694bfc1e05c1fc7b4/README.md#license,true,Dataset README states images were generated with Stable Diffusion v1.5,Stable Diffusion v1.5 (declared by source README),94eb1dad55a1d4e734529eaa7d96c7be8db31fdc8d7c030946a6ddc84b28accd,5c34ca5303038924ed6480a051875e7238b32f5c3dfff35c0e752d6acfd1c783,967269285bae1237f4b805feb410231361e78699d199c86ed75c8dbaee4b818c,0133252d2d2d2533,image/jpeg,512,512,"{""category"": ""Food"", ""product_name"": ""Bloom Sparkling Water Bottle"", ""tagline"": ""Eco-Friendly. Built for students."", ""target_audience"": ""students"", ""text_source_model"": ""tinyllama""}",462,1.0.0,source-derived label; no independent expert image audit
safe-87897fac0ba7bffd,safe,Tech,val,data/capstone_dataset/val/safe/safe-87897fac0ba7bffd.jpg,EthanGabis/ADautoGen-DS,https://huggingface.co/datasets/EthanGabis/ADautoGen-DS,https://huggingface.co/datasets/EthanGabis/ADautoGen-DS/tree/fa7a7803265fc97926d7fab694bfc1e05c1fc7b4,fa7a7803265fc97926d7fab694bfc1e05c1fc7b4,data/train-00000-of-00001.parquet#row=44,https://huggingface.co/datasets/EthanGabis/ADautoGen-DS/resolve/fa7a7803265fc97926d7fab694bfc1e05c1fc7b4/data/train-00000-of-00001.parquet,44,adautogen-product::bloom-wireless-earbuds,exact product_name; repeated product campaigns stay together,deterministic_source_group_partition,MIT,repository README statement; generated images have no per-row license field,https://huggingface.co/datasets/EthanGabis/ADautoGen-DS/blob/fa7a7803265fc97926d7fab694bfc1e05c1fc7b4/README.md#license,true,Dataset README states images were generated with Stable Diffusion v1.5,Stable Diffusion v1.5 (declared by source README),94eb1dad55a1d4e734529eaa7d96c7be8db31fdc8d7c030946a6ddc84b28accd,87897fac0ba7bffdb377481bef2c75d986b03b5f8e714c52062c3f9ec26e9528,8e76bf7f9e2f030c10ebed238139f17f003c24800923eaca25bc4e39091f06b3,0008062327341b04,image/jpeg,512,512,"{""category"": ""Tech"", ""product_name"": ""Bloom Wireless Earbuds"", ""tagline"": ""\""Unleash your tech-savvy style with Bloom's wireless earbuds - the eco-friendly "", ""target_audience"": ""young professionals"", ""text_source_model"": ""qwen-1.8b""}",462,1.0.0,source-derived label; no independent expert image audit
safe-ab159ef55f1108eb,safe,Fitness,val,data/capstone_dataset/val/safe/safe-ab159ef55f1108eb.jpg,EthanGabis/ADautoGen-DS,https://huggingface.co/datasets/EthanGabis/ADautoGen-DS,https://huggingface.co/datasets/EthanGabis/ADautoGen-DS/tree/fa7a7803265fc97926d7fab694bfc1e05c1fc7b4,fa7a7803265fc97926d7fab694bfc1e05c1fc7b4,data/train-00000-of-00001.parquet#row=112,https://huggingface.co/datasets/EthanGabis/ADautoGen-DS/resolve/fa7a7803265fc97926d7fab694bfc1e05c1fc7b4/data/train-00000-of-00001.parquet,112,adautogen-product::pulse-gym-gloves,exact product_name; repeated product campaigns stay together,deterministic_source_group_partition,MIT,repository README statement; generated images have no per-row license field,https://huggingface.co/datasets/EthanGabis/ADautoGen-DS/blob/fa7a7803265fc97926d7fab694bfc1e05c1fc7b4/README.md#license,true,Dataset README states images were generated with Stable Diffusion v1.5,Stable Diffusion v1.5 (declared by source README),94eb1dad55a1d4e734529eaa7d96c7be8db31fdc8d7c030946a6ddc84b28accd,ab159ef55f1108eb879ebdd52ee861504c39451a12c96da761ecbbcf1bf0268b,0beff1f33f109389bd122ed8ed8bcdc19e6d4faa9462ccb0edbfd35455232e00,160d4a161c393387,image/jpeg,512,512,"{""category"": ""Fitness"", ""product_name"": ""Pulse Gym Gloves"", ""tagline"": ""Lightweight. Built for remote workers."", ""target_audience"": ""remote workers"", ""text_source_model"": ""tinyllama""}",462,1.0.0,source-derived label; no independent expert image audit
safe-bf887f3b4e47e557,safe,Tech,val,data/capstone_dataset/val/safe/safe-bf887f3b4e47e557.jpg,EthanGabis/ADautoGen-DS,https://huggingface.co/datasets/EthanGabis/ADautoGen-DS,https://huggingface.co/datasets/EthanGabis/ADautoGen-DS/tree/fa7a7803265fc97926d7fab694bfc1e05c1fc7b4,fa7a7803265fc97926d7fab694bfc1e05c1fc7b4,data/train-00000-of-00001.parquet#row=110,https://huggingface.co/datasets/EthanGabis/ADautoGen-DS/resolve/fa7a7803265fc97926d7fab694bfc1e05c1fc7b4/data/train-00000-of-00001.parquet,110,adautogen-product::bloom-wireless-earbuds,exact product_name; repeated product campaigns stay together,deterministic_source_group_partition,MIT,repository README statement; generated images have no per-row license field,https://huggingface.co/datasets/EthanGabis/ADautoGen-DS/blob/fa7a7803265fc97926d7fab694bfc1e05c1fc7b4/README.md#license,true,Dataset README states images were generated with Stable Diffusion v1.5,Stable Diffusion v1.5 (declared by source README),94eb1dad55a1d4e734529eaa7d96c7be8db31fdc8d7c030946a6ddc84b28accd,bf887f3b4e47e5578e5da7a5366c2b7a3bbc4c757822a8845d3756a664b4a946,76c0f41cc74892c6fa4692483deab7083d4db31e4ba00755d587659e69e70c8f,6466466492190d9d,image/jpeg,512,512,"{""category"": ""Tech"", ""product_name"": ""Bloom Wireless Earbuds"", ""tagline"": ""Lightweight. Built for students."", ""target_audience"": ""students"", ""text_source_model"": ""tinyllama""}",462,1.0.0,source-derived label; no independent expert image audit
safe-f33045e638f778e9,safe,Tech,val,data/capstone_dataset/val/safe/safe-f33045e638f778e9.jpg,EthanGabis/ADautoGen-DS,https://huggingface.co/datasets/EthanGabis/ADautoGen-DS,https://huggingface.co/datasets/EthanGabis/ADautoGen-DS/tree/fa7a7803265fc97926d7fab694bfc1e05c1fc7b4,fa7a7803265fc97926d7fab694bfc1e05c1fc7b4,data/train-00000-of-00001.parquet#row=28,https://huggingface.co/datasets/EthanGabis/ADautoGen-DS/resolve/fa7a7803265fc97926d7fab694bfc1e05c1fc7b4/data/train-00000-of-00001.parquet,28,adautogen-product::nova-portable-charger,exact product_name; repeated product campaigns stay together,deterministic_source_group_partition,MIT,repository README statement; generated images have no per-row license field,https://huggingface.co/datasets/EthanGabis/ADautoGen-DS/blob/fa7a7803265fc97926d7fab694bfc1e05c1fc7b4/README.md#license,true,Dataset README states images were generated with Stable Diffusion v1.5,Stable Diffusion v1.5 (declared by source README),94eb1dad55a1d4e734529eaa7d96c7be8db31fdc8d7c030946a6ddc84b28accd,f33045e638f778e9e2286eb3c30d66142555108b68f5e364a0e0c9105af6989c,ab0ec7f78cde09e3479d07eda27c317593934e2c5bd48c87762ac194ef2ac246,dbecce9ecce9e7ff,image/jpeg,512,512,"{""category"": ""Tech"", ""product_name"": ""Nova Portable Charger"", ""tagline"": ""Premium Portable Charger for students"", ""target_audience"": ""students"", ""text_source_model"": ""phi-2""}",462,1.0.0,source-derived label; no independent expert image audit
firearms-02aa5a147273960f,firearms,pistol,val,data/capstone_dataset/val/firearms/firearms-02aa5a147273960f.jpg,rajshivanshuu/weapons_set1,https://huggingface.co/datasets/rajshivanshuu/weapons_set1,https://huggingface.co/datasets/rajshivanshuu/weapons_set1/tree/d4d9dbc8272958820a3f6757e4c48d8987300271,d4d9dbc8272958820a3f6757e4c48d8987300271,pistol/1805_jpg.rf.a5efe373ef6b6fccb9e4c5ebd61425d0.jpg,https://huggingface.co/datasets/rajshivanshuu/weapons_set1/resolve/d4d9dbc8272958820a3f6757e4c48d8987300271/pistol/1805_jpg.rf.a5efe373ef6b6fccb9e4c5ebd61425d0.jpg,1805,weapons-set1::pistol::1805,source class plus pre-Roboflow source basename,deterministic_source_group_partition,OSL-3.0,repository-level card metadata only; per-image provenance and rights are absent,https://huggingface.co/datasets/rajshivanshuu/weapons_set1/blob/d4d9dbc8272958820a3f6757e4c48d8987300271/README.md,false,Repository card does not declare synthesis; false is not an authenticity guarantee,,02aa5a147273960f54b80b0fdc59894409c0f10d1eae1c07c958b0050a4e8420,02aa5a147273960f54b80b0fdc59894409c0f10d1eae1c07c958b0050a4e8420,5de7a52021e07270715185b774f37aaf792ee4589c46ed87448dfaaeede7372d,8b8aa2c0c6889090,image/jpeg,640,640,"{""source_folder"": ""pistol""}",462,1.0.0,source-derived label; no independent expert image audit
firearms-08ea91446ea6078a,firearms,pistol,val,data/capstone_dataset/val/firearms/firearms-08ea91446ea6078a.jpg,rajshivanshuu/weapons_set1,https://huggingface.co/datasets/rajshivanshuu/weapons_set1,https://huggingface.co/datasets/rajshivanshuu/weapons_set1/tree/d4d9dbc8272958820a3f6757e4c48d8987300271,d4d9dbc8272958820a3f6757e4c48d8987300271,pistol/1573_jpg.rf.b91018b51f9425fc941dc166dcc1f981.jpg,https://huggingface.co/datasets/rajshivanshuu/weapons_set1/resolve/d4d9dbc8272958820a3f6757e4c48d8987300271/pistol/1573_jpg.rf.b91018b51f9425fc941dc166dcc1f981.jpg,1573,weapons-set1::pistol::1573,source class plus pre-Roboflow source basename,deterministic_source_group_partition,OSL-3.0,repository-level card metadata only; per-image provenance and rights are absent,https://huggingface.co/datasets/rajshivanshuu/weapons_set1/blob/d4d9dbc8272958820a3f6757e4c48d8987300271/README.md,false,Repository card does not declare synthesis; false is not an authenticity guarantee,,08ea91446ea6078ad162123dc6b0b45dd036b0e54123076ab1ec7efe6cf53139,08ea91446ea6078ad162123dc6b0b45dd036b0e54123076ab1ec7efe6cf53139,73341fc73e8940e81f9d8bc5cf7f90094f4121eb6689c3a438c9d09c1d259b6d,0a8ed47c6cac6e2e,image/jpeg,640,640,"{""source_folder"": ""pistol""}",462,1.0.0,source-derived label; no independent expert image audit
firearms-4044313fbbda6300,firearms,pistol,val,data/capstone_dataset/val/firearms/firearms-4044313fbbda6300.jpg,rajshivanshuu/weapons_set1,https://huggingface.co/datasets/rajshivanshuu/weapons_set1,https://huggingface.co/datasets/rajshivanshuu/weapons_set1/tree/d4d9dbc8272958820a3f6757e4c48d8987300271,d4d9dbc8272958820a3f6757e4c48d8987300271,pistol/1897_jpg.rf.2015394fd5a39e103fd6bbdf22a3cc2f.jpg,https://huggingface.co/datasets/rajshivanshuu/weapons_set1/resolve/d4d9dbc8272958820a3f6757e4c48d8987300271/pistol/1897_jpg.rf.2015394fd5a39e103fd6bbdf22a3cc2f.jpg,1897,weapons-set1::pistol::1897,source class plus pre-Roboflow source basename,deterministic_source_group_partition,OSL-3.0,repository-level card metadata only; per-image provenance and rights are absent,https://huggingface.co/datasets/rajshivanshuu/weapons_set1/blob/d4d9dbc8272958820a3f6757e4c48d8987300271/README.md,false,Repository card does not declare synthesis; false is not an authenticity guarantee,,4044313fbbda6300f317e4eb252dbd1fcd0f4b7fd66ccf82dd95211b3511656f,4044313fbbda6300f317e4eb252dbd1fcd0f4b7fd66ccf82dd95211b3511656f,61be6921a9872c528ceaa81b0b2ee700d842fe32b2afa86a52d6ced8ebc8f9e0,39c8fc3cdeb62616,image/jpeg,640,640,"{""source_folder"": ""pistol""}",462,1.0.0,source-derived label; no independent expert image audit
firearms-4ed5c2ab0a8989c7,firearms,pistol,val,data/capstone_dataset/val/firearms/firearms-4ed5c2ab0a8989c7.jpg,rajshivanshuu/weapons_set1,https://huggingface.co/datasets/rajshivanshuu/weapons_set1,https://huggingface.co/datasets/rajshivanshuu/weapons_set1/tree/d4d9dbc8272958820a3f6757e4c48d8987300271,d4d9dbc8272958820a3f6757e4c48d8987300271,pistol/1874_jpg.rf.d2d895539941513146121d4c92f71ab1.jpg,https://huggingface.co/datasets/rajshivanshuu/weapons_set1/resolve/d4d9dbc8272958820a3f6757e4c48d8987300271/pistol/1874_jpg.rf.d2d895539941513146121d4c92f71ab1.jpg,1874,weapons-set1::pistol::1874,source class plus pre-Roboflow source basename,deterministic_source_group_partition,OSL-3.0,repository-level card metadata only; per-image provenance and rights are absent,https://huggingface.co/datasets/rajshivanshuu/weapons_set1/blob/d4d9dbc8272958820a3f6757e4c48d8987300271/README.md,false,Repository card does not declare synthesis; false is not an authenticity guarantee,,4ed5c2ab0a8989c7327c38ccacbf24ebe121bc4b49e6bfdcf4f003e07a54b231,4ed5c2ab0a8989c7327c38ccacbf24ebe121bc4b49e6bfdcf4f003e07a54b231,6e8549122c65ac6ac4b39c6ef3949716179026d257ae7f1630eb0a1f15f2fe4a,39d1f83efed6e6f2,image/jpeg,640,640,"{""source_folder"": ""pistol""}",462,1.0.0,source-derived label; no independent expert image audit
firearms-654887e93cd6cb66,firearms,pistol,val,data/capstone_dataset/val/firearms/firearms-654887e93cd6cb66.jpg,rajshivanshuu/weapons_set1,https://huggingface.co/datasets/rajshivanshuu/weapons_set1,https://huggingface.co/datasets/rajshivanshuu/weapons_set1/tree/d4d9dbc8272958820a3f6757e4c48d8987300271,d4d9dbc8272958820a3f6757e4c48d8987300271,pistol/1958_jpg.rf.0f97aa4b8f53780f9ea9595dffe21a56.jpg,https://huggingface.co/datasets/rajshivanshuu/weapons_set1/resolve/d4d9dbc8272958820a3f6757e4c48d8987300271/pistol/1958_jpg.rf.0f97aa4b8f53780f9ea9595dffe21a56.jpg,1958,weapons-set1::pistol::1958,source class plus pre-Roboflow source basename,deterministic_source_group_partition,OSL-3.0,repository-level card metadata only; per-image provenance and rights are absent,https://huggingface.co/datasets/rajshivanshuu/weapons_set1/blob/d4d9dbc8272958820a3f6757e4c48d8987300271/README.md,false,Repository card does not declare synthesis; false is not an authenticity guarantee,,654887e93cd6cb66fdef081b9911ab77dcabc8d192e54445cbd87a8c38da9121,654887e93cd6cb66fdef081b9911ab77dcabc8d192e54445cbd87a8c38da9121,8b9e9a12bbd665f2adcbfcde634b4f408790b953820a67ce81486955fd3141b1,808cc4d0c0c0c88a,image/jpeg,640,640,"{""source_folder"": ""pistol""}",462,1.0.0,source-derived label; no independent expert image audit
firearms-65daf45b20ff0111,firearms,rifile,val,data/capstone_dataset/val/firearms/firearms-65daf45b20ff0111.jpg,rajshivanshuu/weapons_set1,https://huggingface.co/datasets/rajshivanshuu/weapons_set1,https://huggingface.co/datasets/rajshivanshuu/weapons_set1/tree/d4d9dbc8272958820a3f6757e4c48d8987300271,d4d9dbc8272958820a3f6757e4c48d8987300271,rifile/rifle1098_jpg.rf.56c43ffd4f1d398cd82111c49abda85c.jpg,https://huggingface.co/datasets/rajshivanshuu/weapons_set1/resolve/d4d9dbc8272958820a3f6757e4c48d8987300271/rifile/rifle1098_jpg.rf.56c43ffd4f1d398cd82111c49abda85c.jpg,rifle1098,weapons-set1::rifile::rifle1098,source class plus pre-Roboflow source basename,deterministic_source_group_partition,OSL-3.0,repository-level card metadata only; per-image provenance and rights are absent,https://huggingface.co/datasets/rajshivanshuu/weapons_set1/blob/d4d9dbc8272958820a3f6757e4c48d8987300271/README.md,false,Repository card does not declare synthesis; false is not an authenticity guarantee,,65daf45b20ff01112fbceb0d6584ccf941c2542eee085fdacc29134ab67e7afe,65daf45b20ff01112fbceb0d6584ccf941c2542eee085fdacc29134ab67e7afe,23fe44ac0ebda4e358c110458856aa8f23176f579d95109e616ab54a3363d80a,f396b233a9a8a5a4,image/jpeg,416,416,"{""source_folder"": ""rifile""}",462,1.0.0,source-derived label; no independent expert image audit
firearms-6825792fe53adeb3,firearms,pistol,val,data/capstone_dataset/val/firearms/firearms-6825792fe53adeb3.jpg,rajshivanshuu/weapons_set1,https://huggingface.co/datasets/rajshivanshuu/weapons_set1,https://huggingface.co/datasets/rajshivanshuu/weapons_set1/tree/d4d9dbc8272958820a3f6757e4c48d8987300271,d4d9dbc8272958820a3f6757e4c48d8987300271,pistol/1232_jpg.rf.c22440c5b932fd6c3187ff15cc915408.jpg,https://huggingface.co/datasets/rajshivanshuu/weapons_set1/resolve/d4d9dbc8272958820a3f6757e4c48d8987300271/pistol/1232_jpg.rf.c22440c5b932fd6c3187ff15cc915408.jpg,1232,weapons-set1::pistol::1232,source class plus pre-Roboflow source basename,deterministic_source_group_partition,OSL-3.0,repository-level card metadata only; per-image provenance and rights are absent,https://huggingface.co/datasets/rajshivanshuu/weapons_set1/blob/d4d9dbc8272958820a3f6757e4c48d8987300271/README.md,false,Repository card does not declare synthesis; false is not an authenticity guarantee,,6825792fe53adeb3ae7148eeda8aa721b943cbe78684fc29de51d5f8b2e4900b,6825792fe53adeb3ae7148eeda8aa721b943cbe78684fc29de51d5f8b2e4900b,6b299b9c30b236c5747de1017f95cdbafe7069001f1ee9119a0234a633e09386,04e8da6cec0ec684,image/jpeg,640,640,"{""source_folder"": ""pistol""}",462,1.0.0,source-derived label; no independent expert image audit
firearms-6f71ab535b8ebf9f,firearms,rifile,val,data/capstone_dataset/val/firearms/firearms-6f71ab535b8ebf9f.jpg,rajshivanshuu/weapons_set1,https://huggingface.co/datasets/rajshivanshuu/weapons_set1,https://huggingface.co/datasets/rajshivanshuu/weapons_set1/tree/d4d9dbc8272958820a3f6757e4c48d8987300271,d4d9dbc8272958820a3f6757e4c48d8987300271,rifile/Shotgun_89.jpeg,https://huggingface.co/datasets/rajshivanshuu/weapons_set1/resolve/d4d9dbc8272958820a3f6757e4c48d8987300271/rifile/Shotgun_89.jpeg,shotgun-89,weapons-set1::rifile::shotgun-89,source class plus pre-Roboflow source basename,deterministic_source_group_partition,OSL-3.0,repository-level card metadata only; per-image provenance and rights are absent,https://huggingface.co/datasets/rajshivanshuu/weapons_set1/blob/d4d9dbc8272958820a3f6757e4c48d8987300271/README.md,false,Repository card does not declare synthesis; false is not an authenticity guarantee,,6f71ab535b8ebf9fc9f67aca862bad05944c7102d2fc982b32d8d549618e4c61,6f71ab535b8ebf9fc9f67aca862bad05944c7102d2fc982b32d8d549618e4c61,e3392f227b311bb652ea4e50ff1eaede86255c2a8caf7900369fad9d1891b261,10886432595c161a,image/jpeg,576,768,"{""source_folder"": ""rifile""}",462,1.0.0,source-derived label; no independent expert image audit
firearms-9c1a99f7dec1f3ff,firearms,pistol,val,data/capstone_dataset/val/firearms/firearms-9c1a99f7dec1f3ff.jpg,rajshivanshuu/weapons_set1,https://huggingface.co/datasets/rajshivanshuu/weapons_set1,https://huggingface.co/datasets/rajshivanshuu/weapons_set1/tree/d4d9dbc8272958820a3f6757e4c48d8987300271,d4d9dbc8272958820a3f6757e4c48d8987300271,pistol/1812_jpg.rf.4dbf8a8453f7f6db65b464309e2ebaaf.jpg,https://huggingface.co/datasets/rajshivanshuu/weapons_set1/resolve/d4d9dbc8272958820a3f6757e4c48d8987300271/pistol/1812_jpg.rf.4dbf8a8453f7f6db65b464309e2ebaaf.jpg,1812,weapons-set1::pistol::1812,source class plus pre-Roboflow source basename,deterministic_source_group_partition,OSL-3.0,repository-level card metadata only; per-image provenance and rights are absent,https://huggingface.co/datasets/rajshivanshuu/weapons_set1/blob/d4d9dbc8272958820a3f6757e4c48d8987300271/README.md,false,Repository card does not declare synthesis; false is not an authenticity guarantee,,9c1a99f7dec1f3ffecc3f5d1854ad1205498a1357816504665938ba334af7760,9c1a99f7dec1f3ffecc3f5d1854ad1205498a1357816504665938ba334af7760,43c6b1bd0567c7929def3c414c07a259f55a0023839b0b5b58ff347787c82718,3088f06cae33530b,image/jpeg,640,640,"{""source_folder"": ""pistol""}",462,1.0.0,source-derived label; no independent expert image audit
firearms-aed84c5e8fc0fb7e,firearms,rifile,val,data/capstone_dataset/val/firearms/firearms-aed84c5e8fc0fb7e.jpg,rajshivanshuu/weapons_set1,https://huggingface.co/datasets/rajshivanshuu/weapons_set1,https://huggingface.co/datasets/rajshivanshuu/weapons_set1/tree/d4d9dbc8272958820a3f6757e4c48d8987300271,d4d9dbc8272958820a3f6757e4c48d8987300271,rifile/Shotgun_72.jpeg,https://huggingface.co/datasets/rajshivanshuu/weapons_set1/resolve/d4d9dbc8272958820a3f6757e4c48d8987300271/rifile/Shotgun_72.jpeg,shotgun-72,weapons-set1::rifile::shotgun-72,source class plus pre-Roboflow source basename,deterministic_source_group_partition,OSL-3.0,repository-level card metadata only; per-image provenance and rights are absent,https://huggingface.co/datasets/rajshivanshuu/weapons_set1/blob/d4d9dbc8272958820a3f6757e4c48d8987300271/README.md,false,Repository card does not declare synthesis; false is not an authenticity guarantee,,aed84c5e8fc0fb7e85067b898f75b54d68b2261d624ed999f301c974e3160d4a,aed84c5e8fc0fb7e85067b898f75b54d68b2261d624ed999f301c974e3160d4a,b0ed11a465e7c2346ae4384e93f73000c1fe0250c4db1e50c5624d2cc9b3c865,0006b0c84e174130,image/jpeg,768,275,"{""source_folder"": ""rifile""}",462,1.0.0,source-derived label; no independent expert image audit
firearms-da05920ea9c24f60,firearms,pistol,val,data/capstone_dataset/val/firearms/firearms-da05920ea9c24f60.jpg,rajshivanshuu/weapons_set1,https://huggingface.co/datasets/rajshivanshuu/weapons_set1,https://huggingface.co/datasets/rajshivanshuu/weapons_set1/tree/d4d9dbc8272958820a3f6757e4c48d8987300271,d4d9dbc8272958820a3f6757e4c48d8987300271,pistol/pistol869_jpg.rf.a0b9c8638af84121bf7ea715fba9da68.jpg,https://huggingface.co/datasets/rajshivanshuu/weapons_set1/resolve/d4d9dbc8272958820a3f6757e4c48d8987300271/pistol/pistol869_jpg.rf.a0b9c8638af84121bf7ea715fba9da68.jpg,pistol869,weapons-set1::pistol::pistol869,source class plus pre-Roboflow source basename,deterministic_source_group_partition,OSL-3.0,repository-level card metadata only; per-image provenance and rights are absent,https://huggingface.co/datasets/rajshivanshuu/weapons_set1/blob/d4d9dbc8272958820a3f6757e4c48d8987300271/README.md,false,Repository card does not declare synthesis; false is not an authenticity guarantee,,da05920ea9c24f6063746ff2955f4d0f82a7cbd400238401a4c74b0be73b9023,da05920ea9c24f6063746ff2955f4d0f82a7cbd400238401a4c74b0be73b9023,a8cc83c30319a454492834d8d078ba68624e39ce3ce82455ae6f47f511caf415,869ccccaca809090,image/jpeg,416,416,"{""source_folder"": ""pistol""}",462,1.0.0,source-derived label; no independent expert image audit
firearms-fdd551a012ece2fd,firearms,pistol,val,data/capstone_dataset/val/firearms/firearms-fdd551a012ece2fd.jpg,rajshivanshuu/weapons_set1,https://huggingface.co/datasets/rajshivanshuu/weapons_set1,https://huggingface.co/datasets/rajshivanshuu/weapons_set1/tree/d4d9dbc8272958820a3f6757e4c48d8987300271,d4d9dbc8272958820a3f6757e4c48d8987300271,pistol/1408_jpg.rf.60436805dbc57f58e5bbe9e3bf8f8625.jpg,https://huggingface.co/datasets/rajshivanshuu/weapons_set1/resolve/d4d9dbc8272958820a3f6757e4c48d8987300271/pistol/1408_jpg.rf.60436805dbc57f58e5bbe9e3bf8f8625.jpg,1408,weapons-set1::pistol::1408,source class plus pre-Roboflow source basename,deterministic_source_group_partition,OSL-3.0,repository-level card metadata only; per-image provenance and rights are absent,https://huggingface.co/datasets/rajshivanshuu/weapons_set1/blob/d4d9dbc8272958820a3f6757e4c48d8987300271/README.md,false,Repository card does not declare synthesis; false is not an authenticity guarantee,,fdd551a012ece2fd28e07a648ea95d2b43f6ad5ac1069d0efd2a792b0b953ce6,fdd551a012ece2fd28e07a648ea95d2b43f6ad5ac1069d0efd2a792b0b953ce6,a58d0564c0fbd552c18510f98a1f3ed02ad539ab7c98b7ffb12b8ca59214ccd0,b282dc5c7c2c0c2c,image/jpeg,640,640,"{""source_folder"": ""pistol""}",462,1.0.0,source-derived label; no independent expert image audit
explosives-01e481fa8d6f655b,explosives,grenade,val,data/capstone_dataset/val/explosives/explosives-01e481fa8d6f655b.jpg,rajshivanshuu/weapons_set1,https://huggingface.co/datasets/rajshivanshuu/weapons_set1,https://huggingface.co/datasets/rajshivanshuu/weapons_set1/tree/d4d9dbc8272958820a3f6757e4c48d8987300271,d4d9dbc8272958820a3f6757e4c48d8987300271,grenade/grenade1316_jpg.rf.d0dbb7031963a9ec64cf379448d95f38.jpg,https://huggingface.co/datasets/rajshivanshuu/weapons_set1/resolve/d4d9dbc8272958820a3f6757e4c48d8987300271/grenade/grenade1316_jpg.rf.d0dbb7031963a9ec64cf379448d95f38.jpg,grenade1316,weapons-set1::grenade::grenade1316,source class plus pre-Roboflow source basename,deterministic_source_group_partition,OSL-3.0,repository-level card metadata only; per-image provenance and rights are absent,https://huggingface.co/datasets/rajshivanshuu/weapons_set1/blob/d4d9dbc8272958820a3f6757e4c48d8987300271/README.md,false,Repository card does not declare synthesis; false is not an authenticity guarantee,,01e481fa8d6f655b89b70d3b2bf5d7ff6d5f80f6269e1cbbf57e24456eda9333,01e481fa8d6f655b89b70d3b2bf5d7ff6d5f80f6269e1cbbf57e24456eda9333,b502ebec21a7c3a252886fef71b65daec7b5ba1f6535739c9ea773b2d2603e89,de523236f2321e4d,image/jpeg,416,416,"{""source_folder"": ""grenade""}",462,1.0.0,source-derived label; no independent expert image audit
explosives-1545787978a909e4,explosives,grenade,val,data/capstone_dataset/val/explosives/explosives-1545787978a909e4.jpg,rajshivanshuu/weapons_set1,https://huggingface.co/datasets/rajshivanshuu/weapons_set1,https://huggingface.co/datasets/rajshivanshuu/weapons_set1/tree/d4d9dbc8272958820a3f6757e4c48d8987300271,d4d9dbc8272958820a3f6757e4c48d8987300271,grenade/grenade1370_jpg.rf.b010111cfdc6692d56dd781b030fc374.jpg,https://huggingface.co/datasets/rajshivanshuu/weapons_set1/resolve/d4d9dbc8272958820a3f6757e4c48d8987300271/grenade/grenade1370_jpg.rf.b010111cfdc6692d56dd781b030fc374.jpg,grenade1370,weapons-set1::grenade::grenade1370,source class plus pre-Roboflow source basename,deterministic_source_group_partition,OSL-3.0,repository-level card metadata only; per-image provenance and rights are absent,https://huggingface.co/datasets/rajshivanshuu/weapons_set1/blob/d4d9dbc8272958820a3f6757e4c48d8987300271/README.md,false,Repository card does not declare synthesis; false is not an authenticity guarantee,,1545787978a909e471804b679151a43ba72863602e5b46ea84d96417ca74777b,1545787978a909e471804b679151a43ba72863602e5b46ea84d96417ca74777b,53a5f67512e24b2c29e555278bdcdac7e8bee696e377af1e29f243cf7c10e2ae,19bc9bacc7929ded,image/jpeg,416,416,"{""source_folder"": ""grenade""}",462,1.0.0,source-derived label; no independent expert image audit
explosives-18392d87b9723cd8,explosives,grenade,val,data/capstone_dataset/val/explosives/explosives-18392d87b9723cd8.jpg,rajshivanshuu/weapons_set1,https://huggingface.co/datasets/rajshivanshuu/weapons_set1,https://huggingface.co/datasets/rajshivanshuu/weapons_set1/tree/d4d9dbc8272958820a3f6757e4c48d8987300271,d4d9dbc8272958820a3f6757e4c48d8987300271,grenade/grenade1320_jpg.rf.7336b471736b5e74ca29f92a895968f4.jpg,https://huggingface.co/datasets/rajshivanshuu/weapons_set1/resolve/d4d9dbc8272958820a3f6757e4c48d8987300271/grenade/grenade1320_jpg.rf.7336b471736b5e74ca29f92a895968f4.jpg,grenade1320,weapons-set1::grenade::grenade1320,source class plus pre-Roboflow source basename,deterministic_source_group_partition,OSL-3.0,repository-level card metadata only; per-image provenance and rights are absent,https://huggingface.co/datasets/rajshivanshuu/weapons_set1/blob/d4d9dbc8272958820a3f6757e4c48d8987300271/README.md,false,Repository card does not declare synthesis; false is not an authenticity guarantee,,18392d87b9723cd806e73a72e16cd407366f74302a1d3f8bf1639f137a201528,18392d87b9723cd806e73a72e16cd407366f74302a1d3f8bf1639f137a201528,712ea78f182ba52917847cc346ba6efcddac0528cc6c11fb9255c56bb99d8f3f,3e3e2d5d17170f2f,image/jpeg,416,416,"{""source_folder"": ""grenade""}",462,1.0.0,source-derived label; no independent expert image audit
explosives-287ce9dbad0ed005,explosives,grenade,val,data/capstone_dataset/val/explosives/explosives-287ce9dbad0ed005.jpg,rajshivanshuu/weapons_set1,https://huggingface.co/datasets/rajshivanshuu/weapons_set1,https://huggingface.co/datasets/rajshivanshuu/weapons_set1/tree/d4d9dbc8272958820a3f6757e4c48d8987300271,d4d9dbc8272958820a3f6757e4c48d8987300271,grenade/grenade1311_jpg.rf.2872d20cb7df69b4f2fb8f78c87984e6.jpg,https://huggingface.co/datasets/rajshivanshuu/weapons_set1/resolve/d4d9dbc8272958820a3f6757e4c48d8987300271/grenade/grenade1311_jpg.rf.2872d20cb7df69b4f2fb8f78c87984e6.jpg,grenade1311,weapons-set1::grenade::grenade1311,source class plus pre-Roboflow source basename,deterministic_source_group_partition,OSL-3.0,repository-level card metadata only; per-image provenance and rights are absent,https://huggingface.co/datasets/rajshivanshuu/weapons_set1/blob/d4d9dbc8272958820a3f6757e4c48d8987300271/README.md,false,Repository card does not declare synthesis; false is not an authenticity guarantee,,287ce9dbad0ed005179fcb11a78938f2a920a28310635cd8007baf2bdbc10422,287ce9dbad0ed005179fcb11a78938f2a920a28310635cd8007baf2bdbc10422,30d108286235c86577b27821fa8bb69336510bd069bc60857f118b19703a22c7,0600383575757d69,image/jpeg,416,416,"{""source_folder"": ""grenade""}",462,1.0.0,source-derived label; no independent expert image audit
explosives-37a15c2440cab970,explosives,grenade,val,data/capstone_dataset/val/explosives/explosives-37a15c2440cab970.jpg,rajshivanshuu/weapons_set1,https://huggingface.co/datasets/rajshivanshuu/weapons_set1,https://huggingface.co/datasets/rajshivanshuu/weapons_set1/tree/d4d9dbc8272958820a3f6757e4c48d8987300271,d4d9dbc8272958820a3f6757e4c48d8987300271,grenade/grenade1289_jpg.rf.99292a16c562280faaa5c0ada9b05c43.jpg,https://huggingface.co/datasets/rajshivanshuu/weapons_set1/resolve/d4d9dbc8272958820a3f6757e4c48d8987300271/grenade/grenade1289_jpg.rf.99292a16c562280faaa5c0ada9b05c43.jpg,grenade1289,weapons-set1::grenade::grenade1289,source class plus pre-Roboflow source basename,deterministic_source_group_partition,OSL-3.0,repository-level card metadata only; per-image provenance and rights are absent,https://huggingface.co/datasets/rajshivanshuu/weapons_set1/blob/d4d9dbc8272958820a3f6757e4c48d8987300271/README.md,false,Repository card does not declare synthesis; false is not an authenticity guarantee,,37a15c2440cab970232728790130a4a754bdb103d96efeffc6b873d52ab742b9,37a15c2440cab970232728790130a4a754bdb103d96efeffc6b873d52ab742b9,124141520a348a28fc5818d838b4442806fc0b9fca0a98f8fa24198a4f20b9c8,8080a0e084e66300,image/jpeg,416,416,"{""source_folder"": ""grenade""}",462,1.0.0,source-derived label; no independent expert image audit
explosives-65372b87a2140343,explosives,grenade,val,data/capstone_dataset/val/explosives/explosives-65372b87a2140343.jpg,rajshivanshuu/weapons_set1,https://huggingface.co/datasets/rajshivanshuu/weapons_set1,https://huggingface.co/datasets/rajshivanshuu/weapons_set1/tree/d4d9dbc8272958820a3f6757e4c48d8987300271,d4d9dbc8272958820a3f6757e4c48d8987300271,grenade/grenade1355_jpg.rf.40b4f8c9373ec54871356a3aff1f03fe.jpg,https://huggingface.co/datasets/rajshivanshuu/weapons_set1/resolve/d4d9dbc8272958820a3f6757e4c48d8987300271/grenade/grenade1355_jpg.rf.40b4f8c9373ec54871356a3aff1f03fe.jpg,grenade1355,weapons-set1::grenade::grenade1355,source class plus pre-Roboflow source basename,deterministic_source_group_partition,OSL-3.0,repository-level card metadata only; per-image provenance and rights are absent,https://huggingface.co/datasets/rajshivanshuu/weapons_set1/blob/d4d9dbc8272958820a3f6757e4c48d8987300271/README.md,false,Repository card does not declare synthesis; false is not an authenticity guarantee,,65372b87a214034370c6e30c866e51831472f71326b80606e617fed17a149618,65372b87a214034370c6e30c866e51831472f71326b80606e617fed17a149618,70fe4477b8edc1cdcd1a9ffd75ab2385372ffbbb902b9d8111ee93baf9799826,50d05270b2b0b9b2,image/jpeg,416,416,"{""source_folder"": ""grenade""}",462,1.0.0,source-derived label; no independent expert image audit
explosives-879005e4e0ad172b,explosives,grenade,val,data/capstone_dataset/val/explosives/explosives-879005e4e0ad172b.jpg,rajshivanshuu/weapons_set1,https://huggingface.co/datasets/rajshivanshuu/weapons_set1,https://huggingface.co/datasets/rajshivanshuu/weapons_set1/tree/d4d9dbc8272958820a3f6757e4c48d8987300271,d4d9dbc8272958820a3f6757e4c48d8987300271,grenade/grenade1366_jpg.rf.ba7239add44c7c48ac7475fc48ab97c5.jpg,https://huggingface.co/datasets/rajshivanshuu/weapons_set1/resolve/d4d9dbc8272958820a3f6757e4c48d8987300271/grenade/grenade1366_jpg.rf.ba7239add44c7c48ac7475fc48ab97c5.jpg,grenade1366,weapons-set1::grenade::grenade1366,source class plus pre-Roboflow source basename,deterministic_source_group_partition,OSL-3.0,repository-level card metadata only; per-image provenance and rights are absent,https://huggingface.co/datasets/rajshivanshuu/weapons_set1/blob/d4d9dbc8272958820a3f6757e4c48d8987300271/README.md,false,Repository card does not declare synthesis; false is not an authenticity guarantee,,879005e4e0ad172b9e31f6f68eda1fadbd245071a19e264b25a058e667cd444f,879005e4e0ad172b9e31f6f68eda1fadbd245071a19e264b25a058e667cd444f,03d1310663683f26ec349de77531e92c90402587f3ce2e27fdae48428b071b7a,b4366d27539a0c41,image/jpeg,416,416,"{""source_folder"": ""grenade""}",462,1.0.0,source-derived label; no independent expert image audit
explosives-983a5238edfc0bf3,explosives,grenade,val,data/capstone_dataset/val/explosives/explosives-983a5238edfc0bf3.jpg,rajshivanshuu/weapons_set1,https://huggingface.co/datasets/rajshivanshuu/weapons_set1,https://huggingface.co/datasets/rajshivanshuu/weapons_set1/tree/d4d9dbc8272958820a3f6757e4c48d8987300271,d4d9dbc8272958820a3f6757e4c48d8987300271,grenade/grenade1285_jpg.rf.6539e989e7ae145b544848ae5987301a.jpg,https://huggingface.co/datasets/rajshivanshuu/weapons_set1/resolve/d4d9dbc8272958820a3f6757e4c48d8987300271/grenade/grenade1285_jpg.rf.6539e989e7ae145b544848ae5987301a.jpg,grenade1285,weapons-set1::grenade::grenade1285,source class plus pre-Roboflow source basename,deterministic_source_group_partition,OSL-3.0,repository-level card metadata only; per-image provenance and rights are absent,https://huggingface.co/datasets/rajshivanshuu/weapons_set1/blob/d4d9dbc8272958820a3f6757e4c48d8987300271/README.md,false,Repository card does not declare synthesis; false is not an authenticity guarantee,,983a5238edfc0bf31bdd15b876f8514049635886f29b31ff0d4eadbb1e28bbc7,983a5238edfc0bf31bdd15b876f8514049635886f29b31ff0d4eadbb1e28bbc7,fa1f5c5826c33d4bc20714178ab1f13d854817490a7293a76a470956f410bd23,2d0d7c68e8e94998,image/jpeg,416,416,"{""source_folder"": ""grenade""}",462,1.0.0,source-derived label; no independent expert image audit
explosives-9be5e780fea3a471,explosives,grenade,val,data/capstone_dataset/val/explosives/explosives-9be5e780fea3a471.jpg,rajshivanshuu/weapons_set1,https://huggingface.co/datasets/rajshivanshuu/weapons_set1,https://huggingface.co/datasets/rajshivanshuu/weapons_set1/tree/d4d9dbc8272958820a3f6757e4c48d8987300271,d4d9dbc8272958820a3f6757e4c48d8987300271,grenade/grenade1377_jpg.rf.2fed30f30e95afce8db965d4ac14ec20.jpg,https://huggingface.co/datasets/rajshivanshuu/weapons_set1/resolve/d4d9dbc8272958820a3f6757e4c48d8987300271/grenade/grenade1377_jpg.rf.2fed30f30e95afce8db965d4ac14ec20.jpg,grenade1377,weapons-set1::grenade::grenade1377,source class plus pre-Roboflow source basename,deterministic_source_group_partition,OSL-3.0,repository-level card metadata only; per-image provenance and rights are absent,https://huggingface.co/datasets/rajshivanshuu/weapons_set1/blob/d4d9dbc8272958820a3f6757e4c48d8987300271/README.md,false,Repository card does not declare synthesis; false is not an authenticity guarantee,,9be5e780fea3a471e6098ada61d78a3240a77212cb858c17d1c00ea09982bf41,9be5e780fea3a471e6098ada61d78a3240a77212cb858c17d1c00ea09982bf41,e22cfc6340e2593d04d16b5b777a6df2654214faf5b8130c45f568e24da620e0,e66655193eacd456,image/jpeg,416,416,"{""source_folder"": ""grenade""}",462,1.0.0,source-derived label; no independent expert image audit
explosives-9dce2b94c21cb783,explosives,grenade,val,data/capstone_dataset/val/explosives/explosives-9dce2b94c21cb783.jpg,rajshivanshuu/weapons_set1,https://huggingface.co/datasets/rajshivanshuu/weapons_set1,https://huggingface.co/datasets/rajshivanshuu/weapons_set1/tree/d4d9dbc8272958820a3f6757e4c48d8987300271,d4d9dbc8272958820a3f6757e4c48d8987300271,grenade/grenade1396_jpg.rf.719cffb0e0101805b817a74bac5683e5.jpg,https://huggingface.co/datasets/rajshivanshuu/weapons_set1/resolve/d4d9dbc8272958820a3f6757e4c48d8987300271/grenade/grenade1396_jpg.rf.719cffb0e0101805b817a74bac5683e5.jpg,grenade1396,weapons-set1::grenade::grenade1396,source class plus pre-Roboflow source basename,deterministic_source_group_partition,OSL-3.0,repository-level card metadata only; per-image provenance and rights are absent,https://huggingface.co/datasets/rajshivanshuu/weapons_set1/blob/d4d9dbc8272958820a3f6757e4c48d8987300271/README.md,false,Repository card does not declare synthesis; false is not an authenticity guarantee,,9dce2b94c21cb783a2bc9031052bb40aa221548e4fcce963c5bb98532ade430c,9dce2b94c21cb783a2bc9031052bb40aa221548e4fcce963c5bb98532ade430c,05e74fc9ee8676ebbe29a0167d11d6fde8168b411b2eed68cca56db2a6b546c0,a30343dd46461115,image/jpeg,416,416,"{""source_folder"": ""grenade""}",462,1.0.0,source-derived label; no independent expert image audit
explosives-dfe605c4427af874,explosives,grenade,val,data/capstone_dataset/val/explosives/explosives-dfe605c4427af874.jpg,rajshivanshuu/weapons_set1,https://huggingface.co/datasets/rajshivanshuu/weapons_set1,https://huggingface.co/datasets/rajshivanshuu/weapons_set1/tree/d4d9dbc8272958820a3f6757e4c48d8987300271,d4d9dbc8272958820a3f6757e4c48d8987300271,grenade/grenade1319_jpg.rf.483476050e68b053dbcd57923b4146e4.jpg,https://huggingface.co/datasets/rajshivanshuu/weapons_set1/resolve/d4d9dbc8272958820a3f6757e4c48d8987300271/grenade/grenade1319_jpg.rf.483476050e68b053dbcd57923b4146e4.jpg,grenade1319,weapons-set1::grenade::grenade1319,source class plus pre-Roboflow source basename,deterministic_source_group_partition,OSL-3.0,repository-level card metadata only; per-image provenance and rights are absent,https://huggingface.co/datasets/rajshivanshuu/weapons_set1/blob/d4d9dbc8272958820a3f6757e4c48d8987300271/README.md,false,Repository card does not declare synthesis; false is not an authenticity guarantee,,dfe605c4427af874b9cc4da5c561b7f2b77bdc143a9d446edffebf19f46fca80,dfe605c4427af874b9cc4da5c561b7f2b77bdc143a9d446edffebf19f46fca80,38d55b413a845b9f7096803ad329fb8b22c9a44f4b9892d8d5afc7613f405ee3,020017c8c884c440,image/jpeg,416,416,"{""source_folder"": ""grenade""}",462,1.0.0,source-derived label; no independent expert image audit
explosives-ee6c7039bbbb5493,explosives,grenade,val,data/capstone_dataset/val/explosives/explosives-ee6c7039bbbb5493.jpg,rajshivanshuu/weapons_set1,https://huggingface.co/datasets/rajshivanshuu/weapons_set1,https://huggingface.co/datasets/rajshivanshuu/weapons_set1/tree/d4d9dbc8272958820a3f6757e4c48d8987300271,d4d9dbc8272958820a3f6757e4c48d8987300271,grenade/grenade1395_jpg.rf.193c23a7fc8576109744ce3e069011d6.jpg,https://huggingface.co/datasets/rajshivanshuu/weapons_set1/resolve/d4d9dbc8272958820a3f6757e4c48d8987300271/grenade/grenade1395_jpg.rf.193c23a7fc8576109744ce3e069011d6.jpg,grenade1395,weapons-set1::grenade::grenade1395,source class plus pre-Roboflow source basename,deterministic_source_group_partition,OSL-3.0,repository-level card metadata only; per-image provenance and rights are absent,https://huggingface.co/datasets/rajshivanshuu/weapons_set1/blob/d4d9dbc8272958820a3f6757e4c48d8987300271/README.md,false,Repository card does not declare synthesis; false is not an authenticity guarantee,,ee6c7039bbbb5493743566b99929b68e6ff604b0515d8355eeb96d6c3232db3f,ee6c7039bbbb5493743566b99929b68e6ff604b0515d8355eeb96d6c3232db3f,af9a0f652c73081c8e23e4b281d5d378b3d37b073b0658084e5af875fc98be68,3271e0f0b070b0b0,image/jpeg,416,416,"{""source_folder"": ""grenade""}",462,1.0.0,source-derived label; no independent expert image audit
financial_promotion-140d9bdd6d90de0f,financial_promotion,financial_promotion,val,data/capstone_dataset/val/financial_promotion/financial_promotion-140d9bdd6d90de0f.jpg,project_generated_financial_creatives_v1,,,e5635c7ddfc9fb3e7ff6332ba68152884b42eb45990e932a16e69e3cdd8d1a57,scripts/build_capstone_dataset.py#financial/solar-stocks/0,,solar-stocks:0,pil-financial-campaign::solar-stocks,campaign id; all three visual variants stay together,deterministic_source_group_partition,project-generated; release terms not declared,no third-party visual assets; team must choose distribution terms,,true,Deterministic PIL renderer in the dataset builder,Pillow drawing primitives; seed 462; generator v1,e5635c7ddfc9fb3e7ff6332ba68152884b42eb45990e932a16e69e3cdd8d1a57,140d9bdd6d90de0fae2a619123264afe0269cc2cd50443aac34fd88b6ea645aa,b6e08ac2715fec104573f5c43cd1dfec27249d4a5e7a1ea19ee020560b7d5aba,b2b285c86c7eccc9,image/jpeg,640,640,"{""brand"": ""SOLAR STOCKS"", ""campaign_id"": ""solar-stocks"", ""headline"": ""Explore renewable-energy firms"", ""offer"": ""Sector sample"", ""product"": ""Stock basket"", ""variant"": ""0""}",462,1.0.0,controlled generator label; text says simulated creative
financial_promotion-6d485a78c36a6abe,financial_promotion,financial_promotion,val,data/capstone_dataset/val/financial_promotion/financial_promotion-6d485a78c36a6abe.jpg,project_generated_financial_creatives_v1,,,e5635c7ddfc9fb3e7ff6332ba68152884b42eb45990e932a16e69e3cdd8d1a57,scripts/build_capstone_dataset.py#financial/alpha-growth/2,,alpha-growth:2,pil-financial-campaign::alpha-growth,campaign id; all three visual variants stay together,deterministic_source_group_partition,project-generated; release terms not declared,no third-party visual assets; team must choose distribution terms,,true,Deterministic PIL renderer in the dataset builder,Pillow drawing primitives; seed 462; generator v1,e5635c7ddfc9fb3e7ff6332ba68152884b42eb45990e932a16e69e3cdd8d1a57,6d485a78c36a6abef36a5bbd119055448a8f4c75db81130957394fe3abd774bd,ed4d8a938f4d68d04bfdb2abe48b6d96d40252c5acd5d73e70995ef0643e19b0,aeae91c12c7eccc8,image/jpeg,640,640,"{""brand"": ""ALPHA GROWTH FUND"", ""campaign_id"": ""alpha-growth"", ""headline"": ""Build a long-term portfolio"", ""offer"": ""+12.4% sample"", ""product"": ""Stocks + ETFs"", ""variant"": ""2""}",462,1.0.0,controlled generator label; text says simulated creative
financial_promotion-721f66577d3004c7,financial_promotion,financial_promotion,val,data/capstone_dataset/val/financial_promotion/financial_promotion-721f66577d3004c7.jpg,project_generated_financial_creatives_v1,,,e5635c7ddfc9fb3e7ff6332ba68152884b42eb45990e932a16e69e3cdd8d1a57,scripts/build_capstone_dataset.py#financial/bright-bond/1,,bright-bond:1,pil-financial-campaign::bright-bond,campaign id; all three visual variants stay together,deterministic_source_group_partition,project-generated; release terms not declared,no third-party visual assets; team must choose distribution terms,,true,Deterministic PIL renderer in the dataset builder,Pillow drawing primitives; seed 462; generator v1,e5635c7ddfc9fb3e7ff6332ba68152884b42eb45990e932a16e69e3cdd8d1a57,721f66577d3004c79ca6b45ea1cd0813ad3908af0f53b4770c98620f9e33544b,197b9777f10f405d992afa34f0ca7d86726d7dfc07e9e84d61b3c45f15ef5da4,aaba81412c7eccc9,image/jpeg,640,640,"{""brand"": ""BRIGHT BOND PLAN"", ""campaign_id"": ""bright-bond"", ""headline"": ""Steady income for tomorrow"", ""offer"": ""4.8% sample"", ""product"": ""Bond portfolio"", ""variant"": ""1""}",462,1.0.0,controlled generator label; text says simulated creative
financial_promotion-7313827309131a9e,financial_promotion,financial_promotion,val,data/capstone_dataset/val/financial_promotion/financial_promotion-7313827309131a9e.jpg,project_generated_financial_creatives_v1,,,e5635c7ddfc9fb3e7ff6332ba68152884b42eb45990e932a16e69e3cdd8d1a57,scripts/build_capstone_dataset.py#financial/solar-stocks/2,,solar-stocks:2,pil-financial-campaign::solar-stocks,campaign id; all three visual variants stay together,deterministic_source_group_partition,project-generated; release terms not declared,no third-party visual assets; team must choose distribution terms,,true,Deterministic PIL renderer in the dataset builder,Pillow drawing primitives; seed 462; generator v1,e5635c7ddfc9fb3e7ff6332ba68152884b42eb45990e932a16e69e3cdd8d1a57,7313827309131a9e7a41b9e120037726d2786f2df12d41a564e823400591106d,dc852349dfb442cfb622de6fd09da9ffa0072b62e5f701719f9ed309fc18a967,b2b285cc6c7cccc9,image/jpeg,640,640,"{""brand"": ""SOLAR STOCKS"", ""campaign_id"": ""solar-stocks"", ""headline"": ""Explore renewable-energy firms"", ""offer"": ""Sector sample"", ""product"": ""Stock basket"", ""variant"": ""2""}",462,1.0.0,controlled generator label; text says simulated creative
financial_promotion-807d113fe0cb05ce,financial_promotion,financial_promotion,val,data/capstone_dataset/val/financial_promotion/financial_promotion-807d113fe0cb05ce.jpg,project_generated_financial_creatives_v1,,,e5635c7ddfc9fb3e7ff6332ba68152884b42eb45990e932a16e69e3cdd8d1a57,scripts/build_capstone_dataset.py#financial/alpha-growth/0,,alpha-growth:0,pil-financial-campaign::alpha-growth,campaign id; all three visual variants stay together,deterministic_source_group_partition,project-generated; release terms not declared,no third-party visual assets; team must choose distribution terms,,true,Deterministic PIL renderer in the dataset builder,Pillow drawing primitives; seed 462; generator v1,e5635c7ddfc9fb3e7ff6332ba68152884b42eb45990e932a16e69e3cdd8d1a57,807d113fe0cb05ce2405fc57cd35ab676079ede557695ec0211ee903feb0166f,0654d38c6c53660882d067d47d64f1df793697c1b22035aeec3e9af9be6d0a68,a6be81c96c1cccc9,image/jpeg,640,640,"{""brand"": ""ALPHA GROWTH FUND"", ""campaign_id"": ""alpha-growth"", ""headline"": ""Build a long-term portfolio"", ""offer"": ""+12.4% sample"", ""product"": ""Stocks + ETFs"", ""variant"": ""0""}",462,1.0.0,controlled generator label; text says simulated creative
financial_promotion-8407be801a49117b,financial_promotion,financial_promotion,val,data/capstone_dataset/val/financial_promotion/financial_promotion-8407be801a49117b.jpg,project_generated_financial_creatives_v1,,,e5635c7ddfc9fb3e7ff6332ba68152884b42eb45990e932a16e69e3cdd8d1a57,scripts/build_capstone_dataset.py#financial/bright-bond/0,,bright-bond:0,pil-financial-campaign::bright-bond,campaign id; all three visual variants stay together,deterministic_source_group_partition,project-generated; release terms not declared,no third-party visual assets; team must choose distribution terms,,true,Deterministic PIL renderer in the dataset builder,Pillow drawing primitives; seed 462; generator v1,e5635c7ddfc9fb3e7ff6332ba68152884b42eb45990e932a16e69e3cdd8d1a57,8407be801a49117be585be9a4aafb89614eadb08179b688d995fe1afcd81984a,60b5d4f447bda7bf09e4877e264d3308910c556f131ca5f1c50e09a9a168da44,baba81c17c4ccccd,image/jpeg,640,640,"{""brand"": ""BRIGHT BOND PLAN"", ""campaign_id"": ""bright-bond"", ""headline"": ""Steady income for tomorrow"", ""offer"": ""4.8% sample"", ""product"": ""Bond portfolio"", ""variant"": ""0""}",462,1.0.0,controlled generator label; text says simulated creative
financial_promotion-8f64e1cb1779138a,financial_promotion,financial_promotion,val,data/capstone_dataset/val/financial_promotion/financial_promotion-8f64e1cb1779138a.jpg,project_generated_financial_creatives_v1,,,e5635c7ddfc9fb3e7ff6332ba68152884b42eb45990e932a16e69e3cdd8d1a57,scripts/build_capstone_dataset.py#financial/solar-stocks/1,,solar-stocks:1,pil-financial-campaign::solar-stocks,campaign id; all three visual variants stay together,deterministic_source_group_partition,project-generated; release terms not declared,no third-party visual assets; team must choose distribution terms,,true,Deterministic PIL renderer in the dataset builder,Pillow drawing primitives; seed 462; generator v1,e5635c7ddfc9fb3e7ff6332ba68152884b42eb45990e932a16e69e3cdd8d1a57,8f64e1cb1779138ad5e82acaf9edde30ee3e22d8bcdbda6cfa7279d5848858e9,793ef950a2c5753273435c78f789f4c1d4c3969eca3a9f7007dd607e5e7f7804,bcb285c87e4cccc1,image/jpeg,640,640,"{""brand"": ""SOLAR STOCKS"", ""campaign_id"": ""solar-stocks"", ""headline"": ""Explore renewable-energy firms"", ""offer"": ""Sector sample"", ""product"": ""Stock basket"", ""variant"": ""1""}",462,1.0.0,controlled generator label; text says simulated creative
financial_promotion-94f88c8dbf3e4930,financial_promotion,financial_promotion,val,data/capstone_dataset/val/financial_promotion/financial_promotion-94f88c8dbf3e4930.jpg,project_generated_financial_creatives_v1,,,e5635c7ddfc9fb3e7ff6332ba68152884b42eb45990e932a16e69e3cdd8d1a57,scripts/build_capstone_dataset.py#financial/bright-bond/2,,bright-bond:2,pil-financial-campaign::bright-bond,campaign id; all three visual variants stay together,deterministic_source_group_partition,project-generated; release terms not declared,no third-party visual assets; team must choose distribution terms,,true,Deterministic PIL renderer in the dataset builder,Pillow drawing primitives; seed 462; generator v1,e5635c7ddfc9fb3e7ff6332ba68152884b42eb45990e932a16e69e3cdd8d1a57,94f88c8dbf3e49304884be2c2ff9369fe44bbbcbefb2f2c6f8ad53a06d6dcc73,045cd29a40a1729b32861ed3c3ab5f40e837d1e7a339915a1c3ef673e876a3d2,baba81897c3cccc9,image/jpeg,640,640,"{""brand"": ""BRIGHT BOND PLAN"", ""campaign_id"": ""bright-bond"", ""headline"": ""Steady income for tomorrow"", ""offer"": ""4.8% sample"", ""product"": ""Bond portfolio"", ""variant"": ""2""}",462,1.0.0,controlled generator label; text says simulated creative
financial_promotion-97b2ab77a2e06ce2,financial_promotion,financial_promotion,val,data/capstone_dataset/val/financial_promotion/financial_promotion-97b2ab77a2e06ce2.jpg,project_generated_financial_creatives_v1,,,e5635c7ddfc9fb3e7ff6332ba68152884b42eb45990e932a16e69e3cdd8d1a57,scripts/build_capstone_dataset.py#financial/vector-venture/0,,vector-venture:0,pil-financial-campaign::vector-venture,campaign id; all three visual variants stay together,deterministic_source_group_partition,project-generated; release terms not declared,no third-party visual assets; team must choose distribution terms,,true,Deterministic PIL renderer in the dataset builder,Pillow drawing primitives; seed 462; generator v1,e5635c7ddfc9fb3e7ff6332ba68152884b42eb45990e932a16e69e3cdd8d1a57,97b2ab77a2e06ce27f0269d55d5fe1f77d210830e0ae5069ca1362c797e6471c,75cfd01e449ee38b8d931b71214061a2d6756305876f4638df9711ccbee30ecf,9abaa1c57c1eccc9,image/jpeg,640,640,"{""brand"": ""VECTOR VENTURE"", ""campaign_id"": ""vector-venture"", ""headline"": ""Back emerging businesses"", ""offer"": ""Accredited sample"", ""product"": ""Private markets"", ""variant"": ""0""}",462,1.0.0,controlled generator label; text says simulated creative
financial_promotion-ac151da207d3201f,financial_promotion,financial_promotion,val,data/capstone_dataset/val/financial_promotion/financial_promotion-ac151da207d3201f.jpg,project_generated_financial_creatives_v1,,,e5635c7ddfc9fb3e7ff6332ba68152884b42eb45990e932a16e69e3cdd8d1a57,scripts/build_capstone_dataset.py#financial/vector-venture/1,,vector-venture:1,pil-financial-campaign::vector-venture,campaign id; all three visual variants stay together,deterministic_source_group_partition,project-generated; release terms not declared,no third-party visual assets; team must choose distribution terms,,true,Deterministic PIL renderer in the dataset builder,Pillow drawing primitives; seed 462; generator v1,e5635c7ddfc9fb3e7ff6332ba68152884b42eb45990e932a16e69e3cdd8d1a57,ac151da207d3201ff65c68caacd510f08b6f8fb8fd84a9745259d13adb61a5d1,58e3bd87b0b30557d32671e2718016f2d166b6c615d1fa74b2fb9e119bc5ee7a,babaa1c52c3eccc9,image/jpeg,640,640,"{""brand"": ""VECTOR VENTURE"", ""campaign_id"": ""vector-venture"", ""headline"": ""Back emerging businesses"", ""offer"": ""Accredited sample"", ""product"": ""Private markets"", ""variant"": ""1""}",462,1.0.0,controlled generator label; text says simulated creative
financial_promotion-b6ba385d6221bbbc,financial_promotion,financial_promotion,val,data/capstone_dataset/val/financial_promotion/financial_promotion-b6ba385d6221bbbc.jpg,project_generated_financial_creatives_v1,,,e5635c7ddfc9fb3e7ff6332ba68152884b42eb45990e932a16e69e3cdd8d1a57,scripts/build_capstone_dataset.py#financial/vector-venture/2,,vector-venture:2,pil-financial-campaign::vector-venture,campaign id; all three visual variants stay together,deterministic_source_group_partition,project-generated; release terms not declared,no third-party visual assets; team must choose distribution terms,,true,Deterministic PIL renderer in the dataset builder,Pillow drawing primitives; seed 462; generator v1,e5635c7ddfc9fb3e7ff6332ba68152884b42eb45990e932a16e69e3cdd8d1a57,b6ba385d6221bbbc6bd36929b2144be0625a5b1e5b1a29817683d7833a8d9100,51cb4cb7612b11b53a30c8e655e8d65bc8d2dda61ecf6db90f8201332f89fa3a,aaba21c53c4eccc9,image/jpeg,640,640,"{""brand"": ""VECTOR VENTURE"", ""campaign_id"": ""vector-venture"", ""headline"": ""Back emerging businesses"", ""offer"": ""Accredited sample"", ""product"": ""Private markets"", ""variant"": ""2""}",462,1.0.0,controlled generator label; text says simulated creative
financial_promotion-c1af96186e6d9cd2,financial_promotion,financial_promotion,val,data/capstone_dataset/val/financial_promotion/financial_promotion-c1af96186e6d9cd2.jpg,project_generated_financial_creatives_v1,,,e5635c7ddfc9fb3e7ff6332ba68152884b42eb45990e932a16e69e3cdd8d1a57,scripts/build_capstone_dataset.py#financial/alpha-growth/1,,alpha-growth:1,pil-financial-campaign::alpha-growth,campaign id; all three visual variants stay together,deterministic_source_group_partition,project-generated; release terms not declared,no third-party visual assets; team must choose distribution terms,,true,Deterministic PIL renderer in the dataset builder,Pillow drawing primitives; seed 462; generator v1,e5635c7ddfc9fb3e7ff6332ba68152884b42eb45990e932a16e69e3cdd8d1a57,c1af96186e6d9cd2a2aea98777f53665b8fc473d06b97b8a075217e41ad390f4,55fc1d6018d324ba939b91312c69e7ef30e6f4afdf273d65a1b11b0a7f2d194d,aaae91412c3eccc1,image/jpeg,640,640,"{""brand"": ""ALPHA GROWTH FUND"", ""campaign_id"": ""alpha-growth"", ""headline"": ""Build a long-term portfolio"", ""offer"": ""+12.4% sample"", ""product"": ""Stocks + ETFs"", ""variant"": ""1""}",462,1.0.0,controlled generator label; text says simulated creative
safe-119c76908e512e1d,safe,Home,test,data/capstone_dataset/test/safe/safe-119c76908e512e1d.jpg,EthanGabis/ADautoGen-DS,https://huggingface.co/datasets/EthanGabis/ADautoGen-DS,https://huggingface.co/datasets/EthanGabis/ADautoGen-DS/tree/fa7a7803265fc97926d7fab694bfc1e05c1fc7b4,fa7a7803265fc97926d7fab694bfc1e05c1fc7b4,data/train-00000-of-00001.parquet#row=8,https://huggingface.co/datasets/EthanGabis/ADautoGen-DS/resolve/fa7a7803265fc97926d7fab694bfc1e05c1fc7b4/data/train-00000-of-00001.parquet,8,adautogen-product::pulse-scented-candle,exact product_name; repeated product campaigns stay together,deterministic_source_group_partition,MIT,repository README statement; generated images have no per-row license field,https://huggingface.co/datasets/EthanGabis/ADautoGen-DS/blob/fa7a7803265fc97926d7fab694bfc1e05c1fc7b4/README.md#license,true,Dataset README states images were generated with Stable Diffusion v1.5,Stable Diffusion v1.5 (declared by source README),94eb1dad55a1d4e734529eaa7d96c7be8db31fdc8d7c030946a6ddc84b28accd,119c76908e512e1dba3b41eafcdca4708dd38469ed777ff38519b09abe0fd983,d369c40f1ca08506bdb2e04a7c60a3857bd3576a97c9a18a0a7d54147bc87e18,212d7b3839363490,image/jpeg,512,512,"{""category"": ""Home"", ""product_name"": ""Pulse Scented Candle"", ""tagline"": ""Long-Lasting Scented Candle for young professionals"", ""target_audience"": ""young professionals"", ""text_source_model"": ""phi-2""}",462,1.0.0,source-derived label; no independent expert image audit
safe-5755b3a59783b620,safe,Fitness,test,data/capstone_dataset/test/safe/safe-5755b3a59783b620.jpg,EthanGabis/ADautoGen-DS,https://huggingface.co/datasets/EthanGabis/ADautoGen-DS,https://huggingface.co/datasets/EthanGabis/ADautoGen-DS/tree/fa7a7803265fc97926d7fab694bfc1e05c1fc7b4,fa7a7803265fc97926d7fab694bfc1e05c1fc7b4,data/train-00000-of-00001.parquet#row=53,https://huggingface.co/datasets/EthanGabis/ADautoGen-DS/resolve/fa7a7803265fc97926d7fab694bfc1e05c1fc7b4/data/train-00000-of-00001.parquet,53,adautogen-product::lumen-resistance-bands,exact product_name; repeated product campaigns stay together,deterministic_source_group_partition,MIT,repository README statement; generated images have no per-row license field,https://huggingface.co/datasets/EthanGabis/ADautoGen-DS/blob/fa7a7803265fc97926d7fab694bfc1e05c1fc7b4/README.md#license,true,Dataset README states images were generated with Stable Diffusion v1.5,Stable Diffusion v1.5 (declared by source README),94eb1dad55a1d4e734529eaa7d96c7be8db31fdc8d7c030946a6ddc84b28accd,5755b3a59783b620e4228bafac67eb7bf661f222eccc00f7eb2e09d700a1b91b,b94576d8c09e1ab41b758d79ae146bd2267443bddd8e012a566b1d4849253ddc,a5ade3a5a5b2b290,image/jpeg,512,512,"{""category"": ""Fitness"", ""product_name"": ""Lumen Resistance Bands"", ""tagline"": ""\""Unleash your inner warrior with the Lumen Resistance Bands! Our compact fitness"", ""target_audience"": ""busy parents"", ""text_source_model"": ""qwen-1.8b""}",462,1.0.0,source-derived label; no independent expert image audit
safe-58f1b7de4334e362,safe,Fitness,test,data/capstone_dataset/test/safe/safe-58f1b7de4334e362.jpg,EthanGabis/ADautoGen-DS,https://huggingface.co/datasets/EthanGabis/ADautoGen-DS,https://huggingface.co/datasets/EthanGabis/ADautoGen-DS/tree/fa7a7803265fc97926d7fab694bfc1e05c1fc7b4,fa7a7803265fc97926d7fab694bfc1e05c1fc7b4,data/train-00000-of-00001.parquet#row=55,https://huggingface.co/datasets/EthanGabis/ADautoGen-DS/resolve/fa7a7803265fc97926d7fab694bfc1e05c1fc7b4/data/train-00000-of-00001.parquet,55,adautogen-product::bloom-gym-gloves,exact product_name; repeated product campaigns stay together,deterministic_source_group_partition,MIT,repository README statement; generated images have no per-row license field,https://huggingface.co/datasets/EthanGabis/ADautoGen-DS/blob/fa7a7803265fc97926d7fab694bfc1e05c1fc7b4/README.md#license,true,Dataset README states images were generated with Stable Diffusion v1.5,Stable Diffusion v1.5 (declared by source README),94eb1dad55a1d4e734529eaa7d96c7be8db31fdc8d7c030946a6ddc84b28accd,58f1b7de4334e362c107586bfbce961859655670b8660bd908577f9a6278e4b9,298662e37ab8fe53490162b5976a980d75a214c57902a0d470b07b2ca7a95730,1761637431333327,image/jpeg,512,512,"{""category"": ""Fitness"", ""product_name"": ""Bloom Gym Gloves"", ""tagline"": ""\""Revolutionize Your Work Out with Bloom's Eco-Friendly Gym Gloves - Fit For the "", ""target_audience"": ""young professionals"", ""text_source_model"": ""qwen-1.8b""}",462,1.0.0,source-derived label; no independent expert image audit
safe-77c35d499df2417f,safe,Beauty,test,data/capstone_dataset/test/safe/safe-77c35d499df2417f.jpg,EthanGabis/ADautoGen-DS,https://huggingface.co/datasets/EthanGabis/ADautoGen-DS,https://huggingface.co/datasets/EthanGabis/ADautoGen-DS/tree/fa7a7803265fc97926d7fab694bfc1e05c1fc7b4,fa7a7803265fc97926d7fab694bfc1e05c1fc7b4,data/train-00000-of-00001.parquet#row=86,https://huggingface.co/datasets/EthanGabis/ADautoGen-DS/resolve/fa7a7803265fc97926d7fab694bfc1e05c1fc7b4/data/train-00000-of-00001.parquet,86,adautogen-product::aero-sunscreen-tube,exact product_name; repeated product campaigns stay together,deterministic_source_group_partition,MIT,repository README statement; generated images have no per-row license field,https://huggingface.co/datasets/EthanGabis/ADautoGen-DS/blob/fa7a7803265fc97926d7fab694bfc1e05c1fc7b4/README.md#license,true,Dataset README states images were generated with Stable Diffusion v1.5,Stable Diffusion v1.5 (declared by source README),94eb1dad55a1d4e734529eaa7d96c7be8db31fdc8d7c030946a6ddc84b28accd,77c35d499df2417f854d50a3b73f51e723c0ecb6bc8119ad3b1dc24bf7406370,e42090008fb512a15517055815e8b4e1732066c704e20858741fa6be4eec8915,08061636969e9674,image/jpeg,512,512,"{""category"": ""Beauty"", ""product_name"": ""Aero Sunscreen Tube"", ""tagline"": ""Premium. Built for busy parents."", ""target_audience"": ""busy parents"", ""text_source_model"": ""tinyllama""}",462,1.0.0,source-derived label; no independent expert image audit
safe-82d62760a6b2b4ba,safe,Beauty,test,data/capstone_dataset/test/safe/safe-82d62760a6b2b4ba.jpg,EthanGabis/ADautoGen-DS,https://huggingface.co/datasets/EthanGabis/ADautoGen-DS,https://huggingface.co/datasets/EthanGabis/ADautoGen-DS/tree/fa7a7803265fc97926d7fab694bfc1e05c1fc7b4,fa7a7803265fc97926d7fab694bfc1e05c1fc7b4,data/train-00000-of-00001.parquet#row=42,https://huggingface.co/datasets/EthanGabis/ADautoGen-DS/resolve/fa7a7803265fc97926d7fab694bfc1e05c1fc7b4/data/train-00000-of-00001.parquet,42,adautogen-product::aero-sunscreen-tube,exact product_name; repeated product campaigns stay together,deterministic_source_group_partition,MIT,repository README statement; generated images have no per-row license field,https://huggingface.co/datasets/EthanGabis/ADautoGen-DS/blob/fa7a7803265fc97926d7fab694bfc1e05c1fc7b4/README.md#license,true,Dataset README states images were generated with Stable Diffusion v1.5,Stable Diffusion v1.5 (declared by source README),94eb1dad55a1d4e734529eaa7d96c7be8db31fdc8d7c030946a6ddc84b28accd,82d62760a6b2b4ba2876f425aeda74746c9b7acb81e11ccd11acbfb571e7e227,6283b1b21627623d9b3e245dc8c55d6a82a75a28d7f7c334925042c02925c8fd,0f1f1f1b1f1b2727,image/jpeg,512,512,"{""category"": ""Beauty"", ""product_name"": ""Aero Sunscreen Tube"", ""tagline"": ""\""Sunscreen Powerhouse - Stay Protected All Day Long with Aero's Beauty Sunscreen"", ""target_audience"": ""young professionals"", ""text_source_model"": ""qwen-1.8b""}",462,1.0.0,source-derived label; no independent expert image audit
safe-84070467bb672e7d,safe,Fitness,test,data/capstone_dataset/test/safe/safe-84070467bb672e7d.jpg,EthanGabis/ADautoGen-DS,https://huggingface.co/datasets/EthanGabis/ADautoGen-DS,https://huggingface.co/datasets/EthanGabis/ADautoGen-DS/tree/fa7a7803265fc97926d7fab694bfc1e05c1fc7b4,fa7a7803265fc97926d7fab694bfc1e05c1fc7b4,data/train-00000-of-00001.parquet#row=10,https://huggingface.co/datasets/EthanGabis/ADautoGen-DS/resolve/fa7a7803265fc97926d7fab694bfc1e05c1fc7b4/data/train-00000-of-00001.parquet,10,adautogen-product::aero-gym-gloves,exact product_name; repeated product campaigns stay together,deterministic_source_group_partition,MIT,repository README statement; generated images have no per-row license field,https://huggingface.co/datasets/EthanGabis/ADautoGen-DS/blob/fa7a7803265fc97926d7fab694bfc1e05c1fc7b4/README.md#license,true,Dataset README states images were generated with Stable Diffusion v1.5,Stable Diffusion v1.5 (declared by source README),94eb1dad55a1d4e734529eaa7d96c7be8db31fdc8d7c030946a6ddc84b28accd,84070467bb672e7d739555bc7a4bfc40161a4cc98ae1904cd19a2843b5ac4b5d,fbbc25571f38cc98d7f57abe898aa5d582db57b55bb33234f9ba30575e9a4e06,174d299d96230b1f,image/jpeg,512,512,"{""category"": ""Fitness"", ""product_name"": ""Aero Gym Gloves"", ""tagline"": ""Lightweight Gym Gloves for fitness lovers"", ""target_audience"": ""fitness lovers"", ""text_source_model"": ""phi-2""}",462,1.0.0,source-derived label; no independent expert image audit
safe-b04555dd1d901aed,safe,Fitness,test,data/capstone_dataset/test/safe/safe-b04555dd1d901aed.jpg,EthanGabis/ADautoGen-DS,https://huggingface.co/datasets/EthanGabis/ADautoGen-DS,https://huggingface.co/datasets/EthanGabis/ADautoGen-DS/tree/fa7a7803265fc97926d7fab694bfc1e05c1fc7b4,fa7a7803265fc97926d7fab694bfc1e05c1fc7b4,data/train-00000-of-00001.parquet#row=6,https://huggingface.co/datasets/EthanGabis/ADautoGen-DS/resolve/fa7a7803265fc97926d7fab694bfc1e05c1fc7b4/data/train-00000-of-00001.parquet,6,adautogen-product::lumen-resistance-bands,exact product_name; repeated product campaigns stay together,deterministic_source_group_partition,MIT,repository README statement; generated images have no per-row license field,https://huggingface.co/datasets/EthanGabis/ADautoGen-DS/blob/fa7a7803265fc97926d7fab694bfc1e05c1fc7b4/README.md#license,true,Dataset README states images were generated with Stable Diffusion v1.5,Stable Diffusion v1.5 (declared by source README),94eb1dad55a1d4e734529eaa7d96c7be8db31fdc8d7c030946a6ddc84b28accd,b04555dd1d901aed3fcd8a5234be1ca8f6a4ff76fbd88a106d10b0d6e5040fb8,e0d446a6641f0568ab55fb3633c491015bb99bb5798a5bb24709ed1bb95dca0f,92929a8e9db4959d,image/jpeg,512,512,"{""category"": ""Fitness"", ""product_name"": ""Lumen Resistance Bands"", ""tagline"": ""Long-Lasting Resistance Bands for students"", ""target_audience"": ""students"", ""text_source_model"": ""phi-2""}",462,1.0.0,source-derived label; no independent expert image audit
safe-b236b48fcb65c3ee,safe,Fitness,test,data/capstone_dataset/test/safe/safe-b236b48fcb65c3ee.jpg,EthanGabis/ADautoGen-DS,https://huggingface.co/datasets/EthanGabis/ADautoGen-DS,https://huggingface.co/datasets/EthanGabis/ADautoGen-DS/tree/fa7a7803265fc97926d7fab694bfc1e05c1fc7b4,fa7a7803265fc97926d7fab694bfc1e05c1fc7b4,data/train-00000-of-00001.parquet#row=22,https://huggingface.co/datasets/EthanGabis/ADautoGen-DS/resolve/fa7a7803265fc97926d7fab694bfc1e05c1fc7b4/data/train-00000-of-00001.parquet,22,adautogen-product::aero-gym-gloves,exact product_name; repeated product campaigns stay together,deterministic_source_group_partition,MIT,repository README statement; generated images have no per-row license field,https://huggingface.co/datasets/EthanGabis/ADautoGen-DS/blob/fa7a7803265fc97926d7fab694bfc1e05c1fc7b4/README.md#license,true,Dataset README states images were generated with Stable Diffusion v1.5,Stable Diffusion v1.5 (declared by source README),94eb1dad55a1d4e734529eaa7d96c7be8db31fdc8d7c030946a6ddc84b28accd,b236b48fcb65c3eea1cae47109af1d7dc27866783eebbbfb3a3912f3d05c64fe,a930629a75070e0479b9fd09841812934afb56b79cd7d93bb2e284f80b8db10c,1938317832341c18,image/jpeg,512,512,"{""category"": ""Fitness"", ""product_name"": ""Aero Gym Gloves"", ""tagline"": ""Lightweight Gym Gloves for students"", ""target_audience"": ""students"", ""text_source_model"": ""phi-2""}",462,1.0.0,source-derived label; no independent expert image audit
safe-be076e2ff19f3cda,safe,Fitness,test,data/capstone_dataset/test/safe/safe-be076e2ff19f3cda.jpg,EthanGabis/ADautoGen-DS,https://huggingface.co/datasets/EthanGabis/ADautoGen-DS,https://huggingface.co/datasets/EthanGabis/ADautoGen-DS/tree/fa7a7803265fc97926d7fab694bfc1e05c1fc7b4,fa7a7803265fc97926d7fab694bfc1e05c1fc7b4,data/train-00000-of-00001.parquet#row=72,https://huggingface.co/datasets/EthanGabis/ADautoGen-DS/resolve/fa7a7803265fc97926d7fab694bfc1e05c1fc7b4/data/train-00000-of-00001.parquet,72,adautogen-product::bloom-gym-gloves,exact product_name; repeated product campaigns stay together,deterministic_source_group_partition,MIT,repository README statement; generated images have no per-row license field,https://huggingface.co/datasets/EthanGabis/ADautoGen-DS/blob/fa7a7803265fc97926d7fab694bfc1e05c1fc7b4/README.md#license,true,Dataset README states images were generated with Stable Diffusion v1.5,Stable Diffusion v1.5 (declared by source README),94eb1dad55a1d4e734529eaa7d96c7be8db31fdc8d7c030946a6ddc84b28accd,be076e2ff19f3cda73b21831621e5da52ca388e7d6e5dcd2d5f38b502776c9e7,f872193b6c511c905d53920315187c353ddcb9691a9c7a34cc685b42fe955a68,9767378649270401,image/jpeg,512,512,"{""category"": ""Fitness"", ""product_name"": ""Bloom Gym Gloves"", ""tagline"": ""\""Fit, Fabulous, & Frustrated? Bloom Gym Gloves are Here to Help! Get the Premium"", ""target_audience"": ""busy parents"", ""text_source_model"": ""qwen-1.8b""}",462,1.0.0,source-derived label; no independent expert image audit
safe-e0252763832e6ebc,safe,Home,test,data/capstone_dataset/test/safe/safe-e0252763832e6ebc.jpg,EthanGabis/ADautoGen-DS,https://huggingface.co/datasets/EthanGabis/ADautoGen-DS,https://huggingface.co/datasets/EthanGabis/ADautoGen-DS/tree/fa7a7803265fc97926d7fab694bfc1e05c1fc7b4,fa7a7803265fc97926d7fab694bfc1e05c1fc7b4,data/train-00000-of-00001.parquet#row=37,https://huggingface.co/datasets/EthanGabis/ADautoGen-DS/resolve/fa7a7803265fc97926d7fab694bfc1e05c1fc7b4/data/train-00000-of-00001.parquet,37,adautogen-product::pulse-scented-candle,exact product_name; repeated product campaigns stay together,deterministic_source_group_partition,MIT,repository README statement; generated images have no per-row license field,https://huggingface.co/datasets/EthanGabis/ADautoGen-DS/blob/fa7a7803265fc97926d7fab694bfc1e05c1fc7b4/README.md#license,true,Dataset README states images were generated with Stable Diffusion v1.5,Stable Diffusion v1.5 (declared by source README),94eb1dad55a1d4e734529eaa7d96c7be8db31fdc8d7c030946a6ddc84b28accd,e0252763832e6ebca5ea47a4fd5637e667174aa63bef9e2786f9e31cb5655f06,d822cc50ca895899af6bac9183c9de6be17fa123ebe7e0b8a7936884702fb727,0000290e4e4d334c,image/jpeg,512,512,"{""category"": ""Home"", ""product_name"": ""Pulse Scented Candle"", ""tagline"": ""Premium Scented Candle for students"", ""target_audience"": ""students"", ""text_source_model"": ""phi-2""}",462,1.0.0,source-derived label; no independent expert image audit
safe-f92b93e067f4fb84,safe,Beauty,test,data/capstone_dataset/test/safe/safe-f92b93e067f4fb84.jpg,EthanGabis/ADautoGen-DS,https://huggingface.co/datasets/EthanGabis/ADautoGen-DS,https://huggingface.co/datasets/EthanGabis/ADautoGen-DS/tree/fa7a7803265fc97926d7fab694bfc1e05c1fc7b4,fa7a7803265fc97926d7fab694bfc1e05c1fc7b4,data/train-00000-of-00001.parquet#row=52,https://huggingface.co/datasets/EthanGabis/ADautoGen-DS/resolve/fa7a7803265fc97926d7fab694bfc1e05c1fc7b4/data/train-00000-of-00001.parquet,52,adautogen-product::aero-sunscreen-tube,exact product_name; repeated product campaigns stay together,deterministic_source_group_partition,MIT,repository README statement; generated images have no per-row license field,https://huggingface.co/datasets/EthanGabis/ADautoGen-DS/blob/fa7a7803265fc97926d7fab694bfc1e05c1fc7b4/README.md#license,true,Dataset README states images were generated with Stable Diffusion v1.5,Stable Diffusion v1.5 (declared by source README),94eb1dad55a1d4e734529eaa7d96c7be8db31fdc8d7c030946a6ddc84b28accd,f92b93e067f4fb840c06d93c7fc4395a2640774ef5b0e5c467d0e94eb0c7ea55,a180fc973f073d2286d1e691643a720a864cfcae92a44aef624543323812a140,3b1b323231353133,image/jpeg,512,512,"{""category"": ""Beauty"", ""product_name"": ""Aero Sunscreen Tube"", ""tagline"": ""\""Sun protection like a tube of magic - with Aero's long-lasting sunscreen, you'l"", ""target_audience"": ""students"", ""text_source_model"": ""qwen-1.8b""}",462,1.0.0,source-derived label; no independent expert image audit
safe-f982e1f0491c781b,safe,Fitness,test,data/capstone_dataset/test/safe/safe-f982e1f0491c781b.jpg,EthanGabis/ADautoGen-DS,https://huggingface.co/datasets/EthanGabis/ADautoGen-DS,https://huggingface.co/datasets/EthanGabis/ADautoGen-DS/tree/fa7a7803265fc97926d7fab694bfc1e05c1fc7b4,fa7a7803265fc97926d7fab694bfc1e05c1fc7b4,data/train-00000-of-00001.parquet#row=15,https://huggingface.co/datasets/EthanGabis/ADautoGen-DS/resolve/fa7a7803265fc97926d7fab694bfc1e05c1fc7b4/data/train-00000-of-00001.parquet,15,adautogen-product::aero-resistance-bands,exact product_name; repeated product campaigns stay together,deterministic_source_group_partition,MIT,repository README statement; generated images have no per-row license field,https://huggingface.co/datasets/EthanGabis/ADautoGen-DS/blob/fa7a7803265fc97926d7fab694bfc1e05c1fc7b4/README.md#license,true,Dataset README states images were generated with Stable Diffusion v1.5,Stable Diffusion v1.5 (declared by source README),94eb1dad55a1d4e734529eaa7d96c7be8db31fdc8d7c030946a6ddc84b28accd,f982e1f0491c781b54663f6e515f96292ab7e98d80efeba584682f062d67c4c9,59b777dceba41f3f5f7b5fd0464f7b4d8568e62799a4c43e28210cd2b02691d2,0010356b334b6802,image/jpeg,512,512,"{""category"": ""Fitness"", ""product_name"": ""Aero Resistance Bands"", ""tagline"": ""Compact Resistance Bands for fitness lovers"", ""target_audience"": ""fitness lovers"", ""text_source_model"": ""phi-2""}",462,1.0.0,source-derived label; no independent expert image audit
firearms-08b5814b3661e772,firearms,pistol,test,data/capstone_dataset/test/firearms/firearms-08b5814b3661e772.jpg,rajshivanshuu/weapons_set1,https://huggingface.co/datasets/rajshivanshuu/weapons_set1,https://huggingface.co/datasets/rajshivanshuu/weapons_set1/tree/d4d9dbc8272958820a3f6757e4c48d8987300271,d4d9dbc8272958820a3f6757e4c48d8987300271,pistol/1849_jpg.rf.bc2b43f64716076867f06d1a0553bc65.jpg,https://huggingface.co/datasets/rajshivanshuu/weapons_set1/resolve/d4d9dbc8272958820a3f6757e4c48d8987300271/pistol/1849_jpg.rf.bc2b43f64716076867f06d1a0553bc65.jpg,1849,weapons-set1::pistol::1849,source class plus pre-Roboflow source basename,deterministic_source_group_partition,OSL-3.0,repository-level card metadata only; per-image provenance and rights are absent,https://huggingface.co/datasets/rajshivanshuu/weapons_set1/blob/d4d9dbc8272958820a3f6757e4c48d8987300271/README.md,false,Repository card does not declare synthesis; false is not an authenticity guarantee,,08b5814b3661e77257a0bed916af70448456a966f1652fd3f6f9a5113a3cf64d,08b5814b3661e77257a0bed916af70448456a966f1652fd3f6f9a5113a3cf64d,2e36d9086df38d2e999f36a81ff643970c1a4a941a6f82c4325035f321a85c85,2c8cfc6cec0e6e16,image/jpeg,640,640,"{""source_folder"": ""pistol""}",462,1.0.0,source-derived label; no independent expert image audit
firearms-18e12c64a67ffa81,firearms,rifile,test,data/capstone_dataset/test/firearms/firearms-18e12c64a67ffa81.jpg,rajshivanshuu/weapons_set1,https://huggingface.co/datasets/rajshivanshuu/weapons_set1,https://huggingface.co/datasets/rajshivanshuu/weapons_set1/tree/d4d9dbc8272958820a3f6757e4c48d8987300271,d4d9dbc8272958820a3f6757e4c48d8987300271,rifile/rifle1158_jpg.rf.fbb77c19bce8058fc191f30a58f4333c.jpg,https://huggingface.co/datasets/rajshivanshuu/weapons_set1/resolve/d4d9dbc8272958820a3f6757e4c48d8987300271/rifile/rifle1158_jpg.rf.fbb77c19bce8058fc191f30a58f4333c.jpg,rifle1158,weapons-set1::rifile::rifle1158,source class plus pre-Roboflow source basename,deterministic_source_group_partition,OSL-3.0,repository-level card metadata only; per-image provenance and rights are absent,https://huggingface.co/datasets/rajshivanshuu/weapons_set1/blob/d4d9dbc8272958820a3f6757e4c48d8987300271/README.md,false,Repository card does not declare synthesis; false is not an authenticity guarantee,,18e12c64a67ffa812222fb89825733377c1c49426694ca3054a7b8655a79fd7b,18e12c64a67ffa812222fb89825733377c1c49426694ca3054a7b8655a79fd7b,01ce6abfac977e3d4894a8d1106b6e144bf12fb06614cad8818cd768532173a4,bcfceeec0b6b4b1b,image/jpeg,416,416,"{""source_folder"": ""rifile""}",462,1.0.0,source-derived label; no independent expert image audit
firearms-244718735b55921b,firearms,pistol,test,data/capstone_dataset/test/firearms/firearms-244718735b55921b.jpg,rajshivanshuu/weapons_set1,https://huggingface.co/datasets/rajshivanshuu/weapons_set1,https://huggingface.co/datasets/rajshivanshuu/weapons_set1/tree/d4d9dbc8272958820a3f6757e4c48d8987300271,d4d9dbc8272958820a3f6757e4c48d8987300271,pistol/1326_jpg.rf.85d4aed4dfce1b9fb90328ccb9d26590.jpg,https://huggingface.co/datasets/rajshivanshuu/weapons_set1/resolve/d4d9dbc8272958820a3f6757e4c48d8987300271/pistol/1326_jpg.rf.85d4aed4dfce1b9fb90328ccb9d26590.jpg,1326,weapons-set1::pistol::1326,source class plus pre-Roboflow source basename,deterministic_source_group_partition,OSL-3.0,repository-level card metadata only; per-image provenance and rights are absent,https://huggingface.co/datasets/rajshivanshuu/weapons_set1/blob/d4d9dbc8272958820a3f6757e4c48d8987300271/README.md,false,Repository card does not declare synthesis; false is not an authenticity guarantee,,244718735b55921b3624de345e58e68de541d4990553e473063dbfeb4871f973,244718735b55921b3624de345e58e68de541d4990553e473063dbfeb4871f973,c6a7839ca2bfa73715be0ccfd5a55ceda5eb566b3861355adf952bfa4220de74,4a93878d9d92b8a0,image/jpeg,640,640,"{""source_folder"": ""pistol""}",462,1.0.0,source-derived label; no independent expert image audit
firearms-287f5a6280c0d71c,firearms,rifile,test,data/capstone_dataset/test/firearms/firearms-287f5a6280c0d71c.jpg,rajshivanshuu/weapons_set1,https://huggingface.co/datasets/rajshivanshuu/weapons_set1,https://huggingface.co/datasets/rajshivanshuu/weapons_set1/tree/d4d9dbc8272958820a3f6757e4c48d8987300271,d4d9dbc8272958820a3f6757e4c48d8987300271,rifile/Shotgun_73.png,https://huggingface.co/datasets/rajshivanshuu/weapons_set1/resolve/d4d9dbc8272958820a3f6757e4c48d8987300271/rifile/Shotgun_73.png,shotgun-73,weapons-set1::rifile::shotgun-73,source class plus pre-Roboflow source basename,deterministic_source_group_partition,OSL-3.0,repository-level card metadata only; per-image provenance and rights are absent,https://huggingface.co/datasets/rajshivanshuu/weapons_set1/blob/d4d9dbc8272958820a3f6757e4c48d8987300271/README.md,false,Repository card does not declare synthesis; false is not an authenticity guarantee,,287f5a6280c0d71cff6da1c76931d2516e764f79c711cc19e32a6e5de34b4fa6,287f5a6280c0d71cff6da1c76931d2516e764f79c711cc19e32a6e5de34b4fa6,8a62d60b81efa644fe8cff9e20b9bb2f62cad63d1baa1a39674ed2ceb8509785,0440050f3b604000,image/jpeg,768,209,"{""source_folder"": ""rifile""}",462,1.0.0,source-derived label; no independent expert image audit
firearms-633846f757b63476,firearms,rifile,test,data/capstone_dataset/test/firearms/firearms-633846f757b63476.jpg,rajshivanshuu/weapons_set1,https://huggingface.co/datasets/rajshivanshuu/weapons_set1,https://huggingface.co/datasets/rajshivanshuu/weapons_set1/tree/d4d9dbc8272958820a3f6757e4c48d8987300271,d4d9dbc8272958820a3f6757e4c48d8987300271,rifile/Shotgun_65.jpeg,https://huggingface.co/datasets/rajshivanshuu/weapons_set1/resolve/d4d9dbc8272958820a3f6757e4c48d8987300271/rifile/Shotgun_65.jpeg,shotgun-65,weapons-set1::rifile::shotgun-65,source class plus pre-Roboflow source basename,deterministic_source_group_partition,OSL-3.0,repository-level card metadata only; per-image provenance and rights are absent,https://huggingface.co/datasets/rajshivanshuu/weapons_set1/blob/d4d9dbc8272958820a3f6757e4c48d8987300271/README.md,false,Repository card does not declare synthesis; false is not an authenticity guarantee,,633846f757b634766416f062ebf63babe2547d516c0f0835f2f31c950b93dd01,633846f757b634766416f062ebf63babe2547d516c0f0835f2f31c950b93dd01,e6da8ba14513e9862d9d0f3eb82c8168053214092007662966bbac79f4d28c90,13ae98f164c8a020,image/jpeg,355,355,"{""source_folder"": ""rifile""}",462,1.0.0,source-derived label; no independent expert image audit
firearms-6674b9cb87143b33,firearms,pistol,test,data/capstone_dataset/test/firearms/firearms-6674b9cb87143b33.jpg,rajshivanshuu/weapons_set1,https://huggingface.co/datasets/rajshivanshuu/weapons_set1,https://huggingface.co/datasets/rajshivanshuu/weapons_set1/tree/d4d9dbc8272958820a3f6757e4c48d8987300271,d4d9dbc8272958820a3f6757e4c48d8987300271,pistol/1765_jpg.rf.44a5dd2ede290257d863c024ca7b63b7.jpg,https://huggingface.co/datasets/rajshivanshuu/weapons_set1/resolve/d4d9dbc8272958820a3f6757e4c48d8987300271/pistol/1765_jpg.rf.44a5dd2ede290257d863c024ca7b63b7.jpg,1765,weapons-set1::pistol::1765,source class plus pre-Roboflow source basename,deterministic_source_group_partition,OSL-3.0,repository-level card metadata only; per-image provenance and rights are absent,https://huggingface.co/datasets/rajshivanshuu/weapons_set1/blob/d4d9dbc8272958820a3f6757e4c48d8987300271/README.md,false,Repository card does not declare synthesis; false is not an authenticity guarantee,,6674b9cb87143b3395829225d2b2d4dd1b2b6f4b18b0811aac2008fb4ad1724a,6674b9cb87143b3395829225d2b2d4dd1b2b6f4b18b0811aac2008fb4ad1724a,11850e8c2133f9e8a73632aba605e821a8c2d8c644254c500d8f83ebc9ccbfe2,30c9fc3cbe362616,image/jpeg,640,640,"{""source_folder"": ""pistol""}",462,1.0.0,source-derived label; no independent expert image audit
firearms-7de3fce8f960ba47,firearms,pistol,test,data/capstone_dataset/test/firearms/firearms-7de3fce8f960ba47.jpg,rajshivanshuu/weapons_set1,https://huggingface.co/datasets/rajshivanshuu/weapons_set1,https://huggingface.co/datasets/rajshivanshuu/weapons_set1/tree/d4d9dbc8272958820a3f6757e4c48d8987300271,d4d9dbc8272958820a3f6757e4c48d8987300271,pistol/1315_jpg.rf.44e7c1b2c5a54ad4bb2ccdcfbaf81181.jpg,https://huggingface.co/datasets/rajshivanshuu/weapons_set1/resolve/d4d9dbc8272958820a3f6757e4c48d8987300271/pistol/1315_jpg.rf.44e7c1b2c5a54ad4bb2ccdcfbaf81181.jpg,1315,weapons-set1::pistol::1315,source class plus pre-Roboflow source basename,deterministic_source_group_partition,OSL-3.0,repository-level card metadata only; per-image provenance and rights are absent,https://huggingface.co/datasets/rajshivanshuu/weapons_set1/blob/d4d9dbc8272958820a3f6757e4c48d8987300271/README.md,false,Repository card does not declare synthesis; false is not an authenticity guarantee,,7de3fce8f960ba470d9ed550ca5098616a431668f7773e2a1efbf1525b8ec2a3,7de3fce8f960ba470d9ed550ca5098616a431668f7773e2a1efbf1525b8ec2a3,83c314550265f76b2b51e8f50c68e472c942d65f9de78eb00cfa634ee054965b,5c9abc2cbe961616,image/jpeg,640,640,"{""source_folder"": ""pistol""}",462,1.0.0,source-derived label; no independent expert image audit
firearms-7f9900b1c739f70b,firearms,pistol,test,data/capstone_dataset/test/firearms/firearms-7f9900b1c739f70b.jpg,rajshivanshuu/weapons_set1,https://huggingface.co/datasets/rajshivanshuu/weapons_set1,https://huggingface.co/datasets/rajshivanshuu/weapons_set1/tree/d4d9dbc8272958820a3f6757e4c48d8987300271,d4d9dbc8272958820a3f6757e4c48d8987300271,pistol/1715_jpg.rf.7de3f5fd3852aa8d29ae51759420258c.jpg,https://huggingface.co/datasets/rajshivanshuu/weapons_set1/resolve/d4d9dbc8272958820a3f6757e4c48d8987300271/pistol/1715_jpg.rf.7de3f5fd3852aa8d29ae51759420258c.jpg,1715,weapons-set1::pistol::1715,source class plus pre-Roboflow source basename,deterministic_source_group_partition,OSL-3.0,repository-level card metadata only; per-image provenance and rights are absent,https://huggingface.co/datasets/rajshivanshuu/weapons_set1/blob/d4d9dbc8272958820a3f6757e4c48d8987300271/README.md,false,Repository card does not declare synthesis; false is not an authenticity guarantee,,7f9900b1c739f70b2086c268460e8ab6ff019574de43dd6bad53fb52d4233098,7f9900b1c739f70b2086c268460e8ab6ff019574de43dd6bad53fb52d4233098,d106ab584f971dd653d9a85660399218f3640cfed507fa3d2dddc9c4722bbefc,d38080c8c0858a92,image/jpeg,640,640,"{""source_folder"": ""pistol""}",462,1.0.0,source-derived label; no independent expert image audit
firearms-91a79fd324d9914b,firearms,pistol,test,data/capstone_dataset/test/firearms/firearms-91a79fd324d9914b.jpg,rajshivanshuu/weapons_set1,https://huggingface.co/datasets/rajshivanshuu/weapons_set1,https://huggingface.co/datasets/rajshivanshuu/weapons_set1/tree/d4d9dbc8272958820a3f6757e4c48d8987300271,d4d9dbc8272958820a3f6757e4c48d8987300271,pistol/1467_jpg.rf.db26430974f1afd048eb743d09ba2562.jpg,https://huggingface.co/datasets/rajshivanshuu/weapons_set1/resolve/d4d9dbc8272958820a3f6757e4c48d8987300271/pistol/1467_jpg.rf.db26430974f1afd048eb743d09ba2562.jpg,1467,weapons-set1::pistol::1467,source class plus pre-Roboflow source basename,deterministic_source_group_partition,OSL-3.0,repository-level card metadata only; per-image provenance and rights are absent,https://huggingface.co/datasets/rajshivanshuu/weapons_set1/blob/d4d9dbc8272958820a3f6757e4c48d8987300271/README.md,false,Repository card does not declare synthesis; false is not an authenticity guarantee,,91a79fd324d9914b81020bb656ec28a03b66441d253c25974ec1778abf6db362,91a79fd324d9914b81020bb656ec28a03b66441d253c25974ec1778abf6db362,a4d4264f66a62b99db7b26b2a752f6103acf638511406d26cdb4f220999bc0d4,838ac0c0c4889092,image/jpeg,640,640,"{""source_folder"": ""pistol""}",462,1.0.0,source-derived label; no independent expert image audit
firearms-ba1e1c4aee478c8f,firearms,pistol,test,data/capstone_dataset/test/firearms/firearms-ba1e1c4aee478c8f.jpg,rajshivanshuu/weapons_set1,https://huggingface.co/datasets/rajshivanshuu/weapons_set1,https://huggingface.co/datasets/rajshivanshuu/weapons_set1/tree/d4d9dbc8272958820a3f6757e4c48d8987300271,d4d9dbc8272958820a3f6757e4c48d8987300271,pistol/pistol842_jpg.rf.fa65cc9762692b1fc10fdf749b479484.jpg,https://huggingface.co/datasets/rajshivanshuu/weapons_set1/resolve/d4d9dbc8272958820a3f6757e4c48d8987300271/pistol/pistol842_jpg.rf.fa65cc9762692b1fc10fdf749b479484.jpg,pistol842,weapons-set1::pistol::pistol842,source class plus pre-Roboflow source basename,deterministic_source_group_partition,OSL-3.0,repository-level card metadata only; per-image provenance and rights are absent,https://huggingface.co/datasets/rajshivanshuu/weapons_set1/blob/d4d9dbc8272958820a3f6757e4c48d8987300271/README.md,false,Repository card does not declare synthesis; false is not an authenticity guarantee,,ba1e1c4aee478c8f5f48abec3cf1578810d7009087c3293ca89e695e4f3052b9,ba1e1c4aee478c8f5f48abec3cf1578810d7009087c3293ca89e695e4f3052b9,dd3b5b451f17929acda301fad96ba4ddc115c7c0c5cd26b6109efec2651d212d,cef4fc3cbc061604,image/jpeg,416,416,"{""source_folder"": ""pistol""}",462,1.0.0,source-derived label; no independent expert image audit
firearms-dac98f5079b39393,firearms,pistol,test,data/capstone_dataset/test/firearms/firearms-dac98f5079b39393.jpg,rajshivanshuu/weapons_set1,https://huggingface.co/datasets/rajshivanshuu/weapons_set1,https://huggingface.co/datasets/rajshivanshuu/weapons_set1/tree/d4d9dbc8272958820a3f6757e4c48d8987300271,d4d9dbc8272958820a3f6757e4c48d8987300271,pistol/1866_jpg.rf.cf817227462faa6c010bc86c2d6a7f99.jpg,https://huggingface.co/datasets/rajshivanshuu/weapons_set1/resolve/d4d9dbc8272958820a3f6757e4c48d8987300271/pistol/1866_jpg.rf.cf817227462faa6c010bc86c2d6a7f99.jpg,1866,weapons-set1::pistol::1866,source class plus pre-Roboflow source basename,deterministic_source_group_partition,OSL-3.0,repository-level card metadata only; per-image provenance and rights are absent,https://huggingface.co/datasets/rajshivanshuu/weapons_set1/blob/d4d9dbc8272958820a3f6757e4c48d8987300271/README.md,false,Repository card does not declare synthesis; false is not an authenticity guarantee,,dac98f5079b3939351f98efba18090a46a8462ee410b1e78317c68a60d48d71d,dac98f5079b3939351f98efba18090a46a8462ee410b1e78317c68a60d48d71d,d0ba207f4c123489ddecc7c379ea9deae5a7cfea29e15ceec1c7ba379e73eb88,39f87c3c7e1a0a0b,image/jpeg,640,640,"{""source_folder"": ""pistol""}",462,1.0.0,source-derived label; no independent expert image audit
firearms-e967e254c2864838,firearms,pistol,test,data/capstone_dataset/test/firearms/firearms-e967e254c2864838.jpg,rajshivanshuu/weapons_set1,https://huggingface.co/datasets/rajshivanshuu/weapons_set1,https://huggingface.co/datasets/rajshivanshuu/weapons_set1/tree/d4d9dbc8272958820a3f6757e4c48d8987300271,d4d9dbc8272958820a3f6757e4c48d8987300271,pistol/1415_jpg.rf.710099d146755c0b69808f5b5d43e209.jpg,https://huggingface.co/datasets/rajshivanshuu/weapons_set1/resolve/d4d9dbc8272958820a3f6757e4c48d8987300271/pistol/1415_jpg.rf.710099d146755c0b69808f5b5d43e209.jpg,1415,weapons-set1::pistol::1415,source class plus pre-Roboflow source basename,deterministic_source_group_partition,OSL-3.0,repository-level card metadata only; per-image provenance and rights are absent,https://huggingface.co/datasets/rajshivanshuu/weapons_set1/blob/d4d9dbc8272958820a3f6757e4c48d8987300271/README.md,false,Repository card does not declare synthesis; false is not an authenticity guarantee,,e967e254c2864838aadeb87f833d8f1da9240b4431c5daa21a2c9f11efdd26ea,e967e254c2864838aadeb87f833d8f1da9240b4431c5daa21a2c9f11efdd26ea,94316da53e58e9ecc1200b3f12da2578e0310c4d8a6a35565d1b289ce4f04e36,cc8682c88a809010,image/jpeg,640,640,"{""source_folder"": ""pistol""}",462,1.0.0,source-derived label; no independent expert image audit
explosives-1b9c91ada92d0f82,explosives,grenade,test,data/capstone_dataset/test/explosives/explosives-1b9c91ada92d0f82.jpg,rajshivanshuu/weapons_set1,https://huggingface.co/datasets/rajshivanshuu/weapons_set1,https://huggingface.co/datasets/rajshivanshuu/weapons_set1/tree/d4d9dbc8272958820a3f6757e4c48d8987300271,d4d9dbc8272958820a3f6757e4c48d8987300271,grenade/grenade1346_jpg.rf.154932d059f9228da64544b84fc03d69.jpg,https://huggingface.co/datasets/rajshivanshuu/weapons_set1/resolve/d4d9dbc8272958820a3f6757e4c48d8987300271/grenade/grenade1346_jpg.rf.154932d059f9228da64544b84fc03d69.jpg,grenade1346,weapons-set1::grenade::grenade1346,source class plus pre-Roboflow source basename,deterministic_source_group_partition,OSL-3.0,repository-level card metadata only; per-image provenance and rights are absent,https://huggingface.co/datasets/rajshivanshuu/weapons_set1/blob/d4d9dbc8272958820a3f6757e4c48d8987300271/README.md,false,Repository card does not declare synthesis; false is not an authenticity guarantee,,1b9c91ada92d0f82e48df852354424e88a915a2b9c95d59a92aca168f100e9d5,1b9c91ada92d0f82e48df852354424e88a915a2b9c95d59a92aca168f100e9d5,2006d270c346da84eb021b1bcbb73d58f6dc719783a3c76e416be710ff5dae87,10b2f0f8dcdcf871,image/jpeg,416,416,"{""source_folder"": ""grenade""}",462,1.0.0,source-derived label; no independent expert image audit
explosives-265b5e8a4b5d9624,explosives,grenade,test,data/capstone_dataset/test/explosives/explosives-265b5e8a4b5d9624.jpg,rajshivanshuu/weapons_set1,https://huggingface.co/datasets/rajshivanshuu/weapons_set1,https://huggingface.co/datasets/rajshivanshuu/weapons_set1/tree/d4d9dbc8272958820a3f6757e4c48d8987300271,d4d9dbc8272958820a3f6757e4c48d8987300271,grenade/grenade1375_jpg.rf.8951e647cd5feb9f95b262f0325465c9.jpg,https://huggingface.co/datasets/rajshivanshuu/weapons_set1/resolve/d4d9dbc8272958820a3f6757e4c48d8987300271/grenade/grenade1375_jpg.rf.8951e647cd5feb9f95b262f0325465c9.jpg,grenade1375,weapons-set1::grenade::grenade1375,source class plus pre-Roboflow source basename,deterministic_source_group_partition,OSL-3.0,repository-level card metadata only; per-image provenance and rights are absent,https://huggingface.co/datasets/rajshivanshuu/weapons_set1/blob/d4d9dbc8272958820a3f6757e4c48d8987300271/README.md,false,Repository card does not declare synthesis; false is not an authenticity guarantee,,265b5e8a4b5d96240d7d3edbc3d1f97e8133f8176cb53416fe6b260383793df5,265b5e8a4b5d96240d7d3edbc3d1f97e8133f8176cb53416fe6b260383793df5,df91214dcb37aecb1dec59feca379816284d694d034b8cf3fefb7f5df2ea3ab1,b897410e0b0e165b,image/jpeg,416,416,"{""source_folder"": ""grenade""}",462,1.0.0,source-derived label; no independent expert image audit
explosives-283ba2c247231d8d,explosives,grenade,test,data/capstone_dataset/test/explosives/explosives-283ba2c247231d8d.jpg,rajshivanshuu/weapons_set1,https://huggingface.co/datasets/rajshivanshuu/weapons_set1,https://huggingface.co/datasets/rajshivanshuu/weapons_set1/tree/d4d9dbc8272958820a3f6757e4c48d8987300271,d4d9dbc8272958820a3f6757e4c48d8987300271,grenade/grenade1323_jpg.rf.cca07fb21dc488d49dd350850313a9a8.jpg,https://huggingface.co/datasets/rajshivanshuu/weapons_set1/resolve/d4d9dbc8272958820a3f6757e4c48d8987300271/grenade/grenade1323_jpg.rf.cca07fb21dc488d49dd350850313a9a8.jpg,grenade1323,weapons-set1::grenade::grenade1323,source class plus pre-Roboflow source basename,deterministic_source_group_partition,OSL-3.0,repository-level card metadata only; per-image provenance and rights are absent,https://huggingface.co/datasets/rajshivanshuu/weapons_set1/blob/d4d9dbc8272958820a3f6757e4c48d8987300271/README.md,false,Repository card does not declare synthesis; false is not an authenticity guarantee,,283ba2c247231d8dd9fb4c180bc355f17f26b549304a927cfc842ed3b0f3963a,283ba2c247231d8dd9fb4c180bc355f17f26b549304a927cfc842ed3b0f3963a,45e0dcbdd017b9bd876de0c4267e7f5bee552e03c78d119feff5bbb4d389b530,00e0d098d0c16080,image/jpeg,416,416,"{""source_folder"": ""grenade""}",462,1.0.0,source-derived label; no independent expert image audit
explosives-2d8c8a059ed270e4,explosives,grenade,test,data/capstone_dataset/test/explosives/explosives-2d8c8a059ed270e4.jpg,rajshivanshuu/weapons_set1,https://huggingface.co/datasets/rajshivanshuu/weapons_set1,https://huggingface.co/datasets/rajshivanshuu/weapons_set1/tree/d4d9dbc8272958820a3f6757e4c48d8987300271,d4d9dbc8272958820a3f6757e4c48d8987300271,grenade/grenade1352_jpg.rf.60ec723b1805cb23ba1cf82ae2c244db.jpg,https://huggingface.co/datasets/rajshivanshuu/weapons_set1/resolve/d4d9dbc8272958820a3f6757e4c48d8987300271/grenade/grenade1352_jpg.rf.60ec723b1805cb23ba1cf82ae2c244db.jpg,grenade1352,weapons-set1::grenade::grenade1352,source class plus pre-Roboflow source basename,deterministic_source_group_partition,OSL-3.0,repository-level card metadata only; per-image provenance and rights are absent,https://huggingface.co/datasets/rajshivanshuu/weapons_set1/blob/d4d9dbc8272958820a3f6757e4c48d8987300271/README.md,false,Repository card does not declare synthesis; false is not an authenticity guarantee,,2d8c8a059ed270e495b91da2e822b4afa58ab654f826b5f2cbf148f6236cf321,2d8c8a059ed270e495b91da2e822b4afa58ab654f826b5f2cbf148f6236cf321,67e1c0d1bb7edeff359b1071a89aafa854b742fda0cf89d1c53033b71398d5d0,4cbf0f3d4b0b4f42,image/jpeg,416,416,"{""source_folder"": ""grenade""}",462,1.0.0,source-derived label; no independent expert image audit
explosives-336be7aca151f967,explosives,grenade,test,data/capstone_dataset/test/explosives/explosives-336be7aca151f967.jpg,rajshivanshuu/weapons_set1,https://huggingface.co/datasets/rajshivanshuu/weapons_set1,https://huggingface.co/datasets/rajshivanshuu/weapons_set1/tree/d4d9dbc8272958820a3f6757e4c48d8987300271,d4d9dbc8272958820a3f6757e4c48d8987300271,grenade/grenade1304_jpg.rf.53a54b7b7d1001ab24948f818df407fc.jpg,https://huggingface.co/datasets/rajshivanshuu/weapons_set1/resolve/d4d9dbc8272958820a3f6757e4c48d8987300271/grenade/grenade1304_jpg.rf.53a54b7b7d1001ab24948f818df407fc.jpg,grenade1304,weapons-set1::grenade::grenade1304,source class plus pre-Roboflow source basename,deterministic_source_group_partition,OSL-3.0,repository-level card metadata only; per-image provenance and rights are absent,https://huggingface.co/datasets/rajshivanshuu/weapons_set1/blob/d4d9dbc8272958820a3f6757e4c48d8987300271/README.md,false,Repository card does not declare synthesis; false is not an authenticity guarantee,,336be7aca151f967455f778c4b05240cd80aadacba3faf6f24b60817c60813a7,336be7aca151f967455f778c4b05240cd80aadacba3faf6f24b60817c60813a7,e0480f691a00d038a5e3d2e1bbf2f84282ffc1e4f12acf7cf88dff24b4d18dfe,073b616161603316,image/jpeg,416,416,"{""source_folder"": ""grenade""}",462,1.0.0,source-derived label; no independent expert image audit
explosives-4fb88006ec43ae52,explosives,grenade,test,data/capstone_dataset/test/explosives/explosives-4fb88006ec43ae52.jpg,rajshivanshuu/weapons_set1,https://huggingface.co/datasets/rajshivanshuu/weapons_set1,https://huggingface.co/datasets/rajshivanshuu/weapons_set1/tree/d4d9dbc8272958820a3f6757e4c48d8987300271,d4d9dbc8272958820a3f6757e4c48d8987300271,grenade/grenade1298_jpg.rf.03cd9066cec8b2c03041140846a85e08.jpg,https://huggingface.co/datasets/rajshivanshuu/weapons_set1/resolve/d4d9dbc8272958820a3f6757e4c48d8987300271/grenade/grenade1298_jpg.rf.03cd9066cec8b2c03041140846a85e08.jpg,grenade1298,weapons-set1::grenade::grenade1298,source class plus pre-Roboflow source basename,deterministic_source_group_partition,OSL-3.0,repository-level card metadata only; per-image provenance and rights are absent,https://huggingface.co/datasets/rajshivanshuu/weapons_set1/blob/d4d9dbc8272958820a3f6757e4c48d8987300271/README.md,false,Repository card does not declare synthesis; false is not an authenticity guarantee,,4fb88006ec43ae52ee552abf8c8375bc6ea9c2c3423d9e317327359d4e228343,4fb88006ec43ae52ee552abf8c8375bc6ea9c2c3423d9e317327359d4e228343,21cf16d0c4955e8e0895fce5870ec90151e1b5b61f2f72618b1f0560a99f5a65,3e3ea6f7d2ebead3,image/jpeg,416,416,"{""source_folder"": ""grenade""}",462,1.0.0,source-derived label; no independent expert image audit
explosives-6a369253a6acf64e,explosives,grenade,test,data/capstone_dataset/test/explosives/explosives-6a369253a6acf64e.jpg,rajshivanshuu/weapons_set1,https://huggingface.co/datasets/rajshivanshuu/weapons_set1,https://huggingface.co/datasets/rajshivanshuu/weapons_set1/tree/d4d9dbc8272958820a3f6757e4c48d8987300271,d4d9dbc8272958820a3f6757e4c48d8987300271,grenade/grenade1297_jpg.rf.3105aeb467b4119cbc714a757ce726c1.jpg,https://huggingface.co/datasets/rajshivanshuu/weapons_set1/resolve/d4d9dbc8272958820a3f6757e4c48d8987300271/grenade/grenade1297_jpg.rf.3105aeb467b4119cbc714a757ce726c1.jpg,grenade1297,weapons-set1::grenade::grenade1297,source class plus pre-Roboflow source basename,deterministic_source_group_partition,OSL-3.0,repository-level card metadata only; per-image provenance and rights are absent,https://huggingface.co/datasets/rajshivanshuu/weapons_set1/blob/d4d9dbc8272958820a3f6757e4c48d8987300271/README.md,false,Repository card does not declare synthesis; false is not an authenticity guarantee,,6a369253a6acf64e0ec1827529039f7ed43521c180c721b84e16314a89e3cbf3,6a369253a6acf64e0ec1827529039f7ed43521c180c721b84e16314a89e3cbf3,b4d0a7f358b9b1dd5ea6ec6a699239718d5364e531e51bc34efa25389c97ac65,a7f3695c7cfcd8fb,image/jpeg,416,416,"{""source_folder"": ""grenade""}",462,1.0.0,source-derived label; no independent expert image audit
explosives-76fff3797dcd45ea,explosives,grenade,test,data/capstone_dataset/test/explosives/explosives-76fff3797dcd45ea.jpg,rajshivanshuu/weapons_set1,https://huggingface.co/datasets/rajshivanshuu/weapons_set1,https://huggingface.co/datasets/rajshivanshuu/weapons_set1/tree/d4d9dbc8272958820a3f6757e4c48d8987300271,d4d9dbc8272958820a3f6757e4c48d8987300271,grenade/grenade1341_jpg.rf.ea75b0a2621b8989f0d98238a3776bd5.jpg,https://huggingface.co/datasets/rajshivanshuu/weapons_set1/resolve/d4d9dbc8272958820a3f6757e4c48d8987300271/grenade/grenade1341_jpg.rf.ea75b0a2621b8989f0d98238a3776bd5.jpg,grenade1341,weapons-set1::grenade::grenade1341,source class plus pre-Roboflow source basename,deterministic_source_group_partition,OSL-3.0,repository-level card metadata only; per-image provenance and rights are absent,https://huggingface.co/datasets/rajshivanshuu/weapons_set1/blob/d4d9dbc8272958820a3f6757e4c48d8987300271/README.md,false,Repository card does not declare synthesis; false is not an authenticity guarantee,,76fff3797dcd45eadccb4e76aeec0c06ee5fd65ad844245181afb8588e0cdc13,76fff3797dcd45eadccb4e76aeec0c06ee5fd65ad844245181afb8588e0cdc13,97568f1141f69c4e4352ae6b766728b370b5e4d5b98bf6a2b82e9316b5ea753e,b2b071717170b070,image/jpeg,416,416,"{""source_folder"": ""grenade""}",462,1.0.0,source-derived label; no independent expert image audit
explosives-808678dfe3e2b9d6,explosives,grenade,test,data/capstone_dataset/test/explosives/explosives-808678dfe3e2b9d6.jpg,rajshivanshuu/weapons_set1,https://huggingface.co/datasets/rajshivanshuu/weapons_set1,https://huggingface.co/datasets/rajshivanshuu/weapons_set1/tree/d4d9dbc8272958820a3f6757e4c48d8987300271,d4d9dbc8272958820a3f6757e4c48d8987300271,grenade/grenade1388_jpg.rf.27c18aeb3b5261097ea4bb83163c4d6b.jpg,https://huggingface.co/datasets/rajshivanshuu/weapons_set1/resolve/d4d9dbc8272958820a3f6757e4c48d8987300271/grenade/grenade1388_jpg.rf.27c18aeb3b5261097ea4bb83163c4d6b.jpg,grenade1388,weapons-set1::grenade::grenade1388,source class plus pre-Roboflow source basename,deterministic_source_group_partition,OSL-3.0,repository-level card metadata only; per-image provenance and rights are absent,https://huggingface.co/datasets/rajshivanshuu/weapons_set1/blob/d4d9dbc8272958820a3f6757e4c48d8987300271/README.md,false,Repository card does not declare synthesis; false is not an authenticity guarantee,,808678dfe3e2b9d68bfbea6897e58250823f9661c4eeece8b52c3f380937fcb0,808678dfe3e2b9d68bfbea6897e58250823f9661c4eeece8b52c3f380937fcb0,c71b85e31804b14ee6dc2702467a016f990d1316daf6e6223432b07b64786e85,185646e1b2515913,image/jpeg,416,416,"{""source_folder"": ""grenade""}",462,1.0.0,source-derived label; no independent expert image audit
explosives-a847a50b677d3214,explosives,grenade,test,data/capstone_dataset/test/explosives/explosives-a847a50b677d3214.jpg,rajshivanshuu/weapons_set1,https://huggingface.co/datasets/rajshivanshuu/weapons_set1,https://huggingface.co/datasets/rajshivanshuu/weapons_set1/tree/d4d9dbc8272958820a3f6757e4c48d8987300271,d4d9dbc8272958820a3f6757e4c48d8987300271,grenade/grenade1312_jpg.rf.7e78a9f43c5b8266d2477375c5882654.jpg,https://huggingface.co/datasets/rajshivanshuu/weapons_set1/resolve/d4d9dbc8272958820a3f6757e4c48d8987300271/grenade/grenade1312_jpg.rf.7e78a9f43c5b8266d2477375c5882654.jpg,grenade1312,weapons-set1::grenade::grenade1312,source class plus pre-Roboflow source basename,deterministic_source_group_partition,OSL-3.0,repository-level card metadata only; per-image provenance and rights are absent,https://huggingface.co/datasets/rajshivanshuu/weapons_set1/blob/d4d9dbc8272958820a3f6757e4c48d8987300271/README.md,false,Repository card does not declare synthesis; false is not an authenticity guarantee,,a847a50b677d321433d27979985d21a8477ee9743149c7969f8fb33197ab0c11,a847a50b677d321433d27979985d21a8477ee9743149c7969f8fb33197ab0c11,e3af480983637c41d26d3f45edb468ef5da6428fde6156351b9886bbe63ccac3,484b42c6922113b3,image/jpeg,416,416,"{""source_folder"": ""grenade""}",462,1.0.0,source-derived label; no independent expert image audit
explosives-c0e26c0942ed75ea,explosives,grenade,test,data/capstone_dataset/test/explosives/explosives-c0e26c0942ed75ea.jpg,rajshivanshuu/weapons_set1,https://huggingface.co/datasets/rajshivanshuu/weapons_set1,https://huggingface.co/datasets/rajshivanshuu/weapons_set1/tree/d4d9dbc8272958820a3f6757e4c48d8987300271,d4d9dbc8272958820a3f6757e4c48d8987300271,grenade/grenade1386_jpg.rf.f33e871bd4b4e501b710f002ca9976df.jpg,https://huggingface.co/datasets/rajshivanshuu/weapons_set1/resolve/d4d9dbc8272958820a3f6757e4c48d8987300271/grenade/grenade1386_jpg.rf.f33e871bd4b4e501b710f002ca9976df.jpg,grenade1386,weapons-set1::grenade::grenade1386,source class plus pre-Roboflow source basename,deterministic_source_group_partition,OSL-3.0,repository-level card metadata only; per-image provenance and rights are absent,https://huggingface.co/datasets/rajshivanshuu/weapons_set1/blob/d4d9dbc8272958820a3f6757e4c48d8987300271/README.md,false,Repository card does not declare synthesis; false is not an authenticity guarantee,,c0e26c0942ed75ea29de2ed06a18c3da95258d8bc4e82b25cdfe106b5d3ee572,c0e26c0942ed75ea29de2ed06a18c3da95258d8bc4e82b25cdfe106b5d3ee572,f10c7abfcb6b8b6b7002793e251d7f5cec41ad86653ef667856bcb702f907c29,7e96b55e334a8d34,image/jpeg,416,416,"{""source_folder"": ""grenade""}",462,1.0.0,source-derived label; no independent expert image audit
explosives-e8d08fd830595ace,explosives,grenade,test,data/capstone_dataset/test/explosives/explosives-e8d08fd830595ace.jpg,rajshivanshuu/weapons_set1,https://huggingface.co/datasets/rajshivanshuu/weapons_set1,https://huggingface.co/datasets/rajshivanshuu/weapons_set1/tree/d4d9dbc8272958820a3f6757e4c48d8987300271,d4d9dbc8272958820a3f6757e4c48d8987300271,grenade/grenade1317_jpg.rf.40b3b8421ae20701f8785ece1aab1a6c.jpg,https://huggingface.co/datasets/rajshivanshuu/weapons_set1/resolve/d4d9dbc8272958820a3f6757e4c48d8987300271/grenade/grenade1317_jpg.rf.40b3b8421ae20701f8785ece1aab1a6c.jpg,grenade1317,weapons-set1::grenade::grenade1317,source class plus pre-Roboflow source basename,deterministic_source_group_partition,OSL-3.0,repository-level card metadata only; per-image provenance and rights are absent,https://huggingface.co/datasets/rajshivanshuu/weapons_set1/blob/d4d9dbc8272958820a3f6757e4c48d8987300271/README.md,false,Repository card does not declare synthesis; false is not an authenticity guarantee,,e8d08fd830595ace994d3307e127acb238af648b31172c09d8def422cf0299c8,e8d08fd830595ace994d3307e127acb238af648b31172c09d8def422cf0299c8,eafb17b0d620da1e0495a17a2e657f393c66356c3270e416be2b711cb7cb8e06,170f0f0d06466724,image/jpeg,416,416,"{""source_folder"": ""grenade""}",462,1.0.0,source-derived label; no independent expert image audit
financial_promotion-002cf2ebd1547008,financial_promotion,financial_promotion,test,data/capstone_dataset/test/financial_promotion/financial_promotion-002cf2ebd1547008.jpg,project_generated_financial_creatives_v1,,,e5635c7ddfc9fb3e7ff6332ba68152884b42eb45990e932a16e69e3cdd8d1a57,scripts/build_capstone_dataset.py#financial/mint-money/2,,mint-money:2,pil-financial-campaign::mint-money,campaign id; all three visual variants stay together,deterministic_source_group_partition,project-generated; release terms not declared,no third-party visual assets; team must choose distribution terms,,true,Deterministic PIL renderer in the dataset builder,Pillow drawing primitives; seed 462; generator v1,e5635c7ddfc9fb3e7ff6332ba68152884b42eb45990e932a16e69e3cdd8d1a57,002cf2ebd15470085f7fb469c0954751da63976ae88b16fbf30f729e6d22e4b4,e64314b81e168f54b1a9922c80a3e6d96f6f404e9e805b5fb6574fb418bf7eaa,b2b2c1916c1eccc9,image/jpeg,640,640,"{""brand"": ""MINT MONEY"", ""campaign_id"": ""mint-money"", ""headline"": ""Track spending and saving"", ""offer"": ""Free sample plan"", ""product"": ""Finance app"", ""variant"": ""2""}",462,1.0.0,controlled generator label; text says simulated creative
financial_promotion-23946c22edc030a1,financial_promotion,financial_promotion,test,data/capstone_dataset/test/financial_promotion/financial_promotion-23946c22edc030a1.jpg,project_generated_financial_creatives_v1,,,e5635c7ddfc9fb3e7ff6332ba68152884b42eb45990e932a16e69e3cdd8d1a57,scripts/build_capstone_dataset.py#financial/unity-wealth/1,,unity-wealth:1,pil-financial-campaign::unity-wealth,campaign id; all three visual variants stay together,deterministic_source_group_partition,project-generated; release terms not declared,no third-party visual assets; team must choose distribution terms,,true,Deterministic PIL renderer in the dataset builder,Pillow drawing primitives; seed 462; generator v1,e5635c7ddfc9fb3e7ff6332ba68152884b42eb45990e932a16e69e3cdd8d1a57,23946c22edc030a13dafe9badb7e30ce26108b0bcb4fbeb739b877854e116691,d5e96ba2833271e66c7b6965dc7b070c52b8fc9574166bdaf7d024edf85e356f,b6b29999641eccc8,image/jpeg,640,640,"{""brand"": ""UNITY WEALTH"", ""campaign_id"": ""unity-wealth"", ""headline"": ""Advice for changing goals"", ""offer"": ""Sample consultation"", ""product"": ""Wealth planning"", ""variant"": ""1""}",462,1.0.0,controlled generator label; text says simulated creative
financial_promotion-242b15ff33190eea,financial_promotion,financial_promotion,test,data/capstone_dataset/test/financial_promotion/financial_promotion-242b15ff33190eea.jpg,project_generated_financial_creatives_v1,,,e5635c7ddfc9fb3e7ff6332ba68152884b42eb45990e932a16e69e3cdd8d1a57,scripts/build_capstone_dataset.py#financial/jade-markets/1,,jade-markets:1,pil-financial-campaign::jade-markets,campaign id; all three visual variants stay together,deterministic_source_group_partition,project-generated; release terms not declared,no third-party visual assets; team must choose distribution terms,,true,Deterministic PIL renderer in the dataset builder,Pillow drawing primitives; seed 462; generator v1,e5635c7ddfc9fb3e7ff6332ba68152884b42eb45990e932a16e69e3cdd8d1a57,242b15ff33190eeaa1dcfb89085536a4b773e3d69451c7b951d12e83f5f5ae51,95e16416eb57864ed78e1de65c4a0479c1807800c6e28caf9ef22c68d73a23ee,b2b29191641eccc9,image/jpeg,640,640,"{""brand"": ""JADE MARKETS"", ""campaign_id"": ""jade-markets"", ""headline"": ""Research before you trade"", ""offer"": ""Live sample chart"", ""product"": ""Market analytics"", ""variant"": ""1""}",462,1.0.0,controlled generator label; text says simulated creative
financial_promotion-2cdff0da9fef3590,financial_promotion,financial_promotion,test,data/capstone_dataset/test/financial_promotion/financial_promotion-2cdff0da9fef3590.jpg,project_generated_financial_creatives_v1,,,e5635c7ddfc9fb3e7ff6332ba68152884b42eb45990e932a16e69e3cdd8d1a57,scripts/build_capstone_dataset.py#financial/nova-options/2,,nova-options:2,pil-financial-campaign::nova-options,campaign id; all three visual variants stay together,deterministic_source_group_partition,project-generated; release terms not declared,no third-party visual assets; team must choose distribution terms,,true,Deterministic PIL renderer in the dataset builder,Pillow drawing primitives; seed 462; generator v1,e5635c7ddfc9fb3e7ff6332ba68152884b42eb45990e932a16e69e3cdd8d1a57,2cdff0da9fef359020f61b0c78bd34793161b0463baedb07a70b80350e100168,fe3ee39722d4677b27de9aa632ba8964885ad02c8c0944e4aa933e2ad4bd1b5e,b2b2a9c97c1cccc9,image/jpeg,640,640,"{""brand"": ""NOVA OPTIONS"", ""campaign_id"": ""nova-options"", ""headline"": ""Learn options with a simulator"", ""offer"": ""Practice mode"", ""product"": ""Options trading"", ""variant"": ""2""}",462,1.0.0,controlled generator label; text says simulated creative
financial_promotion-3d78e80cc6d28821,financial_promotion,financial_promotion,test,data/capstone_dataset/test/financial_promotion/financial_promotion-3d78e80cc6d28821.jpg,project_generated_financial_creatives_v1,,,e5635c7ddfc9fb3e7ff6332ba68152884b42eb45990e932a16e69e3cdd8d1a57,scripts/build_capstone_dataset.py#financial/unity-wealth/0,,unity-wealth:0,pil-financial-campaign::unity-wealth,campaign id; all three visual variants stay together,deterministic_source_group_partition,project-generated; release terms not declared,no third-party visual assets; team must choose distribution terms,,true,Deterministic PIL renderer in the dataset builder,Pillow drawing primitives; seed 462; generator v1,e5635c7ddfc9fb3e7ff6332ba68152884b42eb45990e932a16e69e3cdd8d1a57,3d78e80cc6d28821650bd01a87785a9d1acd0976ab9200dd3980c9fb88000e93,fc3388db1b2f62f02e570998839cb49d38ca1dd39b03f4f59c8a32ceda4c30fa,bab299196c7eccc9,image/jpeg,640,640,"{""brand"": ""UNITY WEALTH"", ""campaign_id"": ""unity-wealth"", ""headline"": ""Advice for changing goals"", ""offer"": ""Sample consultation"", ""product"": ""Wealth planning"", ""variant"": ""0""}",462,1.0.0,controlled generator label; text says simulated creative
financial_promotion-4f481738cb3c1bed,financial_promotion,financial_promotion,test,data/capstone_dataset/test/financial_promotion/financial_promotion-4f481738cb3c1bed.jpg,project_generated_financial_creatives_v1,,,e5635c7ddfc9fb3e7ff6332ba68152884b42eb45990e932a16e69e3cdd8d1a57,scripts/build_capstone_dataset.py#financial/jade-markets/2,,jade-markets:2,pil-financial-campaign::jade-markets,campaign id; all three visual variants stay together,deterministic_source_group_partition,project-generated; release terms not declared,no third-party visual assets; team must choose distribution terms,,true,Deterministic PIL renderer in the dataset builder,Pillow drawing primitives; seed 462; generator v1,e5635c7ddfc9fb3e7ff6332ba68152884b42eb45990e932a16e69e3cdd8d1a57,4f481738cb3c1bed60844626fdb8fe6c6d06fa2c0bef066c8eea32aaf049b751,2ca7dfb86024613a662a20bc45ba1fdbb9c2afc052f89fe4c8d06249655a1b69,b2b2919d6c1ecc89,image/jpeg,640,640,"{""brand"": ""JADE MARKETS"", ""campaign_id"": ""jade-markets"", ""headline"": ""Research before you trade"", ""offer"": ""Live sample chart"", ""product"": ""Market analytics"", ""variant"": ""2""}",462,1.0.0,controlled generator label; text says simulated creative
financial_promotion-579b58a29a7d955f,financial_promotion,financial_promotion,test,data/capstone_dataset/test/financial_promotion/financial_promotion-579b58a29a7d955f.jpg,project_generated_financial_creatives_v1,,,e5635c7ddfc9fb3e7ff6332ba68152884b42eb45990e932a16e69e3cdd8d1a57,scripts/build_capstone_dataset.py#financial/mint-money/1,,mint-money:1,pil-financial-campaign::mint-money,campaign id; all three visual variants stay together,deterministic_source_group_partition,project-generated; release terms not declared,no third-party visual assets; team must choose distribution terms,,true,Deterministic PIL renderer in the dataset builder,Pillow drawing primitives; seed 462; generator v1,e5635c7ddfc9fb3e7ff6332ba68152884b42eb45990e932a16e69e3cdd8d1a57,579b58a29a7d955fe36b897b117ca601b52b8f476e48ea32a1907cc4140fe96b,86ab99bb3038424cf239a20b618e8cc6cb7a928f9f08aee7c07aa2dfbb59a8e2,bab6d1916c3eccc9,image/jpeg,640,640,"{""brand"": ""MINT MONEY"", ""campaign_id"": ""mint-money"", ""headline"": ""Track spending and saving"", ""offer"": ""Free sample plan"", ""product"": ""Finance app"", ""variant"": ""1""}",462,1.0.0,controlled generator label; text says simulated creative
financial_promotion-5e3fb17f6be733b0,financial_promotion,financial_promotion,test,data/capstone_dataset/test/financial_promotion/financial_promotion-5e3fb17f6be733b0.jpg,project_generated_financial_creatives_v1,,,e5635c7ddfc9fb3e7ff6332ba68152884b42eb45990e932a16e69e3cdd8d1a57,scripts/build_capstone_dataset.py#financial/unity-wealth/2,,unity-wealth:2,pil-financial-campaign::unity-wealth,campaign id; all three visual variants stay together,deterministic_source_group_partition,project-generated; release terms not declared,no third-party visual assets; team must choose distribution terms,,true,Deterministic PIL renderer in the dataset builder,Pillow drawing primitives; seed 462; generator v1,e5635c7ddfc9fb3e7ff6332ba68152884b42eb45990e932a16e69e3cdd8d1a57,5e3fb17f6be733b03684a16b1c5eee592c39562efec3350f690ab9a432401ccf,06fc2f683c3c4a2d970e2d8ecc91a38139de285593f797f3487b3492b1644e2a,beb29999443eccc9,image/jpeg,640,640,"{""brand"": ""UNITY WEALTH"", ""campaign_id"": ""unity-wealth"", ""headline"": ""Advice for changing goals"", ""offer"": ""Sample consultation"", ""product"": ""Wealth planning"", ""variant"": ""2""}",462,1.0.0,controlled generator label; text says simulated creative
financial_promotion-8671ce21d856cb62,financial_promotion,financial_promotion,test,data/capstone_dataset/test/financial_promotion/financial_promotion-8671ce21d856cb62.jpg,project_generated_financial_creatives_v1,,,e5635c7ddfc9fb3e7ff6332ba68152884b42eb45990e932a16e69e3cdd8d1a57,scripts/build_capstone_dataset.py#financial/nova-options/0,,nova-options:0,pil-financial-campaign::nova-options,campaign id; all three visual variants stay together,deterministic_source_group_partition,project-generated; release terms not declared,no third-party visual assets; team must choose distribution terms,,true,Deterministic PIL renderer in the dataset builder,Pillow drawing primitives; seed 462; generator v1,e5635c7ddfc9fb3e7ff6332ba68152884b42eb45990e932a16e69e3cdd8d1a57,8671ce21d856cb62aeb5281fa1b58cea07c12d153c336de50d20a53e9a742a4c,e03f7cf0f20e88cc4c3a5d5e4ab600732c8e9eaaed40b6fbcf36214b30a3db50,bab2a94d7c7cccc9,image/jpeg,640,640,"{""brand"": ""NOVA OPTIONS"", ""campaign_id"": ""nova-options"", ""headline"": ""Learn options with a simulator"", ""offer"": ""Practice mode"", ""product"": ""Options trading"", ""variant"": ""0""}",462,1.0.0,controlled generator label; text says simulated creative
financial_promotion-94f6aab8f39043d3,financial_promotion,financial_promotion,test,data/capstone_dataset/test/financial_promotion/financial_promotion-94f6aab8f39043d3.jpg,project_generated_financial_creatives_v1,,,e5635c7ddfc9fb3e7ff6332ba68152884b42eb45990e932a16e69e3cdd8d1a57,scripts/build_capstone_dataset.py#financial/nova-options/1,,nova-options:1,pil-financial-campaign::nova-options,campaign id; all three visual variants stay together,deterministic_source_group_partition,project-generated; release terms not declared,no third-party visual assets; team must choose distribution terms,,true,Deterministic PIL renderer in the dataset builder,Pillow drawing primitives; seed 462; generator v1,e5635c7ddfc9fb3e7ff6332ba68152884b42eb45990e932a16e69e3cdd8d1a57,94f6aab8f39043d304f60fed3a05a92c9aeccda902f610e45d5a8ecf9078a5f9,5b1b4d77739a1ff9e180807163e1e40dd3e684bb9b5fb02dc95f2e8e0c637a7e,bab6a9cd7c7cccc9,image/jpeg,640,640,"{""brand"": ""NOVA OPTIONS"", ""campaign_id"": ""nova-options"", ""headline"": ""Learn options with a simulator"", ""offer"": ""Practice mode"", ""product"": ""Options trading"", ""variant"": ""1""}",462,1.0.0,controlled generator label; text says simulated creative
financial_promotion-faae33202f57c3ca,financial_promotion,financial_promotion,test,data/capstone_dataset/test/financial_promotion/financial_promotion-faae33202f57c3ca.jpg,project_generated_financial_creatives_v1,,,e5635c7ddfc9fb3e7ff6332ba68152884b42eb45990e932a16e69e3cdd8d1a57,scripts/build_capstone_dataset.py#financial/mint-money/0,,mint-money:0,pil-financial-campaign::mint-money,campaign id; all three visual variants stay together,deterministic_source_group_partition,project-generated; release terms not declared,no third-party visual assets; team must choose distribution terms,,true,Deterministic PIL renderer in the dataset builder,Pillow drawing primitives; seed 462; generator v1,e5635c7ddfc9fb3e7ff6332ba68152884b42eb45990e932a16e69e3cdd8d1a57,faae33202f57c3cacbd110f534852eab9748622f87cf2495fb03bace7ffdf8ff,1f82eccb57963125b00000de8987436e80feec84ccb338c961e9e04c89b83a70,b4b281996c3eccc9,image/jpeg,640,640,"{""brand"": ""MINT MONEY"", ""campaign_id"": ""mint-money"", ""headline"": ""Track spending and saving"", ""offer"": ""Free sample plan"", ""product"": ""Finance app"", ""variant"": ""0""}",462,1.0.0,controlled generator label; text says simulated creative
financial_promotion-ff884f7cd86b4295,financial_promotion,financial_promotion,test,data/capstone_dataset/test/financial_promotion/financial_promotion-ff884f7cd86b4295.jpg,project_generated_financial_creatives_v1,,,e5635c7ddfc9fb3e7ff6332ba68152884b42eb45990e932a16e69e3cdd8d1a57,scripts/build_capstone_dataset.py#financial/jade-markets/0,,jade-markets:0,pil-financial-campaign::jade-markets,campaign id; all three visual variants stay together,deterministic_source_group_partition,project-generated; release terms not declared,no third-party visual assets; team must choose distribution terms,,true,Deterministic PIL renderer in the dataset builder,Pillow drawing primitives; seed 462; generator v1,e5635c7ddfc9fb3e7ff6332ba68152884b42eb45990e932a16e69e3cdd8d1a57,ff884f7cd86b42958557f0821180db3aaf8fd9a7015c98bde5cd84ca502113ef,fd48a3e07198ad2b96297324aca25b4d41f3d247a40db55b6e7fdcc476fdae94,b2b291956c1eccc8,image/jpeg,640,640,"{""brand"": ""JADE MARKETS"", ""campaign_id"": ""jade-markets"", ""headline"": ""Research before you trade"", ""offer"": ""Live sample chart"", ""product"": ""Market analytics"", ""variant"": ""0""}",462,1.0.0,controlled generator label; text says simulated creative
